-22,4,GcGvtfV5/V8H7gg0ItBw22vG8+k=,yO1Cv+vnghJxc4hqhW5nixDXbUI=
-23,4,GcGvtfV5/V8H7gg0ItBw22vG8+k=,vcWEPf/jfNvjeenyrFSGhtq9bBQ=
-22,3,GcGvtfV5/V8H7gg0ItBw22vG8+k=,xf1Yvmxwy6r5UBLY0RADZIUY3cY=
-23,3,Iz45K45HAjXkuGT1qXDbCdXR1d0=,sniop4fRQk1ADo5ADoTkA6cfC/M=
-18,4,Iz45K45HAjXkuGT1qXDbCdXR1d0=,4XVPtJSiiekLIQo3XFpl3RcNAI4=
-19,4,Iz45K45HAjXkuGT1qXDbCdXR1d0=,lLTWelOWB69IEs/prZatpDjS9aI=
-18,3,Iz45K45HAjXkuGT1qXDbCdXR1d0=,T1hPgmvY5YKXWnV7E1Mu55b3Tr4=
-21,3,Iz45K45HAjXkuGT1qXDbCdXR1d0=,xf1Yvmxwy6r5UBLY0RADZIUY3cY=
-19,3,Iz45K45HAjXkuGT1qXDbCdXR1d0=,wMhLYrnehr/QRJfCYmHOOkMziuM=
-20,4,Iz45K45HAjXkuGT1qXDbCdXR1d0=,lLTWelOWB69IEs/prZatpDjS9aI=
-21,4,Iz45K45HAjXkuGT1qXDbCdXR1d0=,yO1Cv+vnghJxc4hqhW5nixDXbUI=
-20,3,Iz45K45HAjXkuGT1qXDbCdXR1d0=,wMhLYrnehr/QRJfCYmHOOkMziuM=
-18,6,Iz45K45HAjXkuGT1qXDbCdXR1d0=,LKyj5XmJI11b0XalYYs7L8NASck=
-19,6,Iz45K45HAjXkuGT1qXDbCdXR1d0=,zWHm/ApsWpaunhh8SXh0yeCJ0S8=
-19,5,Iz45K45HAjXkuGT1qXDbCdXR1d0=,lLTWelOWB69IEs/prZatpDjS9aI=
-18,5,Iz45K45HAjXkuGT1qXDbCdXR1d0=,4XVPtJSiiekLIQo3XFpl3RcNAI4=
-19,7,Iz45K45HAjXkuGT1qXDbCdXR1d0=,zWHm/ApsWpaunhh8SXh0yeCJ0S8=
-18,7,Iz45K45HAjXkuGT1qXDbCdXR1d0=,LKyj5XmJI11b0XalYYs7L8NASck=
-19,8,Iz45K45HAjXkuGT1qXDbCdXR1d0=,pV7D+HzP0cCRKCLr+yK8b0RfLuo=
-18,8,Iz45K45HAjXkuGT1qXDbCdXR1d0=,cacqhiKf12+Rq2pda0DYBecE9co=
-18,10,Iz45K45HAjXkuGT1qXDbCdXR1d0=,HGPvjavPqvguqMInl6TOUo2OPmI=
-19,9,Iz45K45HAjXkuGT1qXDbCdXR1d0=,pV7D+HzP0cCRKCLr+yK8b0RfLuo=
-19,10,Q5Z7YvPmWxrvlBlO9xz020wIBEs=,ELZmBxKncapLCNgqd6zODZOu6II=
-18,9,Q5Z7YvPmWxrvlBlO9xz020wIBEs=,cacqhiKf12+Rq2pda0DYBecE9co=
-19,12,Q5Z7YvPmWxrvlBlO9xz020wIBEs=,5wcrHZOYy5WmUs8N+LAJE12nq3M=
-18,11,Q5Z7YvPmWxrvlBlO9xz020wIBEs=,HGPvjavPqvguqMInl6TOUo2OPmI=
-19,11,Q5Z7YvPmWxrvlBlO9xz020wIBEs=,ELZmBxKncapLCNgqd6zODZOu6II=
-18,12,Q5Z7YvPmWxrvlBlO9xz020wIBEs=,AK6vHzVUWxKHX1RxIpc6q+LHagw=
-18,14,Q5Z7YvPmWxrvlBlO9xz020wIBEs=,UAwDn3Y0cntVhM/bJlGmU4VjiQ4=
-18,13,Q5Z7YvPmWxrvlBlO9xz020wIBEs=,AK6vHzVUWxKHX1RxIpc6q+LHagw=
-19,14,Q5Z7YvPmWxrvlBlO9xz020wIBEs=,IhZxqR0qqGBhkpjSThxyzy9tPXo=
-19,13,Q5Z7YvPmWxrvlBlO9xz020wIBEs=,5wcrHZOYy5WmUs8N+LAJE12nq3M=
-20,14,Q5Z7YvPmWxrvlBlO9xz020wIBEs=,IhZxqR0qqGBhkpjSThxyzy9tPXo=
-21,14,Q5Z7YvPmWxrvlBlO9xz020wIBEs=,sdt2BBTrz8Vc4L9nQrmORh3JB3o=
-20,13,Q5Z7YvPmWxrvlBlO9xz020wIBEs=,5wcrHZOYy5WmUs8N+LAJE12nq3M=
-21,13,Q5Z7YvPmWxrvlBlO9xz020wIBEs=,aumzqVPSEgji/CbE/HvXYINKSqo=
-22,14,Q5Z7YvPmWxrvlBlO9xz020wIBEs=,sdt2BBTrz8Vc4L9nQrmORh3JB3o=
-23,13,Q5Z7YvPmWxrvlBlO9xz020wIBEs=,HdMPS0jI8UcCpGbCv35FD1Da+H4=
-23,14,Q5Z7YvPmWxrvlBlO9xz020wIBEs=,ptVAmWyEa6HgPUB7BwWOOwdW+LY=
-22,13,Q5Z7YvPmWxrvlBlO9xz020wIBEs=,aumzqVPSEgji/CbE/HvXYINKSqo=
-24,14,Q5Z7YvPmWxrvlBlO9xz020wIBEs=,ptVAmWyEa6HgPUB7BwWOOwdW+LY=
-25,13,Q5Z7YvPmWxrvlBlO9xz020wIBEs=,ddvdu4zgYSsNt8b7X5f/n7pQumI=
-24,13,Q5Z7YvPmWxrvlBlO9xz020wIBEs=,HdMPS0jI8UcCpGbCv35FD1Da+H4=
-25,14,Q5Z7YvPmWxrvlBlO9xz020wIBEs=,W+SRPn1ZvdKAHjUHQ/j+DxHY0Tc=
-24,3,Q5Z7YvPmWxrvlBlO9xz020wIBEs=,sniop4fRQk1ADo5ADoTkA6cfC/M=
-24,4,Q5Z7YvPmWxrvlBlO9xz020wIBEs=,vcWEPf/jfNvjeenyrFSGhtq9bBQ=
-25,3,Q5Z7YvPmWxrvlBlO9xz020wIBEs=,WQQA1M1eeRPAWNu6e+VS6bqmoME=
-25,4,Q5Z7YvPmWxrvlBlO9xz020wIBEs=,H/895rpqmQXOKNoBQjw6BZoF/tU=
-27,3,xf1U+VZ/h4bNJFOW6lyAPp3Pov4=,o+TgPv01156GalWs1bTpeSs8xys=
-26,4,xf1U+VZ/h4bNJFOW6lyAPp3Pov4=,H/895rpqmQXOKNoBQjw6BZoF/tU=
-27,4,xf1U+VZ/h4bNJFOW6lyAPp3Pov4=,vLO1sCguDZlas1VWgwj2Lx1zfyI=
-26,3,xf1U+VZ/h4bNJFOW6lyAPp3Pov4=,WQQA1M1eeRPAWNu6e+VS6bqmoME=
-28,4,xf1U+VZ/h4bNJFOW6lyAPp3Pov4=,vLO1sCguDZlas1VWgwj2Lx1zfyI=
-28,3,f8d7ui66zW04Yur6wnFcq8+qZ5Y=,o+TgPv01156GalWs1bTpeSs8xys=
-29,3,f8d7ui66zW04Yur6wnFcq8+qZ5Y=,Z6vMuEKzbB9RjZxXVduwBRpvqgc=
-31,4,f8d7ui66zW04Yur6wnFcq8+qZ5Y=,GGhJNoi+lTD0Gc27JeNk19TLHhk=
-29,4,f8d7ui66zW04Yur6wnFcq8+qZ5Y=,hOOwZI9zrrjJU6E8mJbT4IIxIcE=
-31,1,f8d7ui66zW04Yur6wnFcq8+qZ5Y=,z8RpcuXTj41I3GN+3MajqVpfV9E=
-30,4,f8d7ui66zW04Yur6wnFcq8+qZ5Y=,hOOwZI9zrrjJU6E8mJbT4IIxIcE=
-31,3,f8d7ui66zW04Yur6wnFcq8+qZ5Y=,cXRDe4+BoC9KvX1pxAKL0O9e+QA=
-30,3,f8d7ui66zW04Yur6wnFcq8+qZ5Y=,Z6vMuEKzbB9RjZxXVduwBRpvqgc=
-30,1,f8d7ui66zW04Yur6wnFcq8+qZ5Y=,seH6auifli6/7ZJg9g931cv5WXQ=
-30,2,f8d7ui66zW04Yur6wnFcq8+qZ5Y=,Z6vMuEKzbB9RjZxXVduwBRpvqgc=
-31,5,T5ACY4Jm8WSgvTQFqkeY6zU/zjg=,GGhJNoi+lTD0Gc27JeNk19TLHhk=
-31,2,T5ACY4Jm8WSgvTQFqkeY6zU/zjg=,cXRDe4+BoC9KvX1pxAKL0O9e+QA=
-30,5,T5ACY4Jm8WSgvTQFqkeY6zU/zjg=,hOOwZI9zrrjJU6E8mJbT4IIxIcE=
-30,6,T5ACY4Jm8WSgvTQFqkeY6zU/zjg=,Ms4R7r8kl4U1/evQ88gc1SCI5E8=
-31,6,T5ACY4Jm8WSgvTQFqkeY6zU/zjg=,Qu7+QgaTK7EOkiBupJ2odTzp8WM=
-28,6,T5ACY4Jm8WSgvTQFqkeY6zU/zjg=,C4kVKM1siE+A+h2dVlM8NbQ/oVs=
-26,8,T5ACY4Jm8WSgvTQFqkeY6zU/zjg=,hyL3E+Lz06pLERRPCD5IWZFz2Z8=
-29,6,T5ACY4Jm8WSgvTQFqkeY6zU/zjg=,Ms4R7r8kl4U1/evQ88gc1SCI5E8=
-27,6,T5ACY4Jm8WSgvTQFqkeY6zU/zjg=,C4kVKM1siE+A+h2dVlM8NbQ/oVs=
-29,5,tYf/j/1upPRqvgNbkRUceQX8L+c=,hOOwZI9zrrjJU6E8mJbT4IIxIcE=
-27,7,tYf/j/1upPRqvgNbkRUceQX8L+c=,C4kVKM1siE+A+h2dVlM8NbQ/oVs=
-27,8,tYf/j/1upPRqvgNbkRUceQX8L+c=,ehLJnYCmjgMwihWxW2tt4k6OLqs=
-26,7,tYf/j/1upPRqvgNbkRUceQX8L+c=,hoRGUwdVjbNtMsNpICplHzfe+o8=
-26,6,tYf/j/1upPRqvgNbkRUceQX8L+c=,hoRGUwdVjbNtMsNpICplHzfe+o8=
-26,5,tYf/j/1upPRqvgNbkRUceQX8L+c=,H/895rpqmQXOKNoBQjw6BZoF/tU=
-27,5,tYf/j/1upPRqvgNbkRUceQX8L+c=,vLO1sCguDZlas1VWgwj2Lx1zfyI=
-28,7,tYf/j/1upPRqvgNbkRUceQX8L+c=,C4kVKM1siE+A+h2dVlM8NbQ/oVs=
-28,5,hD1kPUDLmXUj05MMkDmPoCH8IPI=,vLO1sCguDZlas1VWgwj2Lx1zfyI=
-28,8,hD1kPUDLmXUj05MMkDmPoCH8IPI=,ehLJnYCmjgMwihWxW2tt4k6OLqs=
-29,7,hD1kPUDLmXUj05MMkDmPoCH8IPI=,Ms4R7r8kl4U1/evQ88gc1SCI5E8=
-31,7,hD1kPUDLmXUj05MMkDmPoCH8IPI=,Qu7+QgaTK7EOkiBupJ2odTzp8WM=
-30,7,hD1kPUDLmXUj05MMkDmPoCH8IPI=,Ms4R7r8kl4U1/evQ88gc1SCI5E8=
-29,8,hD1kPUDLmXUj05MMkDmPoCH8IPI=,VgeCSTwB6td2/RuifE/fnmUu9O4=
-30,10,hD1kPUDLmXUj05MMkDmPoCH8IPI=,qzrjYwN0wnn+PtUu6V5qhNjCEvM=
-31,8,hD1kPUDLmXUj05MMkDmPoCH8IPI=,Q645ahoqtnAaGjLMm/tzOlG4ihM=
-30,8,hD1kPUDLmXUj05MMkDmPoCH8IPI=,VgeCSTwB6td2/RuifE/fnmUu9O4=
-31,9,hD1kPUDLmXUj05MMkDmPoCH8IPI=,Q645ahoqtnAaGjLMm/tzOlG4ihM=
-27,9,hD1kPUDLmXUj05MMkDmPoCH8IPI=,ehLJnYCmjgMwihWxW2tt4k6OLqs=
-29,9,hD1kPUDLmXUj05MMkDmPoCH8IPI=,VgeCSTwB6td2/RuifE/fnmUu9O4=
-31,10,hD1kPUDLmXUj05MMkDmPoCH8IPI=,DZpof/G4JcrFTeyVgq5+noz+MdI=
-30,9,hD1kPUDLmXUj05MMkDmPoCH8IPI=,VgeCSTwB6td2/RuifE/fnmUu9O4=
-26,9,hD1kPUDLmXUj05MMkDmPoCH8IPI=,hyL3E+Lz06pLERRPCD5IWZFz2Z8=
-28,10,hD1kPUDLmXUj05MMkDmPoCH8IPI=,Y1UpU5hNO8XbH40zXwLxScEwTL0=
-27,10,hD1kPUDLmXUj05MMkDmPoCH8IPI=,Y1UpU5hNO8XbH40zXwLxScEwTL0=
-27,12,hD1kPUDLmXUj05MMkDmPoCH8IPI=,4uL+QvEieqh5KF/5ojdhhjNqU/E=
-26,10,hD1kPUDLmXUj05MMkDmPoCH8IPI=,S+3IzsnyLh9oavECmwjqovRwKHU=
-28,9,hD1kPUDLmXUj05MMkDmPoCH8IPI=,ehLJnYCmjgMwihWxW2tt4k6OLqs=
-29,10,hD1kPUDLmXUj05MMkDmPoCH8IPI=,qzrjYwN0wnn+PtUu6V5qhNjCEvM=
-26,12,hD1kPUDLmXUj05MMkDmPoCH8IPI=,ddvdu4zgYSsNt8b7X5f/n7pQumI=
-28,12,hD1kPUDLmXUj05MMkDmPoCH8IPI=,4uL+QvEieqh5KF/5ojdhhjNqU/E=
-27,11,hD1kPUDLmXUj05MMkDmPoCH8IPI=,Y1UpU5hNO8XbH40zXwLxScEwTL0=
-28,11,hD1kPUDLmXUj05MMkDmPoCH8IPI=,Y1UpU5hNO8XbH40zXwLxScEwTL0=
-29,12,hD1kPUDLmXUj05MMkDmPoCH8IPI=,jcqCp+lfFijXYFH7lS3YTZqTUr0=
-26,11,hD1kPUDLmXUj05MMkDmPoCH8IPI=,S+3IzsnyLh9oavECmwjqovRwKHU=
-29,11,hD1kPUDLmXUj05MMkDmPoCH8IPI=,qzrjYwN0wnn+PtUu6V5qhNjCEvM=
-30,12,hD1kPUDLmXUj05MMkDmPoCH8IPI=,jcqCp+lfFijXYFH7lS3YTZqTUr0=
-30,11,hD1kPUDLmXUj05MMkDmPoCH8IPI=,qzrjYwN0wnn+PtUu6V5qhNjCEvM=
-24,15,hD1kPUDLmXUj05MMkDmPoCH8IPI=,ptVAmWyEa6HgPUB7BwWOOwdW+LY=
-25,15,hD1kPUDLmXUj05MMkDmPoCH8IPI=,W+SRPn1ZvdKAHjUHQ/j+DxHY0Tc=
-31,12,hD1kPUDLmXUj05MMkDmPoCH8IPI=,8jBwhcNNGKTbhCONBFB3xxgFRpc=
-23,15,hD1kPUDLmXUj05MMkDmPoCH8IPI=,ptVAmWyEa6HgPUB7BwWOOwdW+LY=
-31,11,hD1kPUDLmXUj05MMkDmPoCH8IPI=,DZpof/G4JcrFTeyVgq5+noz+MdI=
-22,15,hD1kPUDLmXUj05MMkDmPoCH8IPI=,sdt2BBTrz8Vc4L9nQrmORh3JB3o=
-30,13,hD1kPUDLmXUj05MMkDmPoCH8IPI=,jcqCp+lfFijXYFH7lS3YTZqTUr0=
-21,15,hD1kPUDLmXUj05MMkDmPoCH8IPI=,sdt2BBTrz8Vc4L9nQrmORh3JB3o=
-31,13,hD1kPUDLmXUj05MMkDmPoCH8IPI=,8jBwhcNNGKTbhCONBFB3xxgFRpc=
-17,14,hD1kPUDLmXUj05MMkDmPoCH8IPI=,UAwDn3Y0cntVhM/bJlGmU4VjiQ4=
-30,14,hD1kPUDLmXUj05MMkDmPoCH8IPI=,M6KdkbrJlnxkVS6mdoQvuWupt30=
-17,13,hD1kPUDLmXUj05MMkDmPoCH8IPI=,AK6vHzVUWxKHX1RxIpc6q+LHagw=
-17,8,hD1kPUDLmXUj05MMkDmPoCH8IPI=,cacqhiKf12+Rq2pda0DYBecE9co=
-18,15,hD1kPUDLmXUj05MMkDmPoCH8IPI=,UAwDn3Y0cntVhM/bJlGmU4VjiQ4=
-19,15,hD1kPUDLmXUj05MMkDmPoCH8IPI=,IhZxqR0qqGBhkpjSThxyzy9tPXo=
-17,7,hD1kPUDLmXUj05MMkDmPoCH8IPI=,LKyj5XmJI11b0XalYYs7L8NASck=
-20,15,hD1kPUDLmXUj05MMkDmPoCH8IPI=,IhZxqR0qqGBhkpjSThxyzy9tPXo=
-17,12,hD1kPUDLmXUj05MMkDmPoCH8IPI=,AK6vHzVUWxKHX1RxIpc6q+LHagw=
-17,9,hD1kPUDLmXUj05MMkDmPoCH8IPI=,cacqhiKf12+Rq2pda0DYBecE9co=
-17,11,hD1kPUDLmXUj05MMkDmPoCH8IPI=,HGPvjavPqvguqMInl6TOUo2OPmI=
-31,15,hD1kPUDLmXUj05MMkDmPoCH8IPI=,EuEje649hDDQfJJ+/grAuvzaoFQ=
-17,6,hD1kPUDLmXUj05MMkDmPoCH8IPI=,LKyj5XmJI11b0XalYYs7L8NASck=
-17,10,hD1kPUDLmXUj05MMkDmPoCH8IPI=,HGPvjavPqvguqMInl6TOUo2OPmI=
-29,15,hD1kPUDLmXUj05MMkDmPoCH8IPI=,M6KdkbrJlnxkVS6mdoQvuWupt30=
-27,13,hD1kPUDLmXUj05MMkDmPoCH8IPI=,4uL+QvEieqh5KF/5ojdhhjNqU/E=
-17,4,hD1kPUDLmXUj05MMkDmPoCH8IPI=,4XVPtJSiiekLIQo3XFpl3RcNAI4=
-30,15,hD1kPUDLmXUj05MMkDmPoCH8IPI=,M6KdkbrJlnxkVS6mdoQvuWupt30=
-31,14,hD1kPUDLmXUj05MMkDmPoCH8IPI=,EuEje649hDDQfJJ+/grAuvzaoFQ=
-26,14,hD1kPUDLmXUj05MMkDmPoCH8IPI=,W+SRPn1ZvdKAHjUHQ/j+DxHY0Tc=
-26,13,hD1kPUDLmXUj05MMkDmPoCH8IPI=,ddvdu4zgYSsNt8b7X5f/n7pQumI=
-26,15,hD1kPUDLmXUj05MMkDmPoCH8IPI=,W+SRPn1ZvdKAHjUHQ/j+DxHY0Tc=
-27,15,hD1kPUDLmXUj05MMkDmPoCH8IPI=,yAkNxLG1qVxhYoe67n6xXsCRI7I=
-29,13,hD1kPUDLmXUj05MMkDmPoCH8IPI=,jcqCp+lfFijXYFH7lS3YTZqTUr0=
-28,13,hD1kPUDLmXUj05MMkDmPoCH8IPI=,4uL+QvEieqh5KF/5ojdhhjNqU/E=
-29,14,hD1kPUDLmXUj05MMkDmPoCH8IPI=,M6KdkbrJlnxkVS6mdoQvuWupt30=
-28,14,hD1kPUDLmXUj05MMkDmPoCH8IPI=,yAkNxLG1qVxhYoe67n6xXsCRI7I=
-28,15,hD1kPUDLmXUj05MMkDmPoCH8IPI=,yAkNxLG1qVxhYoe67n6xXsCRI7I=
-17,5,hD1kPUDLmXUj05MMkDmPoCH8IPI=,4XVPtJSiiekLIQo3XFpl3RcNAI4=
-17,3,hD1kPUDLmXUj05MMkDmPoCH8IPI=,T1hPgmvY5YKXWnV7E1Mu55b3Tr4=
-19,2,hD1kPUDLmXUj05MMkDmPoCH8IPI=,wMhLYrnehr/QRJfCYmHOOkMziuM=
-18,2,hD1kPUDLmXUj05MMkDmPoCH8IPI=,T1hPgmvY5YKXWnV7E1Mu55b3Tr4=
-21,2,hD1kPUDLmXUj05MMkDmPoCH8IPI=,xf1Yvmxwy6r5UBLY0RADZIUY3cY=
-18,1,hD1kPUDLmXUj05MMkDmPoCH8IPI=,e4I/7O39rQSpbFjSNgqRfEBZdDA=
-20,1,hD1kPUDLmXUj05MMkDmPoCH8IPI=,dGnrGy2czHXU3X8mJ3i/hoQdP+s=
-20,2,hD1kPUDLmXUj05MMkDmPoCH8IPI=,wMhLYrnehr/QRJfCYmHOOkMziuM=
-23,2,hD1kPUDLmXUj05MMkDmPoCH8IPI=,sniop4fRQk1ADo5ADoTkA6cfC/M=
-27,14,hD1kPUDLmXUj05MMkDmPoCH8IPI=,yAkNxLG1qVxhYoe67n6xXsCRI7I=
-22,2,hD1kPUDLmXUj05MMkDmPoCH8IPI=,xf1Yvmxwy6r5UBLY0RADZIUY3cY=
-30,0,hD1kPUDLmXUj05MMkDmPoCH8IPI=,seH6auifli6/7ZJg9g931cv5WXQ=
-32,2,hD1kPUDLmXUj05MMkDmPoCH8IPI=,cXRDe4+BoC9KvX1pxAKL0O9e+QA=
-31,0,hD1kPUDLmXUj05MMkDmPoCH8IPI=,z8RpcuXTj41I3GN+3MajqVpfV9E=
-21,1,hD1kPUDLmXUj05MMkDmPoCH8IPI=,/2LKDK4Kn9U/3d/hM6NBGroND6I=
-32,3,hD1kPUDLmXUj05MMkDmPoCH8IPI=,cXRDe4+BoC9KvX1pxAKL0O9e+QA=
-32,1,hD1kPUDLmXUj05MMkDmPoCH8IPI=,z8RpcuXTj41I3GN+3MajqVpfV9E=
-32,4,hD1kPUDLmXUj05MMkDmPoCH8IPI=,GGhJNoi+lTD0Gc27JeNk19TLHhk=
-32,6,hD1kPUDLmXUj05MMkDmPoCH8IPI=,Qu7+QgaTK7EOkiBupJ2odTzp8WM=
-32,7,hD1kPUDLmXUj05MMkDmPoCH8IPI=,Qu7+QgaTK7EOkiBupJ2odTzp8WM=
-32,8,hD1kPUDLmXUj05MMkDmPoCH8IPI=,Q645ahoqtnAaGjLMm/tzOlG4ihM=
-23,1,hD1kPUDLmXUj05MMkDmPoCH8IPI=,6qLYx1xIYVgxxJ8vUYPkX2gWm9Q=
-32,14,hD1kPUDLmXUj05MMkDmPoCH8IPI=,EuEje649hDDQfJJ+/grAuvzaoFQ=
-24,1,hD1kPUDLmXUj05MMkDmPoCH8IPI=,6qLYx1xIYVgxxJ8vUYPkX2gWm9Q=
-24,2,hD1kPUDLmXUj05MMkDmPoCH8IPI=,sniop4fRQk1ADo5ADoTkA6cfC/M=
-19,1,hD1kPUDLmXUj05MMkDmPoCH8IPI=,dGnrGy2czHXU3X8mJ3i/hoQdP+s=
-32,5,hD1kPUDLmXUj05MMkDmPoCH8IPI=,GGhJNoi+lTD0Gc27JeNk19TLHhk=
-32,13,hD1kPUDLmXUj05MMkDmPoCH8IPI=,8jBwhcNNGKTbhCONBFB3xxgFRpc=
-24,0,hD1kPUDLmXUj05MMkDmPoCH8IPI=,6qLYx1xIYVgxxJ8vUYPkX2gWm9Q=
-32,10,hD1kPUDLmXUj05MMkDmPoCH8IPI=,DZpof/G4JcrFTeyVgq5+noz+MdI=
-32,9,hD1kPUDLmXUj05MMkDmPoCH8IPI=,Q645ahoqtnAaGjLMm/tzOlG4ihM=
-17,15,hD1kPUDLmXUj05MMkDmPoCH8IPI=,UAwDn3Y0cntVhM/bJlGmU4VjiQ4=
-25,2,hD1kPUDLmXUj05MMkDmPoCH8IPI=,WQQA1M1eeRPAWNu6e+VS6bqmoME=
-32,12,hD1kPUDLmXUj05MMkDmPoCH8IPI=,8jBwhcNNGKTbhCONBFB3xxgFRpc=
-32,11,hD1kPUDLmXUj05MMkDmPoCH8IPI=,DZpof/G4JcrFTeyVgq5+noz+MdI=
-25,0,hD1kPUDLmXUj05MMkDmPoCH8IPI=,5EwZTbh3P3VExNgf3gb0Nr/VOEQ=
-25,1,hD1kPUDLmXUj05MMkDmPoCH8IPI=,5EwZTbh3P3VExNgf3gb0Nr/VOEQ=
-28,2,hD1kPUDLmXUj05MMkDmPoCH8IPI=,o+TgPv01156GalWs1bTpeSs8xys=
-26,1,hD1kPUDLmXUj05MMkDmPoCH8IPI=,5EwZTbh3P3VExNgf3gb0Nr/VOEQ=
-27,2,hD1kPUDLmXUj05MMkDmPoCH8IPI=,o+TgPv01156GalWs1bTpeSs8xys=
-26,0,hD1kPUDLmXUj05MMkDmPoCH8IPI=,5EwZTbh3P3VExNgf3gb0Nr/VOEQ=
-22,1,hD1kPUDLmXUj05MMkDmPoCH8IPI=,/2LKDK4Kn9U/3d/hM6NBGroND6I=
-26,2,hD1kPUDLmXUj05MMkDmPoCH8IPI=,WQQA1M1eeRPAWNu6e+VS6bqmoME=
-29,0,hD1kPUDLmXUj05MMkDmPoCH8IPI=,seH6auifli6/7ZJg9g931cv5WXQ=
-29,2,hD1kPUDLmXUj05MMkDmPoCH8IPI=,Z6vMuEKzbB9RjZxXVduwBRpvqgc=
-24,12,hD1kPUDLmXUj05MMkDmPoCH8IPI=,HdMPS0jI8UcCpGbCv35FD1Da+H4=
-29,1,hD1kPUDLmXUj05MMkDmPoCH8IPI=,seH6auifli6/7ZJg9g931cv5WXQ=
-25,12,hD1kPUDLmXUj05MMkDmPoCH8IPI=,ddvdu4zgYSsNt8b7X5f/n7pQumI=
-25,11,hD1kPUDLmXUj05MMkDmPoCH8IPI=,S+3IzsnyLh9oavECmwjqovRwKHU=
-24,5,hD1kPUDLmXUj05MMkDmPoCH8IPI=,vcWEPf/jfNvjeenyrFSGhtq9bBQ=
-25,5,hD1kPUDLmXUj05MMkDmPoCH8IPI=,H/895rpqmQXOKNoBQjw6BZoF/tU=
-25,6,hD1kPUDLmXUj05MMkDmPoCH8IPI=,hoRGUwdVjbNtMsNpICplHzfe+o8=
-25,8,hD1kPUDLmXUj05MMkDmPoCH8IPI=,hyL3E+Lz06pLERRPCD5IWZFz2Z8=
-25,9,hD1kPUDLmXUj05MMkDmPoCH8IPI=,hyL3E+Lz06pLERRPCD5IWZFz2Z8=
-25,7,hD1kPUDLmXUj05MMkDmPoCH8IPI=,hoRGUwdVjbNtMsNpICplHzfe+o8=
-24,7,hD1kPUDLmXUj05MMkDmPoCH8IPI=,dPyr7vzVg/V8Q3Tz0OVCR9dGK2I=
-17,2,hD1kPUDLmXUj05MMkDmPoCH8IPI=,T1hPgmvY5YKXWnV7E1Mu55b3Tr4=
-27,1,hD1kPUDLmXUj05MMkDmPoCH8IPI=,OQEfguRt8a+gVFgHjPY5u5n8xgE=
-17,1,hD1kPUDLmXUj05MMkDmPoCH8IPI=,e4I/7O39rQSpbFjSNgqRfEBZdDA=
-25,10,hD1kPUDLmXUj05MMkDmPoCH8IPI=,S+3IzsnyLh9oavECmwjqovRwKHU=
-24,6,hD1kPUDLmXUj05MMkDmPoCH8IPI=,dPyr7vzVg/V8Q3Tz0OVCR9dGK2I=
-19,0,hD1kPUDLmXUj05MMkDmPoCH8IPI=,dGnrGy2czHXU3X8mJ3i/hoQdP+s=
-22,0,hD1kPUDLmXUj05MMkDmPoCH8IPI=,/2LKDK4Kn9U/3d/hM6NBGroND6I=
-28,1,hD1kPUDLmXUj05MMkDmPoCH8IPI=,OQEfguRt8a+gVFgHjPY5u5n8xgE=
-17,0,hD1kPUDLmXUj05MMkDmPoCH8IPI=,e4I/7O39rQSpbFjSNgqRfEBZdDA=
-18,0,hD1kPUDLmXUj05MMkDmPoCH8IPI=,e4I/7O39rQSpbFjSNgqRfEBZdDA=
-32,15,hD1kPUDLmXUj05MMkDmPoCH8IPI=,EuEje649hDDQfJJ+/grAuvzaoFQ=
-24,10,hD1kPUDLmXUj05MMkDmPoCH8IPI=,z95N9xb9/DtCFQy52RFC5AuviwA=
-24,9,hD1kPUDLmXUj05MMkDmPoCH8IPI=,itKPRFm84rL64p4zP+qcJjcn73c=
-24,11,hD1kPUDLmXUj05MMkDmPoCH8IPI=,z95N9xb9/DtCFQy52RFC5AuviwA=
-32,0,hD1kPUDLmXUj05MMkDmPoCH8IPI=,z8RpcuXTj41I3GN+3MajqVpfV9E=
-20,0,hD1kPUDLmXUj05MMkDmPoCH8IPI=,dGnrGy2czHXU3X8mJ3i/hoQdP+s=
-23,0,hD1kPUDLmXUj05MMkDmPoCH8IPI=,6qLYx1xIYVgxxJ8vUYPkX2gWm9Q=
-21,0,hD1kPUDLmXUj05MMkDmPoCH8IPI=,/2LKDK4Kn9U/3d/hM6NBGroND6I=
-24,8,hD1kPUDLmXUj05MMkDmPoCH8IPI=,itKPRFm84rL64p4zP+qcJjcn73c=
-21,12,hD1kPUDLmXUj05MMkDmPoCH8IPI=,aumzqVPSEgji/CbE/HvXYINKSqo=
-23,10,hD1kPUDLmXUj05MMkDmPoCH8IPI=,z95N9xb9/DtCFQy52RFC5AuviwA=
-22,12,hD1kPUDLmXUj05MMkDmPoCH8IPI=,aumzqVPSEgji/CbE/HvXYINKSqo=
-20,11,hD1kPUDLmXUj05MMkDmPoCH8IPI=,ELZmBxKncapLCNgqd6zODZOu6II=
-20,9,hD1kPUDLmXUj05MMkDmPoCH8IPI=,pV7D+HzP0cCRKCLr+yK8b0RfLuo=
-28,0,hD1kPUDLmXUj05MMkDmPoCH8IPI=,OQEfguRt8a+gVFgHjPY5u5n8xgE=
-23,9,hD1kPUDLmXUj05MMkDmPoCH8IPI=,itKPRFm84rL64p4zP+qcJjcn73c=
-27,0,hD1kPUDLmXUj05MMkDmPoCH8IPI=,OQEfguRt8a+gVFgHjPY5u5n8xgE=
-23,11,hD1kPUDLmXUj05MMkDmPoCH8IPI=,z95N9xb9/DtCFQy52RFC5AuviwA=
-20,12,hD1kPUDLmXUj05MMkDmPoCH8IPI=,5wcrHZOYy5WmUs8N+LAJE12nq3M=
-20,10,hD1kPUDLmXUj05MMkDmPoCH8IPI=,ELZmBxKncapLCNgqd6zODZOu6II=
-22,10,hD1kPUDLmXUj05MMkDmPoCH8IPI=,PRXnsvd5M3fI98sVGHptmAUS3do=
-23,12,hD1kPUDLmXUj05MMkDmPoCH8IPI=,HdMPS0jI8UcCpGbCv35FD1Da+H4=
-22,11,hD1kPUDLmXUj05MMkDmPoCH8IPI=,PRXnsvd5M3fI98sVGHptmAUS3do=
-21,5,hD1kPUDLmXUj05MMkDmPoCH8IPI=,yO1Cv+vnghJxc4hqhW5nixDXbUI=
-21,10,hD1kPUDLmXUj05MMkDmPoCH8IPI=,PRXnsvd5M3fI98sVGHptmAUS3do=
-20,5,hD1kPUDLmXUj05MMkDmPoCH8IPI=,lLTWelOWB69IEs/prZatpDjS9aI=
-21,9,hD1kPUDLmXUj05MMkDmPoCH8IPI=,CPxNWqY3+0IKw+99fD2qaWPwplU=
-23,5,hD1kPUDLmXUj05MMkDmPoCH8IPI=,vcWEPf/jfNvjeenyrFSGhtq9bBQ=
-22,5,hD1kPUDLmXUj05MMkDmPoCH8IPI=,yO1Cv+vnghJxc4hqhW5nixDXbUI=
-20,6,hD1kPUDLmXUj05MMkDmPoCH8IPI=,zWHm/ApsWpaunhh8SXh0yeCJ0S8=
-23,7,hD1kPUDLmXUj05MMkDmPoCH8IPI=,dPyr7vzVg/V8Q3Tz0OVCR9dGK2I=
-21,11,hD1kPUDLmXUj05MMkDmPoCH8IPI=,PRXnsvd5M3fI98sVGHptmAUS3do=
-21,8,hD1kPUDLmXUj05MMkDmPoCH8IPI=,CPxNWqY3+0IKw+99fD2qaWPwplU=
-23,6,hD1kPUDLmXUj05MMkDmPoCH8IPI=,dPyr7vzVg/V8Q3Tz0OVCR9dGK2I=
-23,8,hD1kPUDLmXUj05MMkDmPoCH8IPI=,itKPRFm84rL64p4zP+qcJjcn73c=
-22,9,hD1kPUDLmXUj05MMkDmPoCH8IPI=,CPxNWqY3+0IKw+99fD2qaWPwplU=
-20,8,hD1kPUDLmXUj05MMkDmPoCH8IPI=,pV7D+HzP0cCRKCLr+yK8b0RfLuo=
-20,7,hD1kPUDLmXUj05MMkDmPoCH8IPI=,zWHm/ApsWpaunhh8SXh0yeCJ0S8=
-22,8,hD1kPUDLmXUj05MMkDmPoCH8IPI=,CPxNWqY3+0IKw+99fD2qaWPwplU=
-22,7,hD1kPUDLmXUj05MMkDmPoCH8IPI=,Lg/YZZ/ct7cwbbJMGLWsKAnnpZ0=
-22,6,hD1kPUDLmXUj05MMkDmPoCH8IPI=,Lg/YZZ/ct7cwbbJMGLWsKAnnpZ0=
-21,7,hD1kPUDLmXUj05MMkDmPoCH8IPI=,Lg/YZZ/ct7cwbbJMGLWsKAnnpZ0=
-21,6,hD1kPUDLmXUj05MMkDmPoCH8IPI=,Lg/YZZ/ct7cwbbJMGLWsKAnnpZ0=
-23,26,hD1kPUDLmXUj05MMkDmPoCH8IPI=,AIfPrjFyZG34TrMjy70LBLd9J64=
-22,26,hD1kPUDLmXUj05MMkDmPoCH8IPI=,6Y0xeYNFMWje80FL1reDK57Hybs=
-23,25,hD1kPUDLmXUj05MMkDmPoCH8IPI=,xZrlZ0RqkQhFE0E2xHStBE1w9FQ=
-22,25,hD1kPUDLmXUj05MMkDmPoCH8IPI=,XhQ5sRL+ZWTvoGguKyZNGdjH/O0=
-24,25,hD1kPUDLmXUj05MMkDmPoCH8IPI=,xZrlZ0RqkQhFE0E2xHStBE1w9FQ=
-25,25,hD1kPUDLmXUj05MMkDmPoCH8IPI=,Hea2lwcSeQtf9oa5OgyUqyF5B5g=
-24,26,hD1kPUDLmXUj05MMkDmPoCH8IPI=,AIfPrjFyZG34TrMjy70LBLd9J64=
-25,26,hD1kPUDLmXUj05MMkDmPoCH8IPI=,34rvsd7o43W2G7airYmOrM8cb00=
-25,28,hD1kPUDLmXUj05MMkDmPoCH8IPI=,QAxhiaBlL5SyICCE6kGziX/iOrQ=
-25,29,hD1kPUDLmXUj05MMkDmPoCH8IPI=,QAxhiaBlL5SyICCE6kGziX/iOrQ=
-25,27,hD1kPUDLmXUj05MMkDmPoCH8IPI=,34rvsd7o43W2G7airYmOrM8cb00=
-24,28,hD1kPUDLmXUj05MMkDmPoCH8IPI=,Ha13liDbUZiRnIV3YKqDiJ98lCQ=
-24,27,hD1kPUDLmXUj05MMkDmPoCH8IPI=,AIfPrjFyZG34TrMjy70LBLd9J64=
-24,29,hD1kPUDLmXUj05MMkDmPoCH8IPI=,Ha13liDbUZiRnIV3YKqDiJ98lCQ=
-26,21,hD1kPUDLmXUj05MMkDmPoCH8IPI=,Sbccr+51VoZnJIB8BUJkJ6ulbmE=
-27,21,hD1kPUDLmXUj05MMkDmPoCH8IPI=,I3TY1Rwe8hJT1LuaqBkYvZ3bRl4=
-26,22,hD1kPUDLmXUj05MMkDmPoCH8IPI=,bu3JOsYOAyrvvBJrbou693/QRTQ=
-27,22,hD1kPUDLmXUj05MMkDmPoCH8IPI=,XEiaKw+KSmf62Cum3IUzYjpFB5o=
-26,19,DqPk6sTCOuguu3eHs96KaKdDuc4=,4mEo8pdVX24nij5PJ2WVtEm941g=
-26,20,DqPk6sTCOuguu3eHs96KaKdDuc4=,Sbccr+51VoZnJIB8BUJkJ6ulbmE=
-27,20,DqPk6sTCOuguu3eHs96KaKdDuc4=,I3TY1Rwe8hJT1LuaqBkYvZ3bRl4=
-27,19,DqPk6sTCOuguu3eHs96KaKdDuc4=,tNzeJzxdoT5E67de5Hc5gDHY/pg=
-24,18,DqPk6sTCOuguu3eHs96KaKdDuc4=,cK31/l5P9ARhxsPrmgbzzr8JhIk=
-25,18,DqPk6sTCOuguu3eHs96KaKdDuc4=,4mEo8pdVX24nij5PJ2WVtEm941g=
-24,17,DqPk6sTCOuguu3eHs96KaKdDuc4=,LUBjPGzauaiPeV/Tl3agTQL5VHY=
-25,17,DqPk6sTCOuguu3eHs96KaKdDuc4=,lmEw/JdEh3XgeVliDMY4KSRkimc=
-23,17,DqPk6sTCOuguu3eHs96KaKdDuc4=,LUBjPGzauaiPeV/Tl3agTQL5VHY=
-23,18,DqPk6sTCOuguu3eHs96KaKdDuc4=,cK31/l5P9ARhxsPrmgbzzr8JhIk=
-22,17,DqPk6sTCOuguu3eHs96KaKdDuc4=,JLV7SZoj8SpnoQuZ8DWWweWnxLs=
-22,18,DqPk6sTCOuguu3eHs96KaKdDuc4=,1YbUtXIunluQp/IvXV1HczG22Qg=
-20,18,DqPk6sTCOuguu3eHs96KaKdDuc4=,AuxMyA/pAy3KRetM3ZsLb0N/0cs=
-21,18,DqPk6sTCOuguu3eHs96KaKdDuc4=,1YbUtXIunluQp/IvXV1HczG22Qg=
-21,17,DqPk6sTCOuguu3eHs96KaKdDuc4=,JLV7SZoj8SpnoQuZ8DWWweWnxLs=
-20,17,DqPk6sTCOuguu3eHs96KaKdDuc4=,667r5Zkq3JanG0VZq3AOiDPlc8g=
-18,20,DqPk6sTCOuguu3eHs96KaKdDuc4=,Ey9S9YZBvHoP+HzAqmxJEUGJcuQ=
-19,20,DqPk6sTCOuguu3eHs96KaKdDuc4=,t9jVbI0hqzeCY8rRdL0AfpXuaLI=
-19,19,DqPk6sTCOuguu3eHs96KaKdDuc4=,AuxMyA/pAy3KRetM3ZsLb0N/0cs=
-18,19,DqPk6sTCOuguu3eHs96KaKdDuc4=,8NSIhEg03cjrKeTo3dRpqxjHB9A=
-18,22,DqPk6sTCOuguu3eHs96KaKdDuc4=,09tDcDzi/eGeJTUZyrAV9CIlOco=
-19,22,DqPk6sTCOuguu3eHs96KaKdDuc4=,LlQJF6Uol9Fmbxpd2QlBRj7Ik6A=
-19,21,DqPk6sTCOuguu3eHs96KaKdDuc4=,t9jVbI0hqzeCY8rRdL0AfpXuaLI=
-18,21,uPpe0YXKVvzLfWOHlOy0eez2dGs=,Ey9S9YZBvHoP+HzAqmxJEUGJcuQ=
-19,23,uPpe0YXKVvzLfWOHlOy0eez2dGs=,LlQJF6Uol9Fmbxpd2QlBRj7Ik6A=
-19,24,uPpe0YXKVvzLfWOHlOy0eez2dGs=,HVmUb4w0UlTmtCm1Ymdhw8sf964=
-18,24,uPpe0YXKVvzLfWOHlOy0eez2dGs=,+1jp6gtaZ0tR49kgx7LRu409YM4=
-18,23,iSBDMHcaRI0EqHOflaZWmLXFwzY=,09tDcDzi/eGeJTUZyrAV9CIlOco=
-20,24,iSBDMHcaRI0EqHOflaZWmLXFwzY=,HVmUb4w0UlTmtCm1Ymdhw8sf964=
-21,24,iSBDMHcaRI0EqHOflaZWmLXFwzY=,XhQ5sRL+ZWTvoGguKyZNGdjH/O0=
-20,23,iSBDMHcaRI0EqHOflaZWmLXFwzY=,LlQJF6Uol9Fmbxpd2QlBRj7Ik6A=
-22,24,iSBDMHcaRI0EqHOflaZWmLXFwzY=,XhQ5sRL+ZWTvoGguKyZNGdjH/O0=
-23,24,iSBDMHcaRI0EqHOflaZWmLXFwzY=,xZrlZ0RqkQhFE0E2xHStBE1w9FQ=
-21,23,iSBDMHcaRI0EqHOflaZWmLXFwzY=,YjKItsWiZJwJV6hjnTxp2ZovCvE=
-24,23,iSBDMHcaRI0EqHOflaZWmLXFwzY=,GIEbppeROT+cqLhFNO9JQx9Xodo=
-23,23,iSBDMHcaRI0EqHOflaZWmLXFwzY=,GIEbppeROT+cqLhFNO9JQx9Xodo=
-25,24,iSBDMHcaRI0EqHOflaZWmLXFwzY=,Hea2lwcSeQtf9oa5OgyUqyF5B5g=
-22,23,iSBDMHcaRI0EqHOflaZWmLXFwzY=,YjKItsWiZJwJV6hjnTxp2ZovCvE=
-25,23,iSBDMHcaRI0EqHOflaZWmLXFwzY=,bu3JOsYOAyrvvBJrbou693/QRTQ=
-20,20,iSBDMHcaRI0EqHOflaZWmLXFwzY=,t9jVbI0hqzeCY8rRdL0AfpXuaLI=
-24,24,iSBDMHcaRI0EqHOflaZWmLXFwzY=,xZrlZ0RqkQhFE0E2xHStBE1w9FQ=
-21,21,iSBDMHcaRI0EqHOflaZWmLXFwzY=,D/Ln9xKi7GnVbUlLzVUqwMH2FjQ=
-20,21,nuotMlEVIimsI3WEVZbElcrUdNk=,t9jVbI0hqzeCY8rRdL0AfpXuaLI=
-20,22,nuotMlEVIimsI3WEVZbElcrUdNk=,LlQJF6Uol9Fmbxpd2QlBRj7Ik6A=
-21,20,nuotMlEVIimsI3WEVZbElcrUdNk=,D/Ln9xKi7GnVbUlLzVUqwMH2FjQ=
-20,19,nuotMlEVIimsI3WEVZbElcrUdNk=,AuxMyA/pAy3KRetM3ZsLb0N/0cs=
-25,20,nuotMlEVIimsI3WEVZbElcrUdNk=,Sbccr+51VoZnJIB8BUJkJ6ulbmE=
-21,22,nuotMlEVIimsI3WEVZbElcrUdNk=,YjKItsWiZJwJV6hjnTxp2ZovCvE=
-22,22,nuotMlEVIimsI3WEVZbElcrUdNk=,YjKItsWiZJwJV6hjnTxp2ZovCvE=
-21,19,nuotMlEVIimsI3WEVZbElcrUdNk=,1YbUtXIunluQp/IvXV1HczG22Qg=
-23,19,nuotMlEVIimsI3WEVZbElcrUdNk=,cK31/l5P9ARhxsPrmgbzzr8JhIk=
-22,19,nuotMlEVIimsI3WEVZbElcrUdNk=,1YbUtXIunluQp/IvXV1HczG22Qg=
-24,19,nuotMlEVIimsI3WEVZbElcrUdNk=,cK31/l5P9ARhxsPrmgbzzr8JhIk=
-24,20,nuotMlEVIimsI3WEVZbElcrUdNk=,TSyZg6kI1pWowUfsavmh0TO9+hA=
-25,22,nuotMlEVIimsI3WEVZbElcrUdNk=,bu3JOsYOAyrvvBJrbou693/QRTQ=
-25,21,nuotMlEVIimsI3WEVZbElcrUdNk=,Sbccr+51VoZnJIB8BUJkJ6ulbmE=
-23,21,nuotMlEVIimsI3WEVZbElcrUdNk=,TSyZg6kI1pWowUfsavmh0TO9+hA=
-25,19,nuotMlEVIimsI3WEVZbElcrUdNk=,4mEo8pdVX24nij5PJ2WVtEm941g=
-22,21,nuotMlEVIimsI3WEVZbElcrUdNk=,D/Ln9xKi7GnVbUlLzVUqwMH2FjQ=
-23,22,Z5CwXfjGGpkUgzwZRu/ZaPOyuwY=,GIEbppeROT+cqLhFNO9JQx9Xodo=
-24,22,Z5CwXfjGGpkUgzwZRu/ZaPOyuwY=,GIEbppeROT+cqLhFNO9JQx9Xodo=
-23,20,Z5CwXfjGGpkUgzwZRu/ZaPOyuwY=,TSyZg6kI1pWowUfsavmh0TO9+hA=
-22,20,Z5CwXfjGGpkUgzwZRu/ZaPOyuwY=,D/Ln9xKi7GnVbUlLzVUqwMH2FjQ=
-24,21,Z5CwXfjGGpkUgzwZRu/ZaPOyuwY=,TSyZg6kI1pWowUfsavmh0TO9+hA=
-26,29,Znip4YiviZTkaHEjJ6NNlGr9JT8=,QAxhiaBlL5SyICCE6kGziX/iOrQ=
-27,29,Znip4YiviZTkaHEjJ6NNlGr9JT8=,yqyE7JcRpWWS+jf7UqWGjbwioTY=
-26,27,Znip4YiviZTkaHEjJ6NNlGr9JT8=,34rvsd7o43W2G7airYmOrM8cb00=
-26,28,Znip4YiviZTkaHEjJ6NNlGr9JT8=,QAxhiaBlL5SyICCE6kGziX/iOrQ=
-27,27,Znip4YiviZTkaHEjJ6NNlGr9JT8=,AT6/g9iAtgGsYbq5hTTh/HNJbyY=
-27,28,Znip4YiviZTkaHEjJ6NNlGr9JT8=,yqyE7JcRpWWS+jf7UqWGjbwioTY=
-29,29,Znip4YiviZTkaHEjJ6NNlGr9JT8=,vSXeB5dqWsW9D0VQvuv63RC4Ei8=
-29,27,Znip4YiviZTkaHEjJ6NNlGr9JT8=,LkZ3IJSDEvFo/vm0UoBJV1PqvwM=
-28,27,Znip4YiviZTkaHEjJ6NNlGr9JT8=,AT6/g9iAtgGsYbq5hTTh/HNJbyY=
-28,29,Znip4YiviZTkaHEjJ6NNlGr9JT8=,yqyE7JcRpWWS+jf7UqWGjbwioTY=
-28,28,Znip4YiviZTkaHEjJ6NNlGr9JT8=,yqyE7JcRpWWS+jf7UqWGjbwioTY=
-29,28,Znip4YiviZTkaHEjJ6NNlGr9JT8=,vSXeB5dqWsW9D0VQvuv63RC4Ei8=
-26,25,Znip4YiviZTkaHEjJ6NNlGr9JT8=,Hea2lwcSeQtf9oa5OgyUqyF5B5g=
-27,26,Znip4YiviZTkaHEjJ6NNlGr9JT8=,AT6/g9iAtgGsYbq5hTTh/HNJbyY=
-27,23,Znip4YiviZTkaHEjJ6NNlGr9JT8=,XEiaKw+KSmf62Cum3IUzYjpFB5o=
-28,26,Znip4YiviZTkaHEjJ6NNlGr9JT8=,AT6/g9iAtgGsYbq5hTTh/HNJbyY=
-29,24,Znip4YiviZTkaHEjJ6NNlGr9JT8=,Npxe7bGnfhzX7TK1XnIKJhIx730=
-26,24,Znip4YiviZTkaHEjJ6NNlGr9JT8=,Hea2lwcSeQtf9oa5OgyUqyF5B5g=
-26,26,Znip4YiviZTkaHEjJ6NNlGr9JT8=,34rvsd7o43W2G7airYmOrM8cb00=
-27,24,Znip4YiviZTkaHEjJ6NNlGr9JT8=,8r2TBj6ShBS8/LxfN/BR8C6euLs=
-26,23,Znip4YiviZTkaHEjJ6NNlGr9JT8=,bu3JOsYOAyrvvBJrbou693/QRTQ=
-29,25,Znip4YiviZTkaHEjJ6NNlGr9JT8=,Npxe7bGnfhzX7TK1XnIKJhIx730=
-28,23,Znip4YiviZTkaHEjJ6NNlGr9JT8=,XEiaKw+KSmf62Cum3IUzYjpFB5o=
-27,25,Znip4YiviZTkaHEjJ6NNlGr9JT8=,8r2TBj6ShBS8/LxfN/BR8C6euLs=
-29,26,Znip4YiviZTkaHEjJ6NNlGr9JT8=,LkZ3IJSDEvFo/vm0UoBJV1PqvwM=
-28,24,Znip4YiviZTkaHEjJ6NNlGr9JT8=,8r2TBj6ShBS8/LxfN/BR8C6euLs=
-29,23,Znip4YiviZTkaHEjJ6NNlGr9JT8=,NCyUpe4Bevu0GtHIPczrCfvqe8E=
-28,21,Znip4YiviZTkaHEjJ6NNlGr9JT8=,I3TY1Rwe8hJT1LuaqBkYvZ3bRl4=
-28,22,Znip4YiviZTkaHEjJ6NNlGr9JT8=,XEiaKw+KSmf62Cum3IUzYjpFB5o=
-29,22,Znip4YiviZTkaHEjJ6NNlGr9JT8=,NCyUpe4Bevu0GtHIPczrCfvqe8E=
-30,22,Znip4YiviZTkaHEjJ6NNlGr9JT8=,NCyUpe4Bevu0GtHIPczrCfvqe8E=
-29,21,Znip4YiviZTkaHEjJ6NNlGr9JT8=,aho4145bxKSxjTnmSCIuUodfxR8=
-28,25,Znip4YiviZTkaHEjJ6NNlGr9JT8=,8r2TBj6ShBS8/LxfN/BR8C6euLs=
-30,21,Znip4YiviZTkaHEjJ6NNlGr9JT8=,aho4145bxKSxjTnmSCIuUodfxR8=
-31,21,Znip4YiviZTkaHEjJ6NNlGr9JT8=,Jvp1mabwndMz1ba227SEcoDvkmM=
-31,22,Znip4YiviZTkaHEjJ6NNlGr9JT8=,y8K28UQvXzU+TwzRsvRcpQtaUv4=
-29,20,Znip4YiviZTkaHEjJ6NNlGr9JT8=,aho4145bxKSxjTnmSCIuUodfxR8=
-28,20,Znip4YiviZTkaHEjJ6NNlGr9JT8=,I3TY1Rwe8hJT1LuaqBkYvZ3bRl4=
-29,19,Znip4YiviZTkaHEjJ6NNlGr9JT8=,yqhpaBPKNBeHQZnMA9AsH/7afOU=
-28,19,Znip4YiviZTkaHEjJ6NNlGr9JT8=,tNzeJzxdoT5E67de5Hc5gDHY/pg=
-30,19,Znip4YiviZTkaHEjJ6NNlGr9JT8=,yqhpaBPKNBeHQZnMA9AsH/7afOU=
-31,19,Znip4YiviZTkaHEjJ6NNlGr9JT8=,sG9wACUijijJLBhwzarD3052aAg=
-30,20,Znip4YiviZTkaHEjJ6NNlGr9JT8=,aho4145bxKSxjTnmSCIuUodfxR8=
-32,20,Znip4YiviZTkaHEjJ6NNlGr9JT8=,Jvp1mabwndMz1ba227SEcoDvkmM=
-31,20,Znip4YiviZTkaHEjJ6NNlGr9JT8=,Jvp1mabwndMz1ba227SEcoDvkmM=
-32,19,Znip4YiviZTkaHEjJ6NNlGr9JT8=,sG9wACUijijJLBhwzarD3052aAg=
-32,22,Znip4YiviZTkaHEjJ6NNlGr9JT8=,y8K28UQvXzU+TwzRsvRcpQtaUv4=
-32,21,Znip4YiviZTkaHEjJ6NNlGr9JT8=,Jvp1mabwndMz1ba227SEcoDvkmM=
-31,18,Znip4YiviZTkaHEjJ6NNlGr9JT8=,sG9wACUijijJLBhwzarD3052aAg=
-32,18,Znip4YiviZTkaHEjJ6NNlGr9JT8=,sG9wACUijijJLBhwzarD3052aAg=
-30,18,Znip4YiviZTkaHEjJ6NNlGr9JT8=,yqhpaBPKNBeHQZnMA9AsH/7afOU=
-31,17,Znip4YiviZTkaHEjJ6NNlGr9JT8=,Ceh+Jn3YFI9kYQCndGZsFAyfkIc=
-32,17,Znip4YiviZTkaHEjJ6NNlGr9JT8=,Ceh+Jn3YFI9kYQCndGZsFAyfkIc=
-26,17,Znip4YiviZTkaHEjJ6NNlGr9JT8=,lmEw/JdEh3XgeVliDMY4KSRkimc=
-27,18,Znip4YiviZTkaHEjJ6NNlGr9JT8=,tNzeJzxdoT5E67de5Hc5gDHY/pg=
-28,18,Znip4YiviZTkaHEjJ6NNlGr9JT8=,tNzeJzxdoT5E67de5Hc5gDHY/pg=
-29,16,Znip4YiviZTkaHEjJ6NNlGr9JT8=,5GHDfWv0/+kUtZZtjbabnQoQkyY=
-30,17,Znip4YiviZTkaHEjJ6NNlGr9JT8=,5GHDfWv0/+kUtZZtjbabnQoQkyY=
-31,16,Znip4YiviZTkaHEjJ6NNlGr9JT8=,Ceh+Jn3YFI9kYQCndGZsFAyfkIc=
-26,18,Znip4YiviZTkaHEjJ6NNlGr9JT8=,4mEo8pdVX24nij5PJ2WVtEm941g=
-30,16,Znip4YiviZTkaHEjJ6NNlGr9JT8=,5GHDfWv0/+kUtZZtjbabnQoQkyY=
-29,18,Znip4YiviZTkaHEjJ6NNlGr9JT8=,yqhpaBPKNBeHQZnMA9AsH/7afOU=
-28,16,Znip4YiviZTkaHEjJ6NNlGr9JT8=,euHLl/IOuWwrah9wVC0Vdw7a3Ug=
-29,17,Znip4YiviZTkaHEjJ6NNlGr9JT8=,5GHDfWv0/+kUtZZtjbabnQoQkyY=
-30,23,Znip4YiviZTkaHEjJ6NNlGr9JT8=,NCyUpe4Bevu0GtHIPczrCfvqe8E=
-32,23,Znip4YiviZTkaHEjJ6NNlGr9JT8=,y8K28UQvXzU+TwzRsvRcpQtaUv4=
-27,17,Znip4YiviZTkaHEjJ6NNlGr9JT8=,euHLl/IOuWwrah9wVC0Vdw7a3Ug=
-30,24,Znip4YiviZTkaHEjJ6NNlGr9JT8=,Npxe7bGnfhzX7TK1XnIKJhIx730=
-31,23,Znip4YiviZTkaHEjJ6NNlGr9JT8=,y8K28UQvXzU+TwzRsvRcpQtaUv4=
-17,24,Znip4YiviZTkaHEjJ6NNlGr9JT8=,+1jp6gtaZ0tR49kgx7LRu409YM4=
-30,26,Znip4YiviZTkaHEjJ6NNlGr9JT8=,LkZ3IJSDEvFo/vm0UoBJV1PqvwM=
-17,22,Znip4YiviZTkaHEjJ6NNlGr9JT8=,09tDcDzi/eGeJTUZyrAV9CIlOco=
-17,21,Znip4YiviZTkaHEjJ6NNlGr9JT8=,Ey9S9YZBvHoP+HzAqmxJEUGJcuQ=
-28,17,Znip4YiviZTkaHEjJ6NNlGr9JT8=,euHLl/IOuWwrah9wVC0Vdw7a3Ug=
-17,23,Znip4YiviZTkaHEjJ6NNlGr9JT8=,09tDcDzi/eGeJTUZyrAV9CIlOco=
-30,25,Znip4YiviZTkaHEjJ6NNlGr9JT8=,Npxe7bGnfhzX7TK1XnIKJhIx730=
-30,28,Znip4YiviZTkaHEjJ6NNlGr9JT8=,vSXeB5dqWsW9D0VQvuv63RC4Ei8=
-30,27,Znip4YiviZTkaHEjJ6NNlGr9JT8=,LkZ3IJSDEvFo/vm0UoBJV1PqvwM=
-31,28,Znip4YiviZTkaHEjJ6NNlGr9JT8=,a6RfeRc95gZLDn755WnWsDuzGfo=
-31,29,Znip4YiviZTkaHEjJ6NNlGr9JT8=,a6RfeRc95gZLDn755WnWsDuzGfo=
-32,29,Znip4YiviZTkaHEjJ6NNlGr9JT8=,a6RfeRc95gZLDn755WnWsDuzGfo=
-30,29,Znip4YiviZTkaHEjJ6NNlGr9JT8=,vSXeB5dqWsW9D0VQvuv63RC4Ei8=
-32,28,Znip4YiviZTkaHEjJ6NNlGr9JT8=,a6RfeRc95gZLDn755WnWsDuzGfo=
-31,24,Znip4YiviZTkaHEjJ6NNlGr9JT8=,5c1P/79ORB6RY3lg/ybFtr6ZyWM=
-31,26,Znip4YiviZTkaHEjJ6NNlGr9JT8=,/GxGoTM98R71oFaZp3f17bNIksY=
-32,26,Znip4YiviZTkaHEjJ6NNlGr9JT8=,/GxGoTM98R71oFaZp3f17bNIksY=
-32,24,Znip4YiviZTkaHEjJ6NNlGr9JT8=,5c1P/79ORB6RY3lg/ybFtr6ZyWM=
-32,25,Znip4YiviZTkaHEjJ6NNlGr9JT8=,5c1P/79ORB6RY3lg/ybFtr6ZyWM=
-31,25,Znip4YiviZTkaHEjJ6NNlGr9JT8=,5c1P/79ORB6RY3lg/ybFtr6ZyWM=
-31,27,Znip4YiviZTkaHEjJ6NNlGr9JT8=,/GxGoTM98R71oFaZp3f17bNIksY=
-32,27,Znip4YiviZTkaHEjJ6NNlGr9JT8=,/GxGoTM98R71oFaZp3f17bNIksY=
-18,25,Znip4YiviZTkaHEjJ6NNlGr9JT8=,+1jp6gtaZ0tR49kgx7LRu409YM4=
-21,26,Znip4YiviZTkaHEjJ6NNlGr9JT8=,6Y0xeYNFMWje80FL1reDK57Hybs=
-19,25,Znip4YiviZTkaHEjJ6NNlGr9JT8=,HVmUb4w0UlTmtCm1Ymdhw8sf964=
-20,26,Znip4YiviZTkaHEjJ6NNlGr9JT8=,mcctRHOniARfNYrygbiTHjqhOLM=
-19,29,Znip4YiviZTkaHEjJ6NNlGr9JT8=,jZSnP5Kp55E2fS258oArqZqu7hA=
-19,27,Znip4YiviZTkaHEjJ6NNlGr9JT8=,mcctRHOniARfNYrygbiTHjqhOLM=
-18,29,Znip4YiviZTkaHEjJ6NNlGr9JT8=,hQHyojSoBuNPyNqZjxVwnyUE420=
-21,25,Znip4YiviZTkaHEjJ6NNlGr9JT8=,XhQ5sRL+ZWTvoGguKyZNGdjH/O0=
-17,26,Znip4YiviZTkaHEjJ6NNlGr9JT8=,c7B6p1cMHSd/f/pOYhvVFCh6lig=
-19,26,Znip4YiviZTkaHEjJ6NNlGr9JT8=,mcctRHOniARfNYrygbiTHjqhOLM=
-18,26,Znip4YiviZTkaHEjJ6NNlGr9JT8=,c7B6p1cMHSd/f/pOYhvVFCh6lig=
-20,25,Znip4YiviZTkaHEjJ6NNlGr9JT8=,HVmUb4w0UlTmtCm1Ymdhw8sf964=
-19,28,Znip4YiviZTkaHEjJ6NNlGr9JT8=,jZSnP5Kp55E2fS258oArqZqu7hA=
-18,27,Znip4YiviZTkaHEjJ6NNlGr9JT8=,c7B6p1cMHSd/f/pOYhvVFCh6lig=
-18,28,Znip4YiviZTkaHEjJ6NNlGr9JT8=,hQHyojSoBuNPyNqZjxVwnyUE420=
-17,25,Znip4YiviZTkaHEjJ6NNlGr9JT8=,+1jp6gtaZ0tR49kgx7LRu409YM4=
-17,27,Znip4YiviZTkaHEjJ6NNlGr9JT8=,c7B6p1cMHSd/f/pOYhvVFCh6lig=
-17,20,Znip4YiviZTkaHEjJ6NNlGr9JT8=,Ey9S9YZBvHoP+HzAqmxJEUGJcuQ=
-17,19,Znip4YiviZTkaHEjJ6NNlGr9JT8=,8NSIhEg03cjrKeTo3dRpqxjHB9A=
-20,16,Znip4YiviZTkaHEjJ6NNlGr9JT8=,667r5Zkq3JanG0VZq3AOiDPlc8g=
-22,16,Znip4YiviZTkaHEjJ6NNlGr9JT8=,JLV7SZoj8SpnoQuZ8DWWweWnxLs=
-21,16,Znip4YiviZTkaHEjJ6NNlGr9JT8=,JLV7SZoj8SpnoQuZ8DWWweWnxLs=
-23,16,Znip4YiviZTkaHEjJ6NNlGr9JT8=,LUBjPGzauaiPeV/Tl3agTQL5VHY=
-32,16,Znip4YiviZTkaHEjJ6NNlGr9JT8=,Ceh+Jn3YFI9kYQCndGZsFAyfkIc=
-17,28,Znip4YiviZTkaHEjJ6NNlGr9JT8=,hQHyojSoBuNPyNqZjxVwnyUE420=
-27,16,Znip4YiviZTkaHEjJ6NNlGr9JT8=,euHLl/IOuWwrah9wVC0Vdw7a3Ug=
-24,16,Znip4YiviZTkaHEjJ6NNlGr9JT8=,LUBjPGzauaiPeV/Tl3agTQL5VHY=
-26,16,Znip4YiviZTkaHEjJ6NNlGr9JT8=,lmEw/JdEh3XgeVliDMY4KSRkimc=
-17,18,Znip4YiviZTkaHEjJ6NNlGr9JT8=,8NSIhEg03cjrKeTo3dRpqxjHB9A=
-25,16,Znip4YiviZTkaHEjJ6NNlGr9JT8=,lmEw/JdEh3XgeVliDMY4KSRkimc=
-18,18,Znip4YiviZTkaHEjJ6NNlGr9JT8=,8NSIhEg03cjrKeTo3dRpqxjHB9A=
-17,29,Znip4YiviZTkaHEjJ6NNlGr9JT8=,hQHyojSoBuNPyNqZjxVwnyUE420=
-19,18,Znip4YiviZTkaHEjJ6NNlGr9JT8=,AuxMyA/pAy3KRetM3ZsLb0N/0cs=
-19,16,Znip4YiviZTkaHEjJ6NNlGr9JT8=,667r5Zkq3JanG0VZq3AOiDPlc8g=
-19,17,Znip4YiviZTkaHEjJ6NNlGr9JT8=,667r5Zkq3JanG0VZq3AOiDPlc8g=
-23,27,Znip4YiviZTkaHEjJ6NNlGr9JT8=,AIfPrjFyZG34TrMjy70LBLd9J64=
-23,28,Znip4YiviZTkaHEjJ6NNlGr9JT8=,Ha13liDbUZiRnIV3YKqDiJ98lCQ=
-20,27,Znip4YiviZTkaHEjJ6NNlGr9JT8=,mcctRHOniARfNYrygbiTHjqhOLM=
-23,29,Znip4YiviZTkaHEjJ6NNlGr9JT8=,Ha13liDbUZiRnIV3YKqDiJ98lCQ=
-21,27,Znip4YiviZTkaHEjJ6NNlGr9JT8=,6Y0xeYNFMWje80FL1reDK57Hybs=
-20,29,Znip4YiviZTkaHEjJ6NNlGr9JT8=,jZSnP5Kp55E2fS258oArqZqu7hA=
-22,27,Znip4YiviZTkaHEjJ6NNlGr9JT8=,6Y0xeYNFMWje80FL1reDK57Hybs=
-22,28,Znip4YiviZTkaHEjJ6NNlGr9JT8=,+5s5kWq9MeZaz+XTyQ6p6x2Ayj8=
-20,28,Znip4YiviZTkaHEjJ6NNlGr9JT8=,jZSnP5Kp55E2fS258oArqZqu7hA=
-17,17,Znip4YiviZTkaHEjJ6NNlGr9JT8=,ZP3DMQy8dk62RQ7nZNLAy0rI5lE=
-18,17,Znip4YiviZTkaHEjJ6NNlGr9JT8=,ZP3DMQy8dk62RQ7nZNLAy0rI5lE=
-18,16,Znip4YiviZTkaHEjJ6NNlGr9JT8=,ZP3DMQy8dk62RQ7nZNLAy0rI5lE=
-17,16,Znip4YiviZTkaHEjJ6NNlGr9JT8=,ZP3DMQy8dk62RQ7nZNLAy0rI5lE=
-21,29,Znip4YiviZTkaHEjJ6NNlGr9JT8=,+5s5kWq9MeZaz+XTyQ6p6x2Ayj8=
-21,28,Znip4YiviZTkaHEjJ6NNlGr9JT8=,+5s5kWq9MeZaz+XTyQ6p6x2Ayj8=
-22,29,Znip4YiviZTkaHEjJ6NNlGr9JT8=,+5s5kWq9MeZaz+XTyQ6p6x2Ayj8=
-6,24,NMVIoCw4QrEzHbSdPQEDoqwjVco=,82lMMW/BN551Xp6hQiCcVjv2mGk=
-6,23,NMVIoCw4QrEzHbSdPQEDoqwjVco=,ymStAL1ASR+QtmlPzARLa+ixqec=
-7,23,BgTApULxFzavDtyy5Rnxfvboz+4=,ecOCS/tk5XgVky/OaHBWTlKWcvg=
-7,24,BgTApULxFzavDtyy5Rnxfvboz+4=,mKrMddTDeCTLtDmehjLX9tMg49k=
-6,22,BgTApULxFzavDtyy5Rnxfvboz+4=,ymStAL1ASR+QtmlPzARLa+ixqec=
-6,21,BgTApULxFzavDtyy5Rnxfvboz+4=,pVcRJfNd33tMVWAF3je32uF9D+I=
-7,22,BgTApULxFzavDtyy5Rnxfvboz+4=,ecOCS/tk5XgVky/OaHBWTlKWcvg=
-7,21,BgTApULxFzavDtyy5Rnxfvboz+4=,HySZ82J0Tw1SNqfb4U27zzv38IA=
-6,20,BgTApULxFzavDtyy5Rnxfvboz+4=,pVcRJfNd33tMVWAF3je32uF9D+I=
-7,20,BgTApULxFzavDtyy5Rnxfvboz+4=,HySZ82J0Tw1SNqfb4U27zzv38IA=
-6,19,BgTApULxFzavDtyy5Rnxfvboz+4=,c+/etPJOWgNlBGfje1wpXUIB0ZQ=
-7,19,BgTApULxFzavDtyy5Rnxfvboz+4=,m5bAatn2nQV0ky3LbdzoiiosEnw=
-11,18,BgTApULxFzavDtyy5Rnxfvboz+4=,WjAUMxcb2KntE1TTmiyjRfc6Y9w=
-11,17,BgTApULxFzavDtyy5Rnxfvboz+4=,V75SNiT8E2OrGJH9LZ/rI581fXY=
-10,18,BgTApULxFzavDtyy5Rnxfvboz+4=,ex0TDOTNkzQjaLLTpIM36qElZ+A=
-10,17,BgTApULxFzavDtyy5Rnxfvboz+4=,ZkL+OmurxqXP+hhKIy3rn3QNKXs=
-8,18,BgTApULxFzavDtyy5Rnxfvboz+4=,m5bAatn2nQV0ky3LbdzoiiosEnw=
-9,18,BgTApULxFzavDtyy5Rnxfvboz+4=,ex0TDOTNkzQjaLLTpIM36qElZ+A=
-8,17,BgTApULxFzavDtyy5Rnxfvboz+4=,5cwrhzj3xUcviqhx4N+ldM5B3CY=
-9,17,BgTApULxFzavDtyy5Rnxfvboz+4=,ZkL+OmurxqXP+hhKIy3rn3QNKXs=
-12,22,BgTApULxFzavDtyy5Rnxfvboz+4=,3dSUYpSZr4Yd1RINYJKcMPes3aM=
-12,21,BgTApULxFzavDtyy5Rnxfvboz+4=,o9C5pONuXM+pBkcQ0e3zfl3oMRo=
-13,22,BgTApULxFzavDtyy5Rnxfvboz+4=,ps39wTXLpt1LDlkiuscvuKGhjsU=
-13,21,BgTApULxFzavDtyy5Rnxfvboz+4=,Iq637VuPAbJYLJkB98lIOkglvoE=
-12,23,BgTApULxFzavDtyy5Rnxfvboz+4=,3dSUYpSZr4Yd1RINYJKcMPes3aM=
-13,23,STSHKO32fERJx+Dg20AGdSPUtNE=,ps39wTXLpt1LDlkiuscvuKGhjsU=
-12,24,STSHKO32fERJx+Dg20AGdSPUtNE=,A4ibZhklPfEbft6XxYWLePo54GU=
-13,24,STSHKO32fERJx+Dg20AGdSPUtNE=,bQHxth3TUqGi3BgLQAyxQBbJ8P8=
-12,25,STSHKO32fERJx+Dg20AGdSPUtNE=,A4ibZhklPfEbft6XxYWLePo54GU=
-13,25,STSHKO32fERJx+Dg20AGdSPUtNE=,bQHxth3TUqGi3BgLQAyxQBbJ8P8=
-13,26,STSHKO32fERJx+Dg20AGdSPUtNE=,vKKT5807XYWny50i7U9hJGnb1Bk=
-12,26,STSHKO32fERJx+Dg20AGdSPUtNE=,dSD24P31ktbpH27JpbiffBsoBp0=
-10,25,STSHKO32fERJx+Dg20AGdSPUtNE=,LpocfAAXRrAQf5CrrlNDljen5d0=
-11,25,STSHKO32fERJx+Dg20AGdSPUtNE=,A4ibZhklPfEbft6XxYWLePo54GU=
-10,26,STSHKO32fERJx+Dg20AGdSPUtNE=,+kwnly8LZucKaL/31zU4jH/UfuQ=
-11,29,2d/EPX1KirwsnDA7AojmctkGAhY=,Ob+mfxBN7YCRcrF+Kh+G0O/ohu8=
-10,27,2d/EPX1KirwsnDA7AojmctkGAhY=,+kwnly8LZucKaL/31zU4jH/UfuQ=
-11,26,2d/EPX1KirwsnDA7AojmctkGAhY=,dSD24P31ktbpH27JpbiffBsoBp0=
-10,29,2d/EPX1KirwsnDA7AojmctkGAhY=,JjOQvr6lm0GcmbYXFDi03NNp57c=
-11,27,2d/EPX1KirwsnDA7AojmctkGAhY=,dSD24P31ktbpH27JpbiffBsoBp0=
-10,28,2d/EPX1KirwsnDA7AojmctkGAhY=,JjOQvr6lm0GcmbYXFDi03NNp57c=
-11,28,2d/EPX1KirwsnDA7AojmctkGAhY=,Ob+mfxBN7YCRcrF+Kh+G0O/ohu8=
-10,19,2d/EPX1KirwsnDA7AojmctkGAhY=,ex0TDOTNkzQjaLLTpIM36qElZ+A=
-9,19,DV6z+b5zlkyRT1zhd2nD0spvqnA=,ex0TDOTNkzQjaLLTpIM36qElZ+A=
-10,20,DV6z+b5zlkyRT1zhd2nD0spvqnA=,vwAbjTYRjJui7C9c5oEFx5h5qLg=
-9,20,DV6z+b5zlkyRT1zhd2nD0spvqnA=,vwAbjTYRjJui7C9c5oEFx5h5qLg=
-8,20,DV6z+b5zlkyRT1zhd2nD0spvqnA=,HySZ82J0Tw1SNqfb4U27zzv38IA=
-11,19,DV6z+b5zlkyRT1zhd2nD0spvqnA=,WjAUMxcb2KntE1TTmiyjRfc6Y9w=
-8,19,DV6z+b5zlkyRT1zhd2nD0spvqnA=,m5bAatn2nQV0ky3LbdzoiiosEnw=
-10,23,DV6z+b5zlkyRT1zhd2nD0spvqnA=,XIeFDOhhZgEGI8sgExISvz/mxYo=
-9,22,DV6z+b5zlkyRT1zhd2nD0spvqnA=,XIeFDOhhZgEGI8sgExISvz/mxYo=
-11,20,DV6z+b5zlkyRT1zhd2nD0spvqnA=,o9C5pONuXM+pBkcQ0e3zfl3oMRo=
-9,24,DV6z+b5zlkyRT1zhd2nD0spvqnA=,LpocfAAXRrAQf5CrrlNDljen5d0=
-10,22,DV6z+b5zlkyRT1zhd2nD0spvqnA=,XIeFDOhhZgEGI8sgExISvz/mxYo=
-10,24,DV6z+b5zlkyRT1zhd2nD0spvqnA=,LpocfAAXRrAQf5CrrlNDljen5d0=
-11,21,DV6z+b5zlkyRT1zhd2nD0spvqnA=,o9C5pONuXM+pBkcQ0e3zfl3oMRo=
-8,23,DV6z+b5zlkyRT1zhd2nD0spvqnA=,ecOCS/tk5XgVky/OaHBWTlKWcvg=
-8,24,DV6z+b5zlkyRT1zhd2nD0spvqnA=,mKrMddTDeCTLtDmehjLX9tMg49k=
-9,29,DV6z+b5zlkyRT1zhd2nD0spvqnA=,JjOQvr6lm0GcmbYXFDi03NNp57c=
-11,22,DV6z+b5zlkyRT1zhd2nD0spvqnA=,3dSUYpSZr4Yd1RINYJKcMPes3aM=
-11,23,DV6z+b5zlkyRT1zhd2nD0spvqnA=,3dSUYpSZr4Yd1RINYJKcMPes3aM=
-8,29,DV6z+b5zlkyRT1zhd2nD0spvqnA=,+oQ9dhEvgi9rky4HGSRz/W3JVaE=
-9,23,DV6z+b5zlkyRT1zhd2nD0spvqnA=,XIeFDOhhZgEGI8sgExISvz/mxYo=
-8,22,DV6z+b5zlkyRT1zhd2nD0spvqnA=,ecOCS/tk5XgVky/OaHBWTlKWcvg=
-11,24,DV6z+b5zlkyRT1zhd2nD0spvqnA=,A4ibZhklPfEbft6XxYWLePo54GU=
-8,21,DV6z+b5zlkyRT1zhd2nD0spvqnA=,HySZ82J0Tw1SNqfb4U27zzv38IA=
-10,21,DV6z+b5zlkyRT1zhd2nD0spvqnA=,vwAbjTYRjJui7C9c5oEFx5h5qLg=
-9,21,DV6z+b5zlkyRT1zhd2nD0spvqnA=,vwAbjTYRjJui7C9c5oEFx5h5qLg=
-7,29,DV6z+b5zlkyRT1zhd2nD0spvqnA=,+oQ9dhEvgi9rky4HGSRz/W3JVaE=
-6,29,DV6z+b5zlkyRT1zhd2nD0spvqnA=,vow0YfDziEI1faJU96QyFfUv22Q=
-8,28,DV6z+b5zlkyRT1zhd2nD0spvqnA=,+oQ9dhEvgi9rky4HGSRz/W3JVaE=
-6,26,DV6z+b5zlkyRT1zhd2nD0spvqnA=,qgTqiMum/5+gB1VKQINYz6zewdM=
-4,28,DV6z+b5zlkyRT1zhd2nD0spvqnA=,iwyfJZmwnElU4z1+9GqEJ0ByXrw=
-6,28,DV6z+b5zlkyRT1zhd2nD0spvqnA=,vow0YfDziEI1faJU96QyFfUv22Q=
-4,27,DV6z+b5zlkyRT1zhd2nD0spvqnA=,TzEvKImgcOv8zFaf1375vW01sws=
-8,25,DV6z+b5zlkyRT1zhd2nD0spvqnA=,mKrMddTDeCTLtDmehjLX9tMg49k=
-8,27,DV6z+b5zlkyRT1zhd2nD0spvqnA=,UCXnku9RgyO42WtAV/yB4Lz8cVM=
-5,28,DV6z+b5zlkyRT1zhd2nD0spvqnA=,vow0YfDziEI1faJU96QyFfUv22Q=
-7,25,DV6z+b5zlkyRT1zhd2nD0spvqnA=,mKrMddTDeCTLtDmehjLX9tMg49k=
-6,25,DV6z+b5zlkyRT1zhd2nD0spvqnA=,82lMMW/BN551Xp6hQiCcVjv2mGk=
-4,29,DV6z+b5zlkyRT1zhd2nD0spvqnA=,iwyfJZmwnElU4z1+9GqEJ0ByXrw=
-9,25,DV6z+b5zlkyRT1zhd2nD0spvqnA=,LpocfAAXRrAQf5CrrlNDljen5d0=
-7,27,DV6z+b5zlkyRT1zhd2nD0spvqnA=,UCXnku9RgyO42WtAV/yB4Lz8cVM=
-5,29,DV6z+b5zlkyRT1zhd2nD0spvqnA=,vow0YfDziEI1faJU96QyFfUv22Q=
-8,26,DV6z+b5zlkyRT1zhd2nD0spvqnA=,UCXnku9RgyO42WtAV/yB4Lz8cVM=
-5,27,DV6z+b5zlkyRT1zhd2nD0spvqnA=,qgTqiMum/5+gB1VKQINYz6zewdM=
-7,26,DV6z+b5zlkyRT1zhd2nD0spvqnA=,UCXnku9RgyO42WtAV/yB4Lz8cVM=
-6,27,DV6z+b5zlkyRT1zhd2nD0spvqnA=,qgTqiMum/5+gB1VKQINYz6zewdM=
-9,27,DV6z+b5zlkyRT1zhd2nD0spvqnA=,+kwnly8LZucKaL/31zU4jH/UfuQ=
-7,28,DV6z+b5zlkyRT1zhd2nD0spvqnA=,+oQ9dhEvgi9rky4HGSRz/W3JVaE=
-9,26,3Nu13OTjEamuAH48adty6VienhA=,+kwnly8LZucKaL/31zU4jH/UfuQ=
-9,28,3Nu13OTjEamuAH48adty6VienhA=,JjOQvr6lm0GcmbYXFDi03NNp57c=
-2,29,3Nu13OTjEamuAH48adty6VienhA=,dLR2GHD9Ja5iF13jXNHydaiYjWU=
-3,29,3Nu13OTjEamuAH48adty6VienhA=,iwyfJZmwnElU4z1+9GqEJ0ByXrw=
-2,28,3Nu13OTjEamuAH48adty6VienhA=,dLR2GHD9Ja5iF13jXNHydaiYjWU=
-3,28,3Nu13OTjEamuAH48adty6VienhA=,iwyfJZmwnElU4z1+9GqEJ0ByXrw=
-2,27,3Nu13OTjEamuAH48adty6VienhA=,1+G7BOPS2T4PB4Yx0jyms1HqaNU=
-3,27,3Nu13OTjEamuAH48adty6VienhA=,TzEvKImgcOv8zFaf1375vW01sws=
-2,26,3Nu13OTjEamuAH48adty6VienhA=,1+G7BOPS2T4PB4Yx0jyms1HqaNU=
-3,26,3Nu13OTjEamuAH48adty6VienhA=,TzEvKImgcOv8zFaf1375vW01sws=
-4,26,3Nu13OTjEamuAH48adty6VienhA=,TzEvKImgcOv8zFaf1375vW01sws=
-5,25,3Nu13OTjEamuAH48adty6VienhA=,82lMMW/BN551Xp6hQiCcVjv2mGk=
-2,24,3Nu13OTjEamuAH48adty6VienhA=,8sMqMjQCCWQBOh0wTXjAuqLgeXc=
-3,25,3Nu13OTjEamuAH48adty6VienhA=,XmNlUbLxJJZtDR4RLBABWQ+WsTk=
-4,24,3Nu13OTjEamuAH48adty6VienhA=,XmNlUbLxJJZtDR4RLBABWQ+WsTk=
-4,25,3Nu13OTjEamuAH48adty6VienhA=,XmNlUbLxJJZtDR4RLBABWQ+WsTk=
-5,24,3Nu13OTjEamuAH48adty6VienhA=,82lMMW/BN551Xp6hQiCcVjv2mGk=
-2,25,3Nu13OTjEamuAH48adty6VienhA=,8sMqMjQCCWQBOh0wTXjAuqLgeXc=
-3,23,3Nu13OTjEamuAH48adty6VienhA=,VR757kNZ9qo7pYkOHYN7kfRIeIY=
-3,24,3Nu13OTjEamuAH48adty6VienhA=,XmNlUbLxJJZtDR4RLBABWQ+WsTk=
-2,23,3Nu13OTjEamuAH48adty6VienhA=,vBmle/wxr8lFvmZ9vL7N03dECR4=
-5,23,3Nu13OTjEamuAH48adty6VienhA=,ymStAL1ASR+QtmlPzARLa+ixqec=
-5,26,3Nu13OTjEamuAH48adty6VienhA=,qgTqiMum/5+gB1VKQINYz6zewdM=
-4,23,3Nu13OTjEamuAH48adty6VienhA=,VR757kNZ9qo7pYkOHYN7kfRIeIY=
-5,22,3Nu13OTjEamuAH48adty6VienhA=,ymStAL1ASR+QtmlPzARLa+ixqec=
-4,22,3Nu13OTjEamuAH48adty6VienhA=,VR757kNZ9qo7pYkOHYN7kfRIeIY=
-5,20,3Nu13OTjEamuAH48adty6VienhA=,pVcRJfNd33tMVWAF3je32uF9D+I=
-4,20,3Nu13OTjEamuAH48adty6VienhA=,c+L5EbZ/wA3Y7xU2+lIRpUFhaXQ=
-4,19,3Nu13OTjEamuAH48adty6VienhA=,ybFzGR1wMH0s3RvOs1bJd1o1W0I=
-4,21,3Nu13OTjEamuAH48adty6VienhA=,c+L5EbZ/wA3Y7xU2+lIRpUFhaXQ=
-5,19,3Nu13OTjEamuAH48adty6VienhA=,c+/etPJOWgNlBGfje1wpXUIB0ZQ=
-5,21,3Nu13OTjEamuAH48adty6VienhA=,pVcRJfNd33tMVWAF3je32uF9D+I=
-2,17,3Nu13OTjEamuAH48adty6VienhA=,ZMAXLnQ+3vdDnyq8EhIm/xZTESQ=
-2,18,3Nu13OTjEamuAH48adty6VienhA=,MdSnCg0F5K7Rzn40KfqblXTFwbg=
-3,17,3Nu13OTjEamuAH48adty6VienhA=,Vftmxq57tqDkT30P0T6rSCfzJvQ=
-4,16,3Nu13OTjEamuAH48adty6VienhA=,Vftmxq57tqDkT30P0T6rSCfzJvQ=
-6,16,3Nu13OTjEamuAH48adty6VienhA=,oq9ZlAE5TfuMBMkrgF4Mf+fc13E=
-7,16,3Nu13OTjEamuAH48adty6VienhA=,5cwrhzj3xUcviqhx4N+ldM5B3CY=
-1,18,3Nu13OTjEamuAH48adty6VienhA=,MdSnCg0F5K7Rzn40KfqblXTFwbg=
-7,18,3Nu13OTjEamuAH48adty6VienhA=,m5bAatn2nQV0ky3LbdzoiiosEnw=
-4,17,3Nu13OTjEamuAH48adty6VienhA=,Vftmxq57tqDkT30P0T6rSCfzJvQ=
-5,17,3Nu13OTjEamuAH48adty6VienhA=,oq9ZlAE5TfuMBMkrgF4Mf+fc13E=
-6,17,3Nu13OTjEamuAH48adty6VienhA=,oq9ZlAE5TfuMBMkrgF4Mf+fc13E=
-5,16,hCdoppAxO4rg+ZchGgii+64xwDo=,oq9ZlAE5TfuMBMkrgF4Mf+fc13E=
-6,18,hCdoppAxO4rg+ZchGgii+64xwDo=,c+/etPJOWgNlBGfje1wpXUIB0ZQ=
-1,17,hCdoppAxO4rg+ZchGgii+64xwDo=,ZMAXLnQ+3vdDnyq8EhIm/xZTESQ=
-1,24,hCdoppAxO4rg+ZchGgii+64xwDo=,8sMqMjQCCWQBOh0wTXjAuqLgeXc=
-1,26,hCdoppAxO4rg+ZchGgii+64xwDo=,1+G7BOPS2T4PB4Yx0jyms1HqaNU=
-4,18,hCdoppAxO4rg+ZchGgii+64xwDo=,ybFzGR1wMH0s3RvOs1bJd1o1W0I=
-5,18,hCdoppAxO4rg+ZchGgii+64xwDo=,c+/etPJOWgNlBGfje1wpXUIB0ZQ=
-7,17,hCdoppAxO4rg+ZchGgii+64xwDo=,5cwrhzj3xUcviqhx4N+ldM5B3CY=
-1,23,hCdoppAxO4rg+ZchGgii+64xwDo=,vBmle/wxr8lFvmZ9vL7N03dECR4=
-3,18,hCdoppAxO4rg+ZchGgii+64xwDo=,ybFzGR1wMH0s3RvOs1bJd1o1W0I=
-1,25,hCdoppAxO4rg+ZchGgii+64xwDo=,8sMqMjQCCWQBOh0wTXjAuqLgeXc=
-1,28,hCdoppAxO4rg+ZchGgii+64xwDo=,dLR2GHD9Ja5iF13jXNHydaiYjWU=
-1,29,hCdoppAxO4rg+ZchGgii+64xwDo=,dLR2GHD9Ja5iF13jXNHydaiYjWU=
-1,27,hCdoppAxO4rg+ZchGgii+64xwDo=,1+G7BOPS2T4PB4Yx0jyms1HqaNU=
-2,20,hCdoppAxO4rg+ZchGgii+64xwDo=,n0W+C029kcD+tZxLH4LLsrccxmA=
-2,22,hCdoppAxO4rg+ZchGgii+64xwDo=,vBmle/wxr8lFvmZ9vL7N03dECR4=
-3,22,hCdoppAxO4rg+ZchGgii+64xwDo=,VR757kNZ9qo7pYkOHYN7kfRIeIY=
-1,22,hCdoppAxO4rg+ZchGgii+64xwDo=,vBmle/wxr8lFvmZ9vL7N03dECR4=
-3,20,hCdoppAxO4rg+ZchGgii+64xwDo=,c+L5EbZ/wA3Y7xU2+lIRpUFhaXQ=
-1,20,hCdoppAxO4rg+ZchGgii+64xwDo=,n0W+C029kcD+tZxLH4LLsrccxmA=
-2,21,hCdoppAxO4rg+ZchGgii+64xwDo=,n0W+C029kcD+tZxLH4LLsrccxmA=
-3,19,hCdoppAxO4rg+ZchGgii+64xwDo=,ybFzGR1wMH0s3RvOs1bJd1o1W0I=
-2,19,hCdoppAxO4rg+ZchGgii+64xwDo=,MdSnCg0F5K7Rzn40KfqblXTFwbg=
-1,21,hCdoppAxO4rg+ZchGgii+64xwDo=,n0W+C029kcD+tZxLH4LLsrccxmA=
-3,21,hCdoppAxO4rg+ZchGgii+64xwDo=,c+L5EbZ/wA3Y7xU2+lIRpUFhaXQ=
-1,19,hCdoppAxO4rg+ZchGgii+64xwDo=,MdSnCg0F5K7Rzn40KfqblXTFwbg=
-13,27,hCdoppAxO4rg+ZchGgii+64xwDo=,vKKT5807XYWny50i7U9hJGnb1Bk=
-12,29,hCdoppAxO4rg+ZchGgii+64xwDo=,Ob+mfxBN7YCRcrF+Kh+G0O/ohu8=
-12,27,hCdoppAxO4rg+ZchGgii+64xwDo=,dSD24P31ktbpH27JpbiffBsoBp0=
-13,28,hCdoppAxO4rg+ZchGgii+64xwDo=,Y+c5TbYC+G8oxKPLkw1aA7nMMzQ=
-13,29,hCdoppAxO4rg+ZchGgii+64xwDo=,Y+c5TbYC+G8oxKPLkw1aA7nMMzQ=
-12,28,hCdoppAxO4rg+ZchGgii+64xwDo=,Ob+mfxBN7YCRcrF+Kh+G0O/ohu8=
-14,29,hCdoppAxO4rg+ZchGgii+64xwDo=,Y+c5TbYC+G8oxKPLkw1aA7nMMzQ=
-14,28,hCdoppAxO4rg+ZchGgii+64xwDo=,Y+c5TbYC+G8oxKPLkw1aA7nMMzQ=
-15,27,hCdoppAxO4rg+ZchGgii+64xwDo=,+5RvLV/NSrAYJD74ocEsFqYM5NY=
-14,27,hCdoppAxO4rg+ZchGgii+64xwDo=,vKKT5807XYWny50i7U9hJGnb1Bk=
-15,28,hCdoppAxO4rg+ZchGgii+64xwDo=,mAAeKCX5uyYcBZ8nG12aYtectDc=
-14,26,hCdoppAxO4rg+ZchGgii+64xwDo=,vKKT5807XYWny50i7U9hJGnb1Bk=
-15,26,hCdoppAxO4rg+ZchGgii+64xwDo=,+5RvLV/NSrAYJD74ocEsFqYM5NY=
-14,25,hCdoppAxO4rg+ZchGgii+64xwDo=,bQHxth3TUqGi3BgLQAyxQBbJ8P8=
-15,25,hCdoppAxO4rg+ZchGgii+64xwDo=,pksw+yYUydI/DngVeMiDqqDCgjg=
-15,23,hCdoppAxO4rg+ZchGgii+64xwDo=,LX96H3aMfcTfZfO9VEzhTfrEeBM=
-15,22,hCdoppAxO4rg+ZchGgii+64xwDo=,LX96H3aMfcTfZfO9VEzhTfrEeBM=
-15,24,hCdoppAxO4rg+ZchGgii+64xwDo=,pksw+yYUydI/DngVeMiDqqDCgjg=
-14,21,hCdoppAxO4rg+ZchGgii+64xwDo=,Iq637VuPAbJYLJkB98lIOkglvoE=
-15,21,hCdoppAxO4rg+ZchGgii+64xwDo=,zunNQZeYxEzHVS6IBJqaX81Clp4=
-14,24,hCdoppAxO4rg+ZchGgii+64xwDo=,bQHxth3TUqGi3BgLQAyxQBbJ8P8=
-13,19,hCdoppAxO4rg+ZchGgii+64xwDo=,KBj4t17CCCRApoxOCDgo6wV1Ylc=
-14,19,hCdoppAxO4rg+ZchGgii+64xwDo=,KBj4t17CCCRApoxOCDgo6wV1Ylc=
-14,22,hCdoppAxO4rg+ZchGgii+64xwDo=,ps39wTXLpt1LDlkiuscvuKGhjsU=
-14,23,hCdoppAxO4rg+ZchGgii+64xwDo=,ps39wTXLpt1LDlkiuscvuKGhjsU=
-15,20,hCdoppAxO4rg+ZchGgii+64xwDo=,zunNQZeYxEzHVS6IBJqaX81Clp4=
-12,19,hCdoppAxO4rg+ZchGgii+64xwDo=,WjAUMxcb2KntE1TTmiyjRfc6Y9w=
-14,20,hCdoppAxO4rg+ZchGgii+64xwDo=,Iq637VuPAbJYLJkB98lIOkglvoE=
-13,20,hCdoppAxO4rg+ZchGgii+64xwDo=,Iq637VuPAbJYLJkB98lIOkglvoE=
-12,20,hCdoppAxO4rg+ZchGgii+64xwDo=,o9C5pONuXM+pBkcQ0e3zfl3oMRo=
-10,16,hCdoppAxO4rg+ZchGgii+64xwDo=,ZkL+OmurxqXP+hhKIy3rn3QNKXs=
-11,16,hCdoppAxO4rg+ZchGgii+64xwDo=,V75SNiT8E2OrGJH9LZ/rI581fXY=
-15,19,hCdoppAxO4rg+ZchGgii+64xwDo=,tWqI4dcQgUzWzFLrF6fyjjq0Gno=
-8,16,hCdoppAxO4rg+ZchGgii+64xwDo=,5cwrhzj3xUcviqhx4N+ldM5B3CY=
-9,16,hCdoppAxO4rg+ZchGgii+64xwDo=,ZkL+OmurxqXP+hhKIy3rn3QNKXs=
-16,24,hCdoppAxO4rg+ZchGgii+64xwDo=,pksw+yYUydI/DngVeMiDqqDCgjg=
-16,23,hCdoppAxO4rg+ZchGgii+64xwDo=,LX96H3aMfcTfZfO9VEzhTfrEeBM=
-16,20,hCdoppAxO4rg+ZchGgii+64xwDo=,zunNQZeYxEzHVS6IBJqaX81Clp4=
-16,21,hCdoppAxO4rg+ZchGgii+64xwDo=,zunNQZeYxEzHVS6IBJqaX81Clp4=
-16,22,hCdoppAxO4rg+ZchGgii+64xwDo=,LX96H3aMfcTfZfO9VEzhTfrEeBM=
-16,19,hCdoppAxO4rg+ZchGgii+64xwDo=,tWqI4dcQgUzWzFLrF6fyjjq0Gno=
-16,29,hCdoppAxO4rg+ZchGgii+64xwDo=,mAAeKCX5uyYcBZ8nG12aYtectDc=
-16,25,hCdoppAxO4rg+ZchGgii+64xwDo=,pksw+yYUydI/DngVeMiDqqDCgjg=
-13,16,hCdoppAxO4rg+ZchGgii+64xwDo=,ak0QEEVGXJDGdF7Id6DFhGlJFYU=
-12,17,hCdoppAxO4rg+ZchGgii+64xwDo=,V75SNiT8E2OrGJH9LZ/rI581fXY=
-13,18,hCdoppAxO4rg+ZchGgii+64xwDo=,KBj4t17CCCRApoxOCDgo6wV1Ylc=
-16,28,hCdoppAxO4rg+ZchGgii+64xwDo=,mAAeKCX5uyYcBZ8nG12aYtectDc=
-12,18,hCdoppAxO4rg+ZchGgii+64xwDo=,WjAUMxcb2KntE1TTmiyjRfc6Y9w=
-12,16,hCdoppAxO4rg+ZchGgii+64xwDo=,V75SNiT8E2OrGJH9LZ/rI581fXY=
-16,27,hCdoppAxO4rg+ZchGgii+64xwDo=,+5RvLV/NSrAYJD74ocEsFqYM5NY=
-2,16,hCdoppAxO4rg+ZchGgii+64xwDo=,ZMAXLnQ+3vdDnyq8EhIm/xZTESQ=
-16,26,hCdoppAxO4rg+ZchGgii+64xwDo=,+5RvLV/NSrAYJD74ocEsFqYM5NY=
-1,16,hCdoppAxO4rg+ZchGgii+64xwDo=,ZMAXLnQ+3vdDnyq8EhIm/xZTESQ=
-3,16,hCdoppAxO4rg+ZchGgii+64xwDo=,Vftmxq57tqDkT30P0T6rSCfzJvQ=
-15,16,hCdoppAxO4rg+ZchGgii+64xwDo=,AbiC/LhmeSkNBTIi0AWWpH6Vi5E=
-15,17,hCdoppAxO4rg+ZchGgii+64xwDo=,AbiC/LhmeSkNBTIi0AWWpH6Vi5E=
-14,18,hCdoppAxO4rg+ZchGgii+64xwDo=,KBj4t17CCCRApoxOCDgo6wV1Ylc=
-14,17,hCdoppAxO4rg+ZchGgii+64xwDo=,ak0QEEVGXJDGdF7Id6DFhGlJFYU=
-13,17,hCdoppAxO4rg+ZchGgii+64xwDo=,ak0QEEVGXJDGdF7Id6DFhGlJFYU=
-16,16,hCdoppAxO4rg+ZchGgii+64xwDo=,AbiC/LhmeSkNBTIi0AWWpH6Vi5E=
-16,17,hCdoppAxO4rg+ZchGgii+64xwDo=,AbiC/LhmeSkNBTIi0AWWpH6Vi5E=
-14,16,hCdoppAxO4rg+ZchGgii+64xwDo=,ak0QEEVGXJDGdF7Id6DFhGlJFYU=
-15,18,hCdoppAxO4rg+ZchGgii+64xwDo=,tWqI4dcQgUzWzFLrF6fyjjq0Gno=
-15,29,hCdoppAxO4rg+ZchGgii+64xwDo=,mAAeKCX5uyYcBZ8nG12aYtectDc=
-16,18,hCdoppAxO4rg+ZchGgii+64xwDo=,tWqI4dcQgUzWzFLrF6fyjjq0Gno=
-2,1,/48CcOKE4CQJ40SqutpyAzlEupI=,4PtGdpb/HjapaOkt57rVqNkOC6k=
-3,1,/48CcOKE4CQJ40SqutpyAzlEupI=,bpgTD4P7wuerjLPzXmh9t8hzwp8=
-3,2,dH2le53MkpW/0lqQQcVGnz4thkM=,L/PlcVnpW26qeFlMJQN1gpD7F6o=
-2,2,dH2le53MkpW/0lqQQcVGnz4thkM=,EPpidub1znEUbk+0Ps4T3pW++cU=
-2,4,zwm/doBqVTWCG4UgkOkHonKL8LE=,bRql9cBrbk1wKrX0ISMth2eJt9E=
-3,4,zwm/doBqVTWCG4UgkOkHonKL8LE=,ZRcn0+VN1g2ZGLDzGJzklt1SOR0=
-2,3,zwm/doBqVTWCG4UgkOkHonKL8LE=,EPpidub1znEUbk+0Ps4T3pW++cU=
-3,3,vuZ1YnKM51VZLIUSoI7/Idq4zuk=,L/PlcVnpW26qeFlMJQN1gpD7F6o=
-3,5,vuZ1YnKM51VZLIUSoI7/Idq4zuk=,ZRcn0+VN1g2ZGLDzGJzklt1SOR0=
-2,6,vuZ1YnKM51VZLIUSoI7/Idq4zuk=,JW9bJ/1D8A2/lbemHZ2r2qnka7M=
-2,5,vuZ1YnKM51VZLIUSoI7/Idq4zuk=,bRql9cBrbk1wKrX0ISMth2eJt9E=
-5,8,vuZ1YnKM51VZLIUSoI7/Idq4zuk=,JQLnsK1Glu6fm2ScshcVzX4lft0=
-3,6,vuZ1YnKM51VZLIUSoI7/Idq4zuk=,4E8mhl1J3qmTtOvZewrjqx7mPOY=
-4,8,vuZ1YnKM51VZLIUSoI7/Idq4zuk=,L/oxg1sTe0AK7ShHg8Agj9xtKb8=
-5,7,vuZ1YnKM51VZLIUSoI7/Idq4zuk=,h4CvF2CrWnv/824v8Bktiz2qvZs=
-4,7,vuZ1YnKM51VZLIUSoI7/Idq4zuk=,4E8mhl1J3qmTtOvZewrjqx7mPOY=
-4,10,vuZ1YnKM51VZLIUSoI7/Idq4zuk=,TFC/bBLnD1HzAwX81snLiwd7FUc=
-5,9,vuZ1YnKM51VZLIUSoI7/Idq4zuk=,JQLnsK1Glu6fm2ScshcVzX4lft0=
-5,10,vuZ1YnKM51VZLIUSoI7/Idq4zuk=,9Rbs94flxqE6oBq1PVKTpwN6xMo=
-4,9,vuZ1YnKM51VZLIUSoI7/Idq4zuk=,L/oxg1sTe0AK7ShHg8Agj9xtKb8=
-2,10,vuZ1YnKM51VZLIUSoI7/Idq4zuk=,/ocIDjUF60MJZdnKO12wSH6SfKY=
-3,8,NqDBa5+jJ7TKOBBsTARKCVCZpI4=,L/oxg1sTe0AK7ShHg8Agj9xtKb8=
-2,8,NqDBa5+jJ7TKOBBsTARKCVCZpI4=,3p45uzDrh4ZGd1LfVuf/ENM5DwE=
-2,9,NqDBa5+jJ7TKOBBsTARKCVCZpI4=,3p45uzDrh4ZGd1LfVuf/ENM5DwE=
-2,7,NqDBa5+jJ7TKOBBsTARKCVCZpI4=,JW9bJ/1D8A2/lbemHZ2r2qnka7M=
-3,10,NqDBa5+jJ7TKOBBsTARKCVCZpI4=,TFC/bBLnD1HzAwX81snLiwd7FUc=
-3,9,M7FAZ2bNKkOjaJo1LOSL9sq2U8c=,L/oxg1sTe0AK7ShHg8Agj9xtKb8=
-3,7,iRgbpZ9KW1M6Ayuq7c2cCE6KidY=,4E8mhl1J3qmTtOvZewrjqx7mPOY=
-3,12,iRgbpZ9KW1M6Ayuq7c2cCE6KidY=,z1ZfGAzplKpeN083uUv7AgRuf9E=
-2,12,iRgbpZ9KW1M6Ayuq7c2cCE6KidY=,GB+sZ9mpzjGjOCwAAcrYKiUCeHU=
-2,11,iRgbpZ9KW1M6Ayuq7c2cCE6KidY=,/ocIDjUF60MJZdnKO12wSH6SfKY=
-3,11,iRgbpZ9KW1M6Ayuq7c2cCE6KidY=,TFC/bBLnD1HzAwX81snLiwd7FUc=
-5,12,BHVIZ8YRfpWkCXE9LUpbnz9w2/Q=,arYUjQobyAt1sNwRgwYOXCfzH1I=
-4,11,BHVIZ8YRfpWkCXE9LUpbnz9w2/Q=,TFC/bBLnD1HzAwX81snLiwd7FUc=
-4,12,BHVIZ8YRfpWkCXE9LUpbnz9w2/Q=,z1ZfGAzplKpeN083uUv7AgRuf9E=
-5,11,BHVIZ8YRfpWkCXE9LUpbnz9w2/Q=,9Rbs94flxqE6oBq1PVKTpwN6xMo=
-6,12,XkFBMg7AO7DsZ27MbYoNEX+7SLQ=,arYUjQobyAt1sNwRgwYOXCfzH1I=
-6,11,XkFBMg7AO7DsZ27MbYoNEX+7SLQ=,9Rbs94flxqE6oBq1PVKTpwN6xMo=
-5,13,XkFBMg7AO7DsZ27MbYoNEX+7SLQ=,arYUjQobyAt1sNwRgwYOXCfzH1I=
-4,13,XkFBMg7AO7DsZ27MbYoNEX+7SLQ=,z1ZfGAzplKpeN083uUv7AgRuf9E=
-7,12,XkFBMg7AO7DsZ27MbYoNEX+7SLQ=,+FG4DSS9MR689+Q+FrfjPH4wgyQ=
-4,14,XkFBMg7AO7DsZ27MbYoNEX+7SLQ=,tlrca683Wpw4Lz3PA9+AOEWs1mM=
-8,12,XkFBMg7AO7DsZ27MbYoNEX+7SLQ=,+FG4DSS9MR689+Q+FrfjPH4wgyQ=
-5,14,XkFBMg7AO7DsZ27MbYoNEX+7SLQ=,3zNW1rXff8OTdqQeS/F/zBuJ/rA=
-7,11,XkFBMg7AO7DsZ27MbYoNEX+7SLQ=,7CCPhfvqwY3DTh3m5pXcSKrzPnc=
-8,11,XkFBMg7AO7DsZ27MbYoNEX+7SLQ=,7CCPhfvqwY3DTh3m5pXcSKrzPnc=
-9,12,XkFBMg7AO7DsZ27MbYoNEX+7SLQ=,iRDaY3XMIrbs8b3IMByk7Ln84cY=
-9,11,XkFBMg7AO7DsZ27MbYoNEX+7SLQ=,O6VdpyfuON76S4EMtr2HLSTnM3g=
-10,12,XkFBMg7AO7DsZ27MbYoNEX+7SLQ=,iRDaY3XMIrbs8b3IMByk7Ln84cY=
-10,11,XkFBMg7AO7DsZ27MbYoNEX+7SLQ=,O6VdpyfuON76S4EMtr2HLSTnM3g=
-10,10,XkFBMg7AO7DsZ27MbYoNEX+7SLQ=,O6VdpyfuON76S4EMtr2HLSTnM3g=
-11,11,XkFBMg7AO7DsZ27MbYoNEX+7SLQ=,lSooCAaKsnlvj6vG8lz4Tc9n4cQ=
-11,12,XkFBMg7AO7DsZ27MbYoNEX+7SLQ=,n/YmhhxWNovAld8TV43mu0bojY0=
-10,9,XkFBMg7AO7DsZ27MbYoNEX+7SLQ=,UIzQ0UPe47bbcqwgSmw4c9TG0MY=
-11,10,XkFBMg7AO7DsZ27MbYoNEX+7SLQ=,lSooCAaKsnlvj6vG8lz4Tc9n4cQ=
-10,8,XkFBMg7AO7DsZ27MbYoNEX+7SLQ=,UIzQ0UPe47bbcqwgSmw4c9TG0MY=
-11,7,XkFBMg7AO7DsZ27MbYoNEX+7SLQ=,5uDju8CKdcD0LrpCtZf9zvEXqr0=
-10,5,XkFBMg7AO7DsZ27MbYoNEX+7SLQ=,ts00veZpAaVaoYS2iX/xMqX/ABw=
-10,7,XkFBMg7AO7DsZ27MbYoNEX+7SLQ=,uUfXq6xzo/XHGGTY0yW4osjmSrY=
-11,9,XkFBMg7AO7DsZ27MbYoNEX+7SLQ=,UmGtkaH5OpQc6I3QhmjCGaHaOx0=
-11,6,XkFBMg7AO7DsZ27MbYoNEX+7SLQ=,5uDju8CKdcD0LrpCtZf9zvEXqr0=
-11,8,XkFBMg7AO7DsZ27MbYoNEX+7SLQ=,UmGtkaH5OpQc6I3QhmjCGaHaOx0=
-11,2,XkFBMg7AO7DsZ27MbYoNEX+7SLQ=,N9FhKdRTYTYcCIdin14Zi9hh0Yk=
-11,5,XkFBMg7AO7DsZ27MbYoNEX+7SLQ=,d1TuGG2tV9qpn0nuZ/KMN7Fq+d0=
-10,4,XkFBMg7AO7DsZ27MbYoNEX+7SLQ=,ts00veZpAaVaoYS2iX/xMqX/ABw=
-11,1,XkFBMg7AO7DsZ27MbYoNEX+7SLQ=,Lu+e5/61tiJVCvx8RC8BEVtx9pQ=
-10,6,XkFBMg7AO7DsZ27MbYoNEX+7SLQ=,uUfXq6xzo/XHGGTY0yW4osjmSrY=
-11,3,XkFBMg7AO7DsZ27MbYoNEX+7SLQ=,N9FhKdRTYTYcCIdin14Zi9hh0Yk=
-10,2,XkFBMg7AO7DsZ27MbYoNEX+7SLQ=,VbOR3WBzdLOZlGPEdHPa0bh5ub8=
-10,3,XkFBMg7AO7DsZ27MbYoNEX+7SLQ=,VbOR3WBzdLOZlGPEdHPa0bh5ub8=
-11,4,XkFBMg7AO7DsZ27MbYoNEX+7SLQ=,d1TuGG2tV9qpn0nuZ/KMN7Fq+d0=
-12,1,XkFBMg7AO7DsZ27MbYoNEX+7SLQ=,Lu+e5/61tiJVCvx8RC8BEVtx9pQ=
-12,2,XkFBMg7AO7DsZ27MbYoNEX+7SLQ=,N9FhKdRTYTYcCIdin14Zi9hh0Yk=
-10,1,XkFBMg7AO7DsZ27MbYoNEX+7SLQ=,eh7K7khYVeuV3u9nQ7aR0qWaIIs=
-12,3,XkFBMg7AO7DsZ27MbYoNEX+7SLQ=,N9FhKdRTYTYcCIdin14Zi9hh0Yk=
-12,4,XkFBMg7AO7DsZ27MbYoNEX+7SLQ=,d1TuGG2tV9qpn0nuZ/KMN7Fq+d0=
-13,2,XkFBMg7AO7DsZ27MbYoNEX+7SLQ=,wE25wkvkVTFG/cWZhMYYorQFL4I=
-13,3,XkFBMg7AO7DsZ27MbYoNEX+7SLQ=,wE25wkvkVTFG/cWZhMYYorQFL4I=
-13,1,XkFBMg7AO7DsZ27MbYoNEX+7SLQ=,oO5xwHmtm28tu+SDlgN7dnLv9ss=
-14,3,XkFBMg7AO7DsZ27MbYoNEX+7SLQ=,wE25wkvkVTFG/cWZhMYYorQFL4I=
-13,4,XkFBMg7AO7DsZ27MbYoNEX+7SLQ=,cwRJ6SyG8SGL9xSher/Ss1Wa9e4=
-15,3,XkFBMg7AO7DsZ27MbYoNEX+7SLQ=,6ckSqhdFc7Bo3Ls3jPQu+J1Ts+o=
-14,5,XkFBMg7AO7DsZ27MbYoNEX+7SLQ=,cwRJ6SyG8SGL9xSher/Ss1Wa9e4=
-13,8,XkFBMg7AO7DsZ27MbYoNEX+7SLQ=,33HrGtGqI701WpZun/A3h+Ir0k0=
-12,5,XkFBMg7AO7DsZ27MbYoNEX+7SLQ=,d1TuGG2tV9qpn0nuZ/KMN7Fq+d0=
-15,4,XkFBMg7AO7DsZ27MbYoNEX+7SLQ=,HZxTqmFROm9dyGLE/N+lzaNKB1E=
-15,5,XkFBMg7AO7DsZ27MbYoNEX+7SLQ=,HZxTqmFROm9dyGLE/N+lzaNKB1E=
-15,6,XkFBMg7AO7DsZ27MbYoNEX+7SLQ=,LxjMu0K/Xw15U5bNoVXVJI5ySX0=
-12,7,XkFBMg7AO7DsZ27MbYoNEX+7SLQ=,5uDju8CKdcD0LrpCtZf9zvEXqr0=
-13,5,XkFBMg7AO7DsZ27MbYoNEX+7SLQ=,cwRJ6SyG8SGL9xSher/Ss1Wa9e4=
-12,8,XkFBMg7AO7DsZ27MbYoNEX+7SLQ=,UmGtkaH5OpQc6I3QhmjCGaHaOx0=
-14,6,XkFBMg7AO7DsZ27MbYoNEX+7SLQ=,sPrpH2LKzSDHEp08sSGQJSEolp8=
-13,6,XkFBMg7AO7DsZ27MbYoNEX+7SLQ=,sPrpH2LKzSDHEp08sSGQJSEolp8=
-12,6,XkFBMg7AO7DsZ27MbYoNEX+7SLQ=,5uDju8CKdcD0LrpCtZf9zvEXqr0=
-13,7,XkFBMg7AO7DsZ27MbYoNEX+7SLQ=,sPrpH2LKzSDHEp08sSGQJSEolp8=
-15,7,XkFBMg7AO7DsZ27MbYoNEX+7SLQ=,LxjMu0K/Xw15U5bNoVXVJI5ySX0=
-14,7,XkFBMg7AO7DsZ27MbYoNEX+7SLQ=,sPrpH2LKzSDHEp08sSGQJSEolp8=
-14,8,XkFBMg7AO7DsZ27MbYoNEX+7SLQ=,33HrGtGqI701WpZun/A3h+Ir0k0=
-13,9,XkFBMg7AO7DsZ27MbYoNEX+7SLQ=,33HrGtGqI701WpZun/A3h+Ir0k0=
-14,9,XkFBMg7AO7DsZ27MbYoNEX+7SLQ=,33HrGtGqI701WpZun/A3h+Ir0k0=
-12,9,XkFBMg7AO7DsZ27MbYoNEX+7SLQ=,UmGtkaH5OpQc6I3QhmjCGaHaOx0=
-12,10,XkFBMg7AO7DsZ27MbYoNEX+7SLQ=,lSooCAaKsnlvj6vG8lz4Tc9n4cQ=
-15,9,XkFBMg7AO7DsZ27MbYoNEX+7SLQ=,uLaHIGwkx4i3CSWjdtUhKKq6HNA=
-15,8,XkFBMg7AO7DsZ27MbYoNEX+7SLQ=,uLaHIGwkx4i3CSWjdtUhKKq6HNA=
-12,11,XkFBMg7AO7DsZ27MbYoNEX+7SLQ=,lSooCAaKsnlvj6vG8lz4Tc9n4cQ=
-13,10,XkFBMg7AO7DsZ27MbYoNEX+7SLQ=,ASUBYT2YP8FF3fVbnso/vf5tCeQ=
-14,11,XkFBMg7AO7DsZ27MbYoNEX+7SLQ=,ASUBYT2YP8FF3fVbnso/vf5tCeQ=
-15,10,XkFBMg7AO7DsZ27MbYoNEX+7SLQ=,dWN12iFRpI12dtFT9EZ9RMXLQI8=
-13,12,XkFBMg7AO7DsZ27MbYoNEX+7SLQ=,T9rj1wQQy+H5Eho9acVysPMAXCw=
-12,12,XkFBMg7AO7DsZ27MbYoNEX+7SLQ=,n/YmhhxWNovAld8TV43mu0bojY0=
-15,11,XkFBMg7AO7DsZ27MbYoNEX+7SLQ=,dWN12iFRpI12dtFT9EZ9RMXLQI8=
-14,10,XkFBMg7AO7DsZ27MbYoNEX+7SLQ=,ASUBYT2YP8FF3fVbnso/vf5tCeQ=
-13,11,XkFBMg7AO7DsZ27MbYoNEX+7SLQ=,ASUBYT2YP8FF3fVbnso/vf5tCeQ=
-15,12,XkFBMg7AO7DsZ27MbYoNEX+7SLQ=,vbhoso30NuLJR9qCHhg+2Kuj1ps=
-12,13,XkFBMg7AO7DsZ27MbYoNEX+7SLQ=,n/YmhhxWNovAld8TV43mu0bojY0=
-13,13,XkFBMg7AO7DsZ27MbYoNEX+7SLQ=,T9rj1wQQy+H5Eho9acVysPMAXCw=
-14,12,XkFBMg7AO7DsZ27MbYoNEX+7SLQ=,T9rj1wQQy+H5Eho9acVysPMAXCw=
-14,4,XkFBMg7AO7DsZ27MbYoNEX+7SLQ=,cwRJ6SyG8SGL9xSher/Ss1Wa9e4=
-14,13,XkFBMg7AO7DsZ27MbYoNEX+7SLQ=,T9rj1wQQy+H5Eho9acVysPMAXCw=
-15,14,XkFBMg7AO7DsZ27MbYoNEX+7SLQ=,SmK6lZ3+e1yDiwZt65lPNlFTHD0=
-15,13,XkFBMg7AO7DsZ27MbYoNEX+7SLQ=,vbhoso30NuLJR9qCHhg+2Kuj1ps=
-4,15,XkFBMg7AO7DsZ27MbYoNEX+7SLQ=,tlrca683Wpw4Lz3PA9+AOEWs1mM=
-10,13,XkFBMg7AO7DsZ27MbYoNEX+7SLQ=,iRDaY3XMIrbs8b3IMByk7Ln84cY=
-11,13,XkFBMg7AO7DsZ27MbYoNEX+7SLQ=,n/YmhhxWNovAld8TV43mu0bojY0=
-12,14,XkFBMg7AO7DsZ27MbYoNEX+7SLQ=,bGCbwXZCz+DOptIEtyG/0g4pfto=
-1,9,XkFBMg7AO7DsZ27MbYoNEX+7SLQ=,3p45uzDrh4ZGd1LfVuf/ENM5DwE=
-1,10,XkFBMg7AO7DsZ27MbYoNEX+7SLQ=,/ocIDjUF60MJZdnKO12wSH6SfKY=
-1,7,XkFBMg7AO7DsZ27MbYoNEX+7SLQ=,JW9bJ/1D8A2/lbemHZ2r2qnka7M=
-1,12,XkFBMg7AO7DsZ27MbYoNEX+7SLQ=,GB+sZ9mpzjGjOCwAAcrYKiUCeHU=
-1,8,XkFBMg7AO7DsZ27MbYoNEX+7SLQ=,3p45uzDrh4ZGd1LfVuf/ENM5DwE=
-11,14,XkFBMg7AO7DsZ27MbYoNEX+7SLQ=,bGCbwXZCz+DOptIEtyG/0g4pfto=
-9,13,XkFBMg7AO7DsZ27MbYoNEX+7SLQ=,iRDaY3XMIrbs8b3IMByk7Ln84cY=
-3,14,XkFBMg7AO7DsZ27MbYoNEX+7SLQ=,tlrca683Wpw4Lz3PA9+AOEWs1mM=
-6,15,XkFBMg7AO7DsZ27MbYoNEX+7SLQ=,3zNW1rXff8OTdqQeS/F/zBuJ/rA=
-10,14,XkFBMg7AO7DsZ27MbYoNEX+7SLQ=,z9ocrSgAk2pmrcYFASUdpfLqSqY=
-9,14,XkFBMg7AO7DsZ27MbYoNEX+7SLQ=,z9ocrSgAk2pmrcYFASUdpfLqSqY=
-1,11,XkFBMg7AO7DsZ27MbYoNEX+7SLQ=,/ocIDjUF60MJZdnKO12wSH6SfKY=
-1,6,XkFBMg7AO7DsZ27MbYoNEX+7SLQ=,JW9bJ/1D8A2/lbemHZ2r2qnka7M=
-5,15,XkFBMg7AO7DsZ27MbYoNEX+7SLQ=,3zNW1rXff8OTdqQeS/F/zBuJ/rA=
-6,13,XkFBMg7AO7DsZ27MbYoNEX+7SLQ=,arYUjQobyAt1sNwRgwYOXCfzH1I=
-6,14,XkFBMg7AO7DsZ27MbYoNEX+7SLQ=,3zNW1rXff8OTdqQeS/F/zBuJ/rA=
-1,5,XkFBMg7AO7DsZ27MbYoNEX+7SLQ=,bRql9cBrbk1wKrX0ISMth2eJt9E=
-14,14,XkFBMg7AO7DsZ27MbYoNEX+7SLQ=,i6RjDCt9k3kOAraRximNJQ6Sdqg=
-9,15,XkFBMg7AO7DsZ27MbYoNEX+7SLQ=,z9ocrSgAk2pmrcYFASUdpfLqSqY=
-7,13,XkFBMg7AO7DsZ27MbYoNEX+7SLQ=,+FG4DSS9MR689+Q+FrfjPH4wgyQ=
-8,13,XkFBMg7AO7DsZ27MbYoNEX+7SLQ=,+FG4DSS9MR689+Q+FrfjPH4wgyQ=
-2,13,XkFBMg7AO7DsZ27MbYoNEX+7SLQ=,GB+sZ9mpzjGjOCwAAcrYKiUCeHU=
-1,13,XkFBMg7AO7DsZ27MbYoNEX+7SLQ=,GB+sZ9mpzjGjOCwAAcrYKiUCeHU=
-2,14,XkFBMg7AO7DsZ27MbYoNEX+7SLQ=,f/xdQxUfd66U7Jh7yZrhePBALcA=
-13,14,XkFBMg7AO7DsZ27MbYoNEX+7SLQ=,i6RjDCt9k3kOAraRximNJQ6Sdqg=
-3,15,XkFBMg7AO7DsZ27MbYoNEX+7SLQ=,tlrca683Wpw4Lz3PA9+AOEWs1mM=
-2,15,XkFBMg7AO7DsZ27MbYoNEX+7SLQ=,f/xdQxUfd66U7Jh7yZrhePBALcA=
-7,15,XkFBMg7AO7DsZ27MbYoNEX+7SLQ=,7eLTK77MOjZEgiyGypOcoj5NVSI=
-3,13,XkFBMg7AO7DsZ27MbYoNEX+7SLQ=,z1ZfGAzplKpeN083uUv7AgRuf9E=
-1,14,XkFBMg7AO7DsZ27MbYoNEX+7SLQ=,f/xdQxUfd66U7Jh7yZrhePBALcA=
-3,0,XkFBMg7AO7DsZ27MbYoNEX+7SLQ=,bpgTD4P7wuerjLPzXmh9t8hzwp8=
-1,4,XkFBMg7AO7DsZ27MbYoNEX+7SLQ=,bRql9cBrbk1wKrX0ISMth2eJt9E=
-1,3,XkFBMg7AO7DsZ27MbYoNEX+7SLQ=,EPpidub1znEUbk+0Ps4T3pW++cU=
-1,1,XkFBMg7AO7DsZ27MbYoNEX+7SLQ=,4PtGdpb/HjapaOkt57rVqNkOC6k=
-2,0,XkFBMg7AO7DsZ27MbYoNEX+7SLQ=,4PtGdpb/HjapaOkt57rVqNkOC6k=
-1,2,XkFBMg7AO7DsZ27MbYoNEX+7SLQ=,EPpidub1znEUbk+0Ps4T3pW++cU=
-4,0,XkFBMg7AO7DsZ27MbYoNEX+7SLQ=,bpgTD4P7wuerjLPzXmh9t8hzwp8=
-4,1,XkFBMg7AO7DsZ27MbYoNEX+7SLQ=,bpgTD4P7wuerjLPzXmh9t8hzwp8=
-7,14,XkFBMg7AO7DsZ27MbYoNEX+7SLQ=,7eLTK77MOjZEgiyGypOcoj5NVSI=
-4,2,XkFBMg7AO7DsZ27MbYoNEX+7SLQ=,L/PlcVnpW26qeFlMJQN1gpD7F6o=
-9,2,XkFBMg7AO7DsZ27MbYoNEX+7SLQ=,VbOR3WBzdLOZlGPEdHPa0bh5ub8=
-4,4,XkFBMg7AO7DsZ27MbYoNEX+7SLQ=,ZRcn0+VN1g2ZGLDzGJzklt1SOR0=
-9,4,XkFBMg7AO7DsZ27MbYoNEX+7SLQ=,ts00veZpAaVaoYS2iX/xMqX/ABw=
-9,1,XkFBMg7AO7DsZ27MbYoNEX+7SLQ=,eh7K7khYVeuV3u9nQ7aR0qWaIIs=
-4,6,XkFBMg7AO7DsZ27MbYoNEX+7SLQ=,4E8mhl1J3qmTtOvZewrjqx7mPOY=
-5,2,XkFBMg7AO7DsZ27MbYoNEX+7SLQ=,GfwW1AVcLJe2DGujyxe9B0o+zyI=
-5,0,XkFBMg7AO7DsZ27MbYoNEX+7SLQ=,q6zpFNY9ExKEIXQGAJC2gOZBHtE=
-4,3,XkFBMg7AO7DsZ27MbYoNEX+7SLQ=,L/PlcVnpW26qeFlMJQN1gpD7F6o=
-6,4,XkFBMg7AO7DsZ27MbYoNEX+7SLQ=,JP21WYJ2kOKWIDc0IdorAjVnK7U=
-8,14,XkFBMg7AO7DsZ27MbYoNEX+7SLQ=,7eLTK77MOjZEgiyGypOcoj5NVSI=
-7,1,XkFBMg7AO7DsZ27MbYoNEX+7SLQ=,CIgc1QdWNIYF5N9qFJ8e9TwXJfk=
-6,1,XkFBMg7AO7DsZ27MbYoNEX+7SLQ=,q6zpFNY9ExKEIXQGAJC2gOZBHtE=
-8,4,XkFBMg7AO7DsZ27MbYoNEX+7SLQ=,eGPm0eEe9YP48yKDdkJhH3uAujU=
-5,5,XkFBMg7AO7DsZ27MbYoNEX+7SLQ=,JP21WYJ2kOKWIDc0IdorAjVnK7U=
-6,2,XkFBMg7AO7DsZ27MbYoNEX+7SLQ=,GfwW1AVcLJe2DGujyxe9B0o+zyI=
-9,3,XkFBMg7AO7DsZ27MbYoNEX+7SLQ=,VbOR3WBzdLOZlGPEdHPa0bh5ub8=
-5,3,XkFBMg7AO7DsZ27MbYoNEX+7SLQ=,GfwW1AVcLJe2DGujyxe9B0o+zyI=
-8,1,XkFBMg7AO7DsZ27MbYoNEX+7SLQ=,CIgc1QdWNIYF5N9qFJ8e9TwXJfk=
-1,15,XkFBMg7AO7DsZ27MbYoNEX+7SLQ=,f/xdQxUfd66U7Jh7yZrhePBALcA=
-6,3,XkFBMg7AO7DsZ27MbYoNEX+7SLQ=,GfwW1AVcLJe2DGujyxe9B0o+zyI=
-7,4,XkFBMg7AO7DsZ27MbYoNEX+7SLQ=,eGPm0eEe9YP48yKDdkJhH3uAujU=
-5,1,XkFBMg7AO7DsZ27MbYoNEX+7SLQ=,q6zpFNY9ExKEIXQGAJC2gOZBHtE=
-5,6,XkFBMg7AO7DsZ27MbYoNEX+7SLQ=,h4CvF2CrWnv/824v8Bktiz2qvZs=
-4,5,XkFBMg7AO7DsZ27MbYoNEX+7SLQ=,ZRcn0+VN1g2ZGLDzGJzklt1SOR0=
-6,6,XkFBMg7AO7DsZ27MbYoNEX+7SLQ=,h4CvF2CrWnv/824v8Bktiz2qvZs=
-16,6,XkFBMg7AO7DsZ27MbYoNEX+7SLQ=,LxjMu0K/Xw15U5bNoVXVJI5ySX0=
-16,8,XkFBMg7AO7DsZ27MbYoNEX+7SLQ=,uLaHIGwkx4i3CSWjdtUhKKq6HNA=
-7,5,XkFBMg7AO7DsZ27MbYoNEX+7SLQ=,eGPm0eEe9YP48yKDdkJhH3uAujU=
-8,3,XkFBMg7AO7DsZ27MbYoNEX+7SLQ=,3m8vHnaIS1uhLT1xsEu+Deq7AKg=
-6,5,XkFBMg7AO7DsZ27MbYoNEX+7SLQ=,JP21WYJ2kOKWIDc0IdorAjVnK7U=
-16,9,XkFBMg7AO7DsZ27MbYoNEX+7SLQ=,uLaHIGwkx4i3CSWjdtUhKKq6HNA=
-8,6,XkFBMg7AO7DsZ27MbYoNEX+7SLQ=,1tKM4mOfraQlYekQorm5JxO4lSU=
-9,6,XkFBMg7AO7DsZ27MbYoNEX+7SLQ=,uUfXq6xzo/XHGGTY0yW4osjmSrY=
-8,5,XkFBMg7AO7DsZ27MbYoNEX+7SLQ=,eGPm0eEe9YP48yKDdkJhH3uAujU=
-7,6,XkFBMg7AO7DsZ27MbYoNEX+7SLQ=,1tKM4mOfraQlYekQorm5JxO4lSU=
-9,5,XkFBMg7AO7DsZ27MbYoNEX+7SLQ=,ts00veZpAaVaoYS2iX/xMqX/ABw=
-16,10,XkFBMg7AO7DsZ27MbYoNEX+7SLQ=,dWN12iFRpI12dtFT9EZ9RMXLQI8=
-8,2,XkFBMg7AO7DsZ27MbYoNEX+7SLQ=,3m8vHnaIS1uhLT1xsEu+Deq7AKg=
-7,2,XkFBMg7AO7DsZ27MbYoNEX+7SLQ=,3m8vHnaIS1uhLT1xsEu+Deq7AKg=
-15,15,XkFBMg7AO7DsZ27MbYoNEX+7SLQ=,SmK6lZ3+e1yDiwZt65lPNlFTHD0=
-16,5,XkFBMg7AO7DsZ27MbYoNEX+7SLQ=,HZxTqmFROm9dyGLE/N+lzaNKB1E=
-14,15,XkFBMg7AO7DsZ27MbYoNEX+7SLQ=,i6RjDCt9k3kOAraRximNJQ6Sdqg=
-10,15,XkFBMg7AO7DsZ27MbYoNEX+7SLQ=,z9ocrSgAk2pmrcYFASUdpfLqSqY=
-16,7,XkFBMg7AO7DsZ27MbYoNEX+7SLQ=,LxjMu0K/Xw15U5bNoVXVJI5ySX0=
-7,3,XkFBMg7AO7DsZ27MbYoNEX+7SLQ=,3m8vHnaIS1uhLT1xsEu+Deq7AKg=
-5,4,XkFBMg7AO7DsZ27MbYoNEX+7SLQ=,JP21WYJ2kOKWIDc0IdorAjVnK7U=
-16,12,XkFBMg7AO7DsZ27MbYoNEX+7SLQ=,vbhoso30NuLJR9qCHhg+2Kuj1ps=
-12,15,XkFBMg7AO7DsZ27MbYoNEX+7SLQ=,bGCbwXZCz+DOptIEtyG/0g4pfto=
-11,15,XkFBMg7AO7DsZ27MbYoNEX+7SLQ=,bGCbwXZCz+DOptIEtyG/0g4pfto=
-13,15,XkFBMg7AO7DsZ27MbYoNEX+7SLQ=,i6RjDCt9k3kOAraRximNJQ6Sdqg=
-10,0,XkFBMg7AO7DsZ27MbYoNEX+7SLQ=,eh7K7khYVeuV3u9nQ7aR0qWaIIs=
-16,11,XkFBMg7AO7DsZ27MbYoNEX+7SLQ=,dWN12iFRpI12dtFT9EZ9RMXLQI8=
-16,14,XkFBMg7AO7DsZ27MbYoNEX+7SLQ=,SmK6lZ3+e1yDiwZt65lPNlFTHD0=
-8,15,XkFBMg7AO7DsZ27MbYoNEX+7SLQ=,7eLTK77MOjZEgiyGypOcoj5NVSI=
-11,0,XkFBMg7AO7DsZ27MbYoNEX+7SLQ=,Lu+e5/61tiJVCvx8RC8BEVtx9pQ=
-16,13,XkFBMg7AO7DsZ27MbYoNEX+7SLQ=,vbhoso30NuLJR9qCHhg+2Kuj1ps=
-8,0,XkFBMg7AO7DsZ27MbYoNEX+7SLQ=,CIgc1QdWNIYF5N9qFJ8e9TwXJfk=
-9,0,XkFBMg7AO7DsZ27MbYoNEX+7SLQ=,eh7K7khYVeuV3u9nQ7aR0qWaIIs=
-7,0,XkFBMg7AO7DsZ27MbYoNEX+7SLQ=,CIgc1QdWNIYF5N9qFJ8e9TwXJfk=
-6,0,XkFBMg7AO7DsZ27MbYoNEX+7SLQ=,q6zpFNY9ExKEIXQGAJC2gOZBHtE=
-16,3,XkFBMg7AO7DsZ27MbYoNEX+7SLQ=,6ckSqhdFc7Bo3Ls3jPQu+J1Ts+o=
-12,0,XkFBMg7AO7DsZ27MbYoNEX+7SLQ=,Lu+e5/61tiJVCvx8RC8BEVtx9pQ=
-16,15,XkFBMg7AO7DsZ27MbYoNEX+7SLQ=,SmK6lZ3+e1yDiwZt65lPNlFTHD0=
-13,0,XkFBMg7AO7DsZ27MbYoNEX+7SLQ=,oO5xwHmtm28tu+SDlgN7dnLv9ss=
-16,4,XkFBMg7AO7DsZ27MbYoNEX+7SLQ=,HZxTqmFROm9dyGLE/N+lzaNKB1E=
-1,0,XkFBMg7AO7DsZ27MbYoNEX+7SLQ=,4PtGdpb/HjapaOkt57rVqNkOC6k=
-8,10,XkFBMg7AO7DsZ27MbYoNEX+7SLQ=,7CCPhfvqwY3DTh3m5pXcSKrzPnc=
-9,7,XkFBMg7AO7DsZ27MbYoNEX+7SLQ=,uUfXq6xzo/XHGGTY0yW4osjmSrY=
-9,8,XkFBMg7AO7DsZ27MbYoNEX+7SLQ=,UIzQ0UPe47bbcqwgSmw4c9TG0MY=
-6,9,XkFBMg7AO7DsZ27MbYoNEX+7SLQ=,JQLnsK1Glu6fm2ScshcVzX4lft0=
-6,8,XkFBMg7AO7DsZ27MbYoNEX+7SLQ=,JQLnsK1Glu6fm2ScshcVzX4lft0=
-7,10,XkFBMg7AO7DsZ27MbYoNEX+7SLQ=,7CCPhfvqwY3DTh3m5pXcSKrzPnc=
-9,9,XkFBMg7AO7DsZ27MbYoNEX+7SLQ=,UIzQ0UPe47bbcqwgSmw4c9TG0MY=
-6,10,XkFBMg7AO7DsZ27MbYoNEX+7SLQ=,9Rbs94flxqE6oBq1PVKTpwN6xMo=
-9,10,XkFBMg7AO7DsZ27MbYoNEX+7SLQ=,O6VdpyfuON76S4EMtr2HLSTnM3g=
-7,7,XkFBMg7AO7DsZ27MbYoNEX+7SLQ=,1tKM4mOfraQlYekQorm5JxO4lSU=
-6,7,XkFBMg7AO7DsZ27MbYoNEX+7SLQ=,h4CvF2CrWnv/824v8Bktiz2qvZs=
-8,7,XkFBMg7AO7DsZ27MbYoNEX+7SLQ=,1tKM4mOfraQlYekQorm5JxO4lSU=
-14,1,XkFBMg7AO7DsZ27MbYoNEX+7SLQ=,oO5xwHmtm28tu+SDlgN7dnLv9ss=
-16,2,XkFBMg7AO7DsZ27MbYoNEX+7SLQ=,6ckSqhdFc7Bo3Ls3jPQu+J1Ts+o=
-14,0,XkFBMg7AO7DsZ27MbYoNEX+7SLQ=,oO5xwHmtm28tu+SDlgN7dnLv9ss=
-15,2,XkFBMg7AO7DsZ27MbYoNEX+7SLQ=,6ckSqhdFc7Bo3Ls3jPQu+J1Ts+o=
-14,2,XkFBMg7AO7DsZ27MbYoNEX+7SLQ=,wE25wkvkVTFG/cWZhMYYorQFL4I=
-8,8,XkFBMg7AO7DsZ27MbYoNEX+7SLQ=,t4Y+36tnR6WV/tUh3xQ6QC9xrso=
-7,8,XkFBMg7AO7DsZ27MbYoNEX+7SLQ=,t4Y+36tnR6WV/tUh3xQ6QC9xrso=
-8,9,XkFBMg7AO7DsZ27MbYoNEX+7SLQ=,t4Y+36tnR6WV/tUh3xQ6QC9xrso=
-7,9,XkFBMg7AO7DsZ27MbYoNEX+7SLQ=,t4Y+36tnR6WV/tUh3xQ6QC9xrso=
-16,1,XkFBMg7AO7DsZ27MbYoNEX+7SLQ=,bcQHK4gg/5SCko/NAmPsyqMHcOU=
-15,1,XkFBMg7AO7DsZ27MbYoNEX+7SLQ=,bcQHK4gg/5SCko/NAmPsyqMHcOU=
-16,0,XkFBMg7AO7DsZ27MbYoNEX+7SLQ=,bcQHK4gg/5SCko/NAmPsyqMHcOU=
-15,0,XkFBMg7AO7DsZ27MbYoNEX+7SLQ=,bcQHK4gg/5SCko/NAmPsyqMHcOU=
