-13,-2,8m8GcTJ9C+CgSA8wedzjtK0lZYc=,+ab1/WysIp0mcZN8kaeM7q2n46o=
-12,-3,8m8GcTJ9C+CgSA8wedzjtK0lZYc=,Ylqo/FOXIphp27FuQYoCmpUNQ6U=
-12,-2,8m8GcTJ9C+CgSA8wedzjtK0lZYc=,jQptv9JOhrRTFHbh+Q7SAAzWsZA=
-13,-3,8m8GcTJ9C+CgSA8wedzjtK0lZYc=,uPGeKj7OYPhRTmD6CMCeXhNMwPw=
-10,-3,8m8GcTJ9C+CgSA8wedzjtK0lZYc=,LvxBTuAt5x/2fV1XkurrNm011rE=
-11,-2,8m8GcTJ9C+CgSA8wedzjtK0lZYc=,jQptv9JOhrRTFHbh+Q7SAAzWsZA=
-11,-3,8m8GcTJ9C+CgSA8wedzjtK0lZYc=,Ylqo/FOXIphp27FuQYoCmpUNQ6U=
-10,-2,8m8GcTJ9C+CgSA8wedzjtK0lZYc=,F3UJQtvmVscTgFqxzzHneDbOCFI=
-13,-4,8m8GcTJ9C+CgSA8wedzjtK0lZYc=,uPGeKj7OYPhRTmD6CMCeXhNMwPw=
-13,-5,8m8GcTJ9C+CgSA8wedzjtK0lZYc=,XodpzqYzbNOKVofuAGmvMkEP6Zs=
-11,-5,8m8GcTJ9C+CgSA8wedzjtK0lZYc=,vJ/Ziqk5jBPEqQZVIkssINL2UGI=
-12,-5,8m8GcTJ9C+CgSA8wedzjtK0lZYc=,vJ/Ziqk5jBPEqQZVIkssINL2UGI=
-10,-5,8m8GcTJ9C+CgSA8wedzjtK0lZYc=,8hMaGqlzdd4cNijeix80bWGB7B0=
-11,-4,8m8GcTJ9C+CgSA8wedzjtK0lZYc=,Ylqo/FOXIphp27FuQYoCmpUNQ6U=
-12,-4,8m8GcTJ9C+CgSA8wedzjtK0lZYc=,Ylqo/FOXIphp27FuQYoCmpUNQ6U=
-10,-4,Md/SwAo94megM8C8JS4wczn9gVs=,LvxBTuAt5x/2fV1XkurrNm011rE=
-14,-4,Md/SwAo94megM8C8JS4wczn9gVs=,uPGeKj7OYPhRTmD6CMCeXhNMwPw=
-15,-4,Md/SwAo94megM8C8JS4wczn9gVs=,2yQZEVPM/ykVw/43DF8/BZIc8Jo=
-14,-5,Md/SwAo94megM8C8JS4wczn9gVs=,XodpzqYzbNOKVofuAGmvMkEP6Zs=
-15,-5,Md/SwAo94megM8C8JS4wczn9gVs=,dWlJZawOg+ftG2EOAJJB4c3kybs=
-12,-6,Md/SwAo94megM8C8JS4wczn9gVs=,vJ/Ziqk5jBPEqQZVIkssINL2UGI=
-12,-7,Md/SwAo94megM8C8JS4wczn9gVs=,E5nezemOseWBhdBVDTZrcgWt6/Y=
-13,-6,Md/SwAo94megM8C8JS4wczn9gVs=,XodpzqYzbNOKVofuAGmvMkEP6Zs=
-14,-6,Md/SwAo94megM8C8JS4wczn9gVs=,XodpzqYzbNOKVofuAGmvMkEP6Zs=
-13,-7,Md/SwAo94megM8C8JS4wczn9gVs=,FboMacAUeTGJ4r6aQtqijoV20/w=
-15,-6,Md/SwAo94megM8C8JS4wczn9gVs=,dWlJZawOg+ftG2EOAJJB4c3kybs=
-14,-7,Md/SwAo94megM8C8JS4wczn9gVs=,FboMacAUeTGJ4r6aQtqijoV20/w=
-15,-7,Md/SwAo94megM8C8JS4wczn9gVs=,ZTM56W7k1fGBy4xpFmrOIw9zrpA=
-13,-8,Md/SwAo94megM8C8JS4wczn9gVs=,FboMacAUeTGJ4r6aQtqijoV20/w=
-13,-9,Md/SwAo94megM8C8JS4wczn9gVs=,GAkBf7TA1wMW7QSRj3tnCHq3J6Y=
-12,-9,Md/SwAo94megM8C8JS4wczn9gVs=,m1TjgBX22sZN5b5GozLbNy8U1Zc=
-12,-8,Md/SwAo94megM8C8JS4wczn9gVs=,E5nezemOseWBhdBVDTZrcgWt6/Y=
-14,-9,Md/SwAo94megM8C8JS4wczn9gVs=,GAkBf7TA1wMW7QSRj3tnCHq3J6Y=
-14,-8,Md/SwAo94megM8C8JS4wczn9gVs=,FboMacAUeTGJ4r6aQtqijoV20/w=
-15,-9,Md/SwAo94megM8C8JS4wczn9gVs=,qTyY0aKUfrU4AtkEJkY2e8hi4H8=
-15,-8,Md/SwAo94megM8C8JS4wczn9gVs=,ZTM56W7k1fGBy4xpFmrOIw9zrpA=
-12,-11,Md/SwAo94megM8C8JS4wczn9gVs=,w9kWPNC/rMWKxLnBWCM/d41hk+M=
-13,-10,Md/SwAo94megM8C8JS4wczn9gVs=,GAkBf7TA1wMW7QSRj3tnCHq3J6Y=
-13,-11,Md/SwAo94megM8C8JS4wczn9gVs=,wpMlZ++X0SIVILlgtDBCi2zHl40=
-12,-10,Md/SwAo94megM8C8JS4wczn9gVs=,m1TjgBX22sZN5b5GozLbNy8U1Zc=
-14,-10,Md/SwAo94megM8C8JS4wczn9gVs=,GAkBf7TA1wMW7QSRj3tnCHq3J6Y=
-14,-11,Md/SwAo94megM8C8JS4wczn9gVs=,wpMlZ++X0SIVILlgtDBCi2zHl40=
-15,-10,Md/SwAo94megM8C8JS4wczn9gVs=,qTyY0aKUfrU4AtkEJkY2e8hi4H8=
-15,-11,Md/SwAo94megM8C8JS4wczn9gVs=,zm5ppUJ1QTEuLC4Si6YjPdEScxA=
-13,-12,Md/SwAo94megM8C8JS4wczn9gVs=,wpMlZ++X0SIVILlgtDBCi2zHl40=
-12,-13,Md/SwAo94megM8C8JS4wczn9gVs=,8ylNYguVXAG8MZE7jYTWbgeaI9Q=
-12,-12,eeZl7bIyIjGbvQeg7xxebVItCeM=,w9kWPNC/rMWKxLnBWCM/d41hk+M=
-13,-13,eeZl7bIyIjGbvQeg7xxebVItCeM=,3ccc2yq9HPXD0pbWq4U5zX07FrQ=
-14,-12,eeZl7bIyIjGbvQeg7xxebVItCeM=,wpMlZ++X0SIVILlgtDBCi2zHl40=
-14,-13,eeZl7bIyIjGbvQeg7xxebVItCeM=,3ccc2yq9HPXD0pbWq4U5zX07FrQ=
-15,-12,eeZl7bIyIjGbvQeg7xxebVItCeM=,zm5ppUJ1QTEuLC4Si6YjPdEScxA=
-15,-13,eeZl7bIyIjGbvQeg7xxebVItCeM=,zOOtNGkYwMd9dZmjkNs6H3VAhz0=
-14,-14,eeZl7bIyIjGbvQeg7xxebVItCeM=,3ccc2yq9HPXD0pbWq4U5zX07FrQ=
-14,-15,eeZl7bIyIjGbvQeg7xxebVItCeM=,xODFto9TEVHK2SZKyNTKABgT3xA=
-15,-15,eeZl7bIyIjGbvQeg7xxebVItCeM=,ua3FPY4cc+hn4hiHdNr+TH4F6fU=
-15,-14,eeZl7bIyIjGbvQeg7xxebVItCeM=,zOOtNGkYwMd9dZmjkNs6H3VAhz0=
-12,-15,eeZl7bIyIjGbvQeg7xxebVItCeM=,A+QflqhQotNSUdG4KUnwePMIypY=
-13,-14,eeZl7bIyIjGbvQeg7xxebVItCeM=,3ccc2yq9HPXD0pbWq4U5zX07FrQ=
-13,-15,eeZl7bIyIjGbvQeg7xxebVItCeM=,xODFto9TEVHK2SZKyNTKABgT3xA=
-12,-14,eeZl7bIyIjGbvQeg7xxebVItCeM=,8ylNYguVXAG8MZE7jYTWbgeaI9Q=
-11,-15,eeZl7bIyIjGbvQeg7xxebVItCeM=,A+QflqhQotNSUdG4KUnwePMIypY=
-11,-14,eeZl7bIyIjGbvQeg7xxebVItCeM=,8ylNYguVXAG8MZE7jYTWbgeaI9Q=
-10,-15,eeZl7bIyIjGbvQeg7xxebVItCeM=,9+uq/E9L/6zVMsXd36itQrXJpAg=
-10,-14,eeZl7bIyIjGbvQeg7xxebVItCeM=,oAp4O3bH/nYosDnq91syTQ7PxgQ=
-9,-14,eeZl7bIyIjGbvQeg7xxebVItCeM=,oAp4O3bH/nYosDnq91syTQ7PxgQ=
-8,-14,eeZl7bIyIjGbvQeg7xxebVItCeM=,tj4OT7RbGmmKkaQYUuOFXFFKyv0=
-9,-15,eeZl7bIyIjGbvQeg7xxebVItCeM=,9+uq/E9L/6zVMsXd36itQrXJpAg=
-8,-15,eeZl7bIyIjGbvQeg7xxebVItCeM=,hadkQs7GW0qmEwLpr5MYmbxMt2E=
-10,-12,eeZl7bIyIjGbvQeg7xxebVItCeM=,NpZi7vvv1YmwKzXLQ/qJeLsHUAs=
-11,-13,eeZl7bIyIjGbvQeg7xxebVItCeM=,8ylNYguVXAG8MZE7jYTWbgeaI9Q=
-11,-12,eeZl7bIyIjGbvQeg7xxebVItCeM=,w9kWPNC/rMWKxLnBWCM/d41hk+M=
-10,-13,eeZl7bIyIjGbvQeg7xxebVItCeM=,oAp4O3bH/nYosDnq91syTQ7PxgQ=
-8,-13,eeZl7bIyIjGbvQeg7xxebVItCeM=,tj4OT7RbGmmKkaQYUuOFXFFKyv0=
-11,-10,eeZl7bIyIjGbvQeg7xxebVItCeM=,m1TjgBX22sZN5b5GozLbNy8U1Zc=
-8,-12,eeZl7bIyIjGbvQeg7xxebVItCeM=,10Liq6aG1Fy1zW18KAibeZ93xZc=
-9,-12,eeZl7bIyIjGbvQeg7xxebVItCeM=,NpZi7vvv1YmwKzXLQ/qJeLsHUAs=
-11,-11,eeZl7bIyIjGbvQeg7xxebVItCeM=,w9kWPNC/rMWKxLnBWCM/d41hk+M=
-10,-10,eeZl7bIyIjGbvQeg7xxebVItCeM=,dgUxZKjG87LZvA8Ee3ErIdilO/A=
-8,-11,eeZl7bIyIjGbvQeg7xxebVItCeM=,10Liq6aG1Fy1zW18KAibeZ93xZc=
-9,-13,eeZl7bIyIjGbvQeg7xxebVItCeM=,oAp4O3bH/nYosDnq91syTQ7PxgQ=
-10,-11,4RPC6gOgZQQr2CAZ6RdCrCKVk6s=,NpZi7vvv1YmwKzXLQ/qJeLsHUAs=
-8,-10,4RPC6gOgZQQr2CAZ6RdCrCKVk6s=,7H8msoc9TgIaHziLCdv7tAmkWe4=
-9,-11,4RPC6gOgZQQr2CAZ6RdCrCKVk6s=,NpZi7vvv1YmwKzXLQ/qJeLsHUAs=
-9,-10,4RPC6gOgZQQr2CAZ6RdCrCKVk6s=,dgUxZKjG87LZvA8Ee3ErIdilO/A=
-7,-10,4RPC6gOgZQQr2CAZ6RdCrCKVk6s=,7H8msoc9TgIaHziLCdv7tAmkWe4=
-6,-11,4RPC6gOgZQQr2CAZ6RdCrCKVk6s=,8T/ykz23227iI52//dfPV5J1RFs=
-7,-11,4RPC6gOgZQQr2CAZ6RdCrCKVk6s=,10Liq6aG1Fy1zW18KAibeZ93xZc=
-6,-10,4RPC6gOgZQQr2CAZ6RdCrCKVk6s=,Xk8bWAYnXIQkgkIsIzI9eWE1wrU=
-5,-10,4RPC6gOgZQQr2CAZ6RdCrCKVk6s=,Xk8bWAYnXIQkgkIsIzI9eWE1wrU=
-4,-11,4RPC6gOgZQQr2CAZ6RdCrCKVk6s=,RTZUtcVnUgyyRMUvGo2lK/IEKGY=
-4,-10,4RPC6gOgZQQr2CAZ6RdCrCKVk6s=,eIAGkrQyrt4Yx+fgFVqgGdHs398=
-5,-11,4RPC6gOgZQQr2CAZ6RdCrCKVk6s=,8T/ykz23227iI52//dfPV5J1RFs=
-2,-11,4RPC6gOgZQQr2CAZ6RdCrCKVk6s=,T+/yWCwJRVfchYBdUxUKRUfLrt8=
-3,-10,4RPC6gOgZQQr2CAZ6RdCrCKVk6s=,eIAGkrQyrt4Yx+fgFVqgGdHs398=
-3,-11,4RPC6gOgZQQr2CAZ6RdCrCKVk6s=,RTZUtcVnUgyyRMUvGo2lK/IEKGY=
-2,-10,4RPC6gOgZQQr2CAZ6RdCrCKVk6s=,cH3XuX5LYdyidSBR+j0EFCk2nrg=
-3,-9,4RPC6gOgZQQr2CAZ6RdCrCKVk6s=,eIAGkrQyrt4Yx+fgFVqgGdHs398=
-2,-9,4RPC6gOgZQQr2CAZ6RdCrCKVk6s=,cH3XuX5LYdyidSBR+j0EFCk2nrg=
-3,-8,4RPC6gOgZQQr2CAZ6RdCrCKVk6s=,SHtsRmmINRic5DNGYz/O3xD2+p8=
-2,-8,4RPC6gOgZQQr2CAZ6RdCrCKVk6s=,qzhiUZBN01tsTLiN6ygOcgBv26A=
-3,-6,6/COJ17853KFQpww1CGBib0Y8OQ=,8Iq1D+2KrUyt4dbpehB9xmBwodI=
-2,-7,6/COJ17853KFQpww1CGBib0Y8OQ=,qzhiUZBN01tsTLiN6ygOcgBv26A=
-3,-7,6/COJ17853KFQpww1CGBib0Y8OQ=,SHtsRmmINRic5DNGYz/O3xD2+p8=
-3,-5,6/COJ17853KFQpww1CGBib0Y8OQ=,8Iq1D+2KrUyt4dbpehB9xmBwodI=
-2,-6,6/COJ17853KFQpww1CGBib0Y8OQ=,KLOwRG07tmQx6GT7hOLtJ+8I9ME=
-3,-4,6/COJ17853KFQpww1CGBib0Y8OQ=,u76XwedOcuTQmL+fNFELrsRetIM=
-2,-4,6/COJ17853KFQpww1CGBib0Y8OQ=,cpYn2UPVzASybv22lHI4LbmBEkc=
-2,-5,6/COJ17853KFQpww1CGBib0Y8OQ=,KLOwRG07tmQx6GT7hOLtJ+8I9ME=
-3,-3,6/COJ17853KFQpww1CGBib0Y8OQ=,u76XwedOcuTQmL+fNFELrsRetIM=
-2,-3,6/COJ17853KFQpww1CGBib0Y8OQ=,cpYn2UPVzASybv22lHI4LbmBEkc=
-2,-2,6/COJ17853KFQpww1CGBib0Y8OQ=,rF+9jQAWMIlR7yAe4TdiKo1JwWI=
-3,-2,6/COJ17853KFQpww1CGBib0Y8OQ=,JNy/94J4aGvkrRU3tSLsyFdB0A4=
-5,-3,6/COJ17853KFQpww1CGBib0Y8OQ=,6JNI6dkGTLKDZ5P5rfmqhCv0lmo=
-4,-2,6/COJ17853KFQpww1CGBib0Y8OQ=,JNy/94J4aGvkrRU3tSLsyFdB0A4=
-4,-3,6/COJ17853KFQpww1CGBib0Y8OQ=,u76XwedOcuTQmL+fNFELrsRetIM=
-6,-3,6/COJ17853KFQpww1CGBib0Y8OQ=,6JNI6dkGTLKDZ5P5rfmqhCv0lmo=
-5,-2,6/COJ17853KFQpww1CGBib0Y8OQ=,04shAcM+QBmtWtYvm5BO8Tl26qw=
-6,-2,6/COJ17853KFQpww1CGBib0Y8OQ=,04shAcM+QBmtWtYvm5BO8Tl26qw=
-8,-5,6/COJ17853KFQpww1CGBib0Y8OQ=,SmqmO4wVpg2EvjNVr5MunPpPlr8=
-9,-3,6/COJ17853KFQpww1CGBib0Y8OQ=,LvxBTuAt5x/2fV1XkurrNm011rE=
-9,-5,6/COJ17853KFQpww1CGBib0Y8OQ=,8hMaGqlzdd4cNijeix80bWGB7B0=
-8,-3,6/COJ17853KFQpww1CGBib0Y8OQ=,B+vm3bLNRl9iqxsAtQmnVIAaSjw=
-7,-3,6/COJ17853KFQpww1CGBib0Y8OQ=,B+vm3bLNRl9iqxsAtQmnVIAaSjw=
-8,-4,6/COJ17853KFQpww1CGBib0Y8OQ=,B+vm3bLNRl9iqxsAtQmnVIAaSjw=
-9,-4,6/COJ17853KFQpww1CGBib0Y8OQ=,LvxBTuAt5x/2fV1XkurrNm011rE=
-4,-4,6/COJ17853KFQpww1CGBib0Y8OQ=,u76XwedOcuTQmL+fNFELrsRetIM=
-9,-2,6/COJ17853KFQpww1CGBib0Y8OQ=,F3UJQtvmVscTgFqxzzHneDbOCFI=
-4,-5,6/COJ17853KFQpww1CGBib0Y8OQ=,8Iq1D+2KrUyt4dbpehB9xmBwodI=
-7,-4,6/COJ17853KFQpww1CGBib0Y8OQ=,B+vm3bLNRl9iqxsAtQmnVIAaSjw=
-6,-5,6/COJ17853KFQpww1CGBib0Y8OQ=,NFYfNCWj7z+89yPlCe+vT0e6FFo=
-8,-2,6/COJ17853KFQpww1CGBib0Y8OQ=,MHDzmLIpSYzzKh5vfO1/5QHzceg=
-6,-4,6/COJ17853KFQpww1CGBib0Y8OQ=,6JNI6dkGTLKDZ5P5rfmqhCv0lmo=
-7,-2,6/COJ17853KFQpww1CGBib0Y8OQ=,MHDzmLIpSYzzKh5vfO1/5QHzceg=
-5,-5,6/COJ17853KFQpww1CGBib0Y8OQ=,NFYfNCWj7z+89yPlCe+vT0e6FFo=
-4,-7,6/COJ17853KFQpww1CGBib0Y8OQ=,SHtsRmmINRic5DNGYz/O3xD2+p8=
-4,-9,6/COJ17853KFQpww1CGBib0Y8OQ=,eIAGkrQyrt4Yx+fgFVqgGdHs398=
-7,-5,6/COJ17853KFQpww1CGBib0Y8OQ=,SmqmO4wVpg2EvjNVr5MunPpPlr8=
-4,-8,6/COJ17853KFQpww1CGBib0Y8OQ=,SHtsRmmINRic5DNGYz/O3xD2+p8=
-4,-6,6/COJ17853KFQpww1CGBib0Y8OQ=,8Iq1D+2KrUyt4dbpehB9xmBwodI=
-5,-4,6/COJ17853KFQpww1CGBib0Y8OQ=,6JNI6dkGTLKDZ5P5rfmqhCv0lmo=
-5,-9,6/COJ17853KFQpww1CGBib0Y8OQ=,Xk8bWAYnXIQkgkIsIzI9eWE1wrU=
-5,-6,6/COJ17853KFQpww1CGBib0Y8OQ=,NFYfNCWj7z+89yPlCe+vT0e6FFo=
-7,-9,6/COJ17853KFQpww1CGBib0Y8OQ=,7H8msoc9TgIaHziLCdv7tAmkWe4=
-13,-1,6/COJ17853KFQpww1CGBib0Y8OQ=,+ab1/WysIp0mcZN8kaeM7q2n46o=
-6,-6,6/COJ17853KFQpww1CGBib0Y8OQ=,NFYfNCWj7z+89yPlCe+vT0e6FFo=
-12,-1,6/COJ17853KFQpww1CGBib0Y8OQ=,jQptv9JOhrRTFHbh+Q7SAAzWsZA=
-6,-9,6/COJ17853KFQpww1CGBib0Y8OQ=,Xk8bWAYnXIQkgkIsIzI9eWE1wrU=
-7,-6,6/COJ17853KFQpww1CGBib0Y8OQ=,SmqmO4wVpg2EvjNVr5MunPpPlr8=
-16,-7,6/COJ17853KFQpww1CGBib0Y8OQ=,ZTM56W7k1fGBy4xpFmrOIw9zrpA=
-16,-6,6/COJ17853KFQpww1CGBib0Y8OQ=,dWlJZawOg+ftG2EOAJJB4c3kybs=
-11,-7,6/COJ17853KFQpww1CGBib0Y8OQ=,E5nezemOseWBhdBVDTZrcgWt6/Y=
-7,-7,6/COJ17853KFQpww1CGBib0Y8OQ=,Vf1H0h2sx5ABoFMSkTm5LsiF/t0=
-8,-8,6/COJ17853KFQpww1CGBib0Y8OQ=,Vf1H0h2sx5ABoFMSkTm5LsiF/t0=
-8,-6,6/COJ17853KFQpww1CGBib0Y8OQ=,SmqmO4wVpg2EvjNVr5MunPpPlr8=
-8,-9,6/COJ17853KFQpww1CGBib0Y8OQ=,7H8msoc9TgIaHziLCdv7tAmkWe4=
-7,-8,6/COJ17853KFQpww1CGBib0Y8OQ=,Vf1H0h2sx5ABoFMSkTm5LsiF/t0=
-9,-9,6/COJ17853KFQpww1CGBib0Y8OQ=,dgUxZKjG87LZvA8Ee3ErIdilO/A=
-16,-8,6/COJ17853KFQpww1CGBib0Y8OQ=,ZTM56W7k1fGBy4xpFmrOIw9zrpA=
-16,-9,6/COJ17853KFQpww1CGBib0Y8OQ=,qTyY0aKUfrU4AtkEJkY2e8hi4H8=
-11,-6,6/COJ17853KFQpww1CGBib0Y8OQ=,vJ/Ziqk5jBPEqQZVIkssINL2UGI=
-10,-8,6/COJ17853KFQpww1CGBib0Y8OQ=,X81yOemG1c5bH04RkbVr8LpSHA4=
-9,-8,6/COJ17853KFQpww1CGBib0Y8OQ=,X81yOemG1c5bH04RkbVr8LpSHA4=
-16,-5,6/COJ17853KFQpww1CGBib0Y8OQ=,dWlJZawOg+ftG2EOAJJB4c3kybs=
-5,-7,6/COJ17853KFQpww1CGBib0Y8OQ=,eEJI3Gxi2RJDAoy7fOkPawOnH94=
-9,-6,6/COJ17853KFQpww1CGBib0Y8OQ=,8hMaGqlzdd4cNijeix80bWGB7B0=
-16,-12,6/COJ17853KFQpww1CGBib0Y8OQ=,zm5ppUJ1QTEuLC4Si6YjPdEScxA=
-10,-6,6/COJ17853KFQpww1CGBib0Y8OQ=,8hMaGqlzdd4cNijeix80bWGB7B0=
-16,-13,6/COJ17853KFQpww1CGBib0Y8OQ=,zOOtNGkYwMd9dZmjkNs6H3VAhz0=
-11,-9,6/COJ17853KFQpww1CGBib0Y8OQ=,m1TjgBX22sZN5b5GozLbNy8U1Zc=
-16,-4,6/COJ17853KFQpww1CGBib0Y8OQ=,2yQZEVPM/ykVw/43DF8/BZIc8Jo=
-9,-7,6/COJ17853KFQpww1CGBib0Y8OQ=,X81yOemG1c5bH04RkbVr8LpSHA4=
-16,-15,6/COJ17853KFQpww1CGBib0Y8OQ=,ua3FPY4cc+hn4hiHdNr+TH4F6fU=
-6,-7,6/COJ17853KFQpww1CGBib0Y8OQ=,eEJI3Gxi2RJDAoy7fOkPawOnH94=
-16,-11,6/COJ17853KFQpww1CGBib0Y8OQ=,zm5ppUJ1QTEuLC4Si6YjPdEScxA=
-6,-8,6/COJ17853KFQpww1CGBib0Y8OQ=,eEJI3Gxi2RJDAoy7fOkPawOnH94=
-16,-10,6/COJ17853KFQpww1CGBib0Y8OQ=,qTyY0aKUfrU4AtkEJkY2e8hi4H8=
-5,-8,6/COJ17853KFQpww1CGBib0Y8OQ=,eEJI3Gxi2RJDAoy7fOkPawOnH94=
-16,-14,6/COJ17853KFQpww1CGBib0Y8OQ=,zOOtNGkYwMd9dZmjkNs6H3VAhz0=
-11,-8,6/COJ17853KFQpww1CGBib0Y8OQ=,E5nezemOseWBhdBVDTZrcgWt6/Y=
-11,-16,6/COJ17853KFQpww1CGBib0Y8OQ=,A+QflqhQotNSUdG4KUnwePMIypY=
-8,-7,6/COJ17853KFQpww1CGBib0Y8OQ=,Vf1H0h2sx5ABoFMSkTm5LsiF/t0=
-10,-16,6/COJ17853KFQpww1CGBib0Y8OQ=,9+uq/E9L/6zVMsXd36itQrXJpAg=
-12,-16,6/COJ17853KFQpww1CGBib0Y8OQ=,A+QflqhQotNSUdG4KUnwePMIypY=
-14,-16,6/COJ17853KFQpww1CGBib0Y8OQ=,xODFto9TEVHK2SZKyNTKABgT3xA=
-15,-3,6/COJ17853KFQpww1CGBib0Y8OQ=,2yQZEVPM/ykVw/43DF8/BZIc8Jo=
-10,-9,6/COJ17853KFQpww1CGBib0Y8OQ=,dgUxZKjG87LZvA8Ee3ErIdilO/A=
-13,-16,6/COJ17853KFQpww1CGBib0Y8OQ=,xODFto9TEVHK2SZKyNTKABgT3xA=
-15,-16,6/COJ17853KFQpww1CGBib0Y8OQ=,ua3FPY4cc+hn4hiHdNr+TH4F6fU=
-14,-2,6/COJ17853KFQpww1CGBib0Y8OQ=,+ab1/WysIp0mcZN8kaeM7q2n46o=
-10,-7,6/COJ17853KFQpww1CGBib0Y8OQ=,X81yOemG1c5bH04RkbVr8LpSHA4=
-8,-16,6/COJ17853KFQpww1CGBib0Y8OQ=,hadkQs7GW0qmEwLpr5MYmbxMt2E=
-14,-3,6/COJ17853KFQpww1CGBib0Y8OQ=,uPGeKj7OYPhRTmD6CMCeXhNMwPw=
-16,-3,6/COJ17853KFQpww1CGBib0Y8OQ=,2yQZEVPM/ykVw/43DF8/BZIc8Jo=
-14,-1,6/COJ17853KFQpww1CGBib0Y8OQ=,+ab1/WysIp0mcZN8kaeM7q2n46o=
-9,-16,6/COJ17853KFQpww1CGBib0Y8OQ=,9+uq/E9L/6zVMsXd36itQrXJpAg=
-7,-16,6/COJ17853KFQpww1CGBib0Y8OQ=,hadkQs7GW0qmEwLpr5MYmbxMt2E=
-7,-12,6/COJ17853KFQpww1CGBib0Y8OQ=,10Liq6aG1Fy1zW18KAibeZ93xZc=
-16,-1,6/COJ17853KFQpww1CGBib0Y8OQ=,bcMgoYitvGP2/3WuBxrvb06nchk=
-7,-14,6/COJ17853KFQpww1CGBib0Y8OQ=,tj4OT7RbGmmKkaQYUuOFXFFKyv0=
-4,-12,6/COJ17853KFQpww1CGBib0Y8OQ=,RTZUtcVnUgyyRMUvGo2lK/IEKGY=
-7,-13,6/COJ17853KFQpww1CGBib0Y8OQ=,tj4OT7RbGmmKkaQYUuOFXFFKyv0=
-6,-12,6/COJ17853KFQpww1CGBib0Y8OQ=,8T/ykz23227iI52//dfPV5J1RFs=
-7,-15,6/COJ17853KFQpww1CGBib0Y8OQ=,hadkQs7GW0qmEwLpr5MYmbxMt2E=
-5,-12,6/COJ17853KFQpww1CGBib0Y8OQ=,8T/ykz23227iI52//dfPV5J1RFs=
-6,-14,6/COJ17853KFQpww1CGBib0Y8OQ=,26BDBwWxD3FgS6QwMueXtQG+6YQ=
-1,-11,6/COJ17853KFQpww1CGBib0Y8OQ=,T+/yWCwJRVfchYBdUxUKRUfLrt8=
-15,-1,6/COJ17853KFQpww1CGBib0Y8OQ=,bcMgoYitvGP2/3WuBxrvb06nchk=
-1,-9,6/COJ17853KFQpww1CGBib0Y8OQ=,cH3XuX5LYdyidSBR+j0EFCk2nrg=
-1,-8,6/COJ17853KFQpww1CGBib0Y8OQ=,qzhiUZBN01tsTLiN6ygOcgBv26A=
-4,-13,6/COJ17853KFQpww1CGBib0Y8OQ=,xFjPnHXNNlPMX9rv96whqAF/44I=
-16,-2,6/COJ17853KFQpww1CGBib0Y8OQ=,bcMgoYitvGP2/3WuBxrvb06nchk=
-1,-6,6/COJ17853KFQpww1CGBib0Y8OQ=,KLOwRG07tmQx6GT7hOLtJ+8I9ME=
-4,-15,6/COJ17853KFQpww1CGBib0Y8OQ=,mADi7GjCKXGdzqvEs8bNwss2C5c=
-15,-2,6/COJ17853KFQpww1CGBib0Y8OQ=,bcMgoYitvGP2/3WuBxrvb06nchk=
-6,-13,6/COJ17853KFQpww1CGBib0Y8OQ=,26BDBwWxD3FgS6QwMueXtQG+6YQ=
-1,-12,6/COJ17853KFQpww1CGBib0Y8OQ=,T+/yWCwJRVfchYBdUxUKRUfLrt8=
-2,-12,6/COJ17853KFQpww1CGBib0Y8OQ=,T+/yWCwJRVfchYBdUxUKRUfLrt8=
-5,-13,6/COJ17853KFQpww1CGBib0Y8OQ=,26BDBwWxD3FgS6QwMueXtQG+6YQ=
-1,-4,6/COJ17853KFQpww1CGBib0Y8OQ=,cpYn2UPVzASybv22lHI4LbmBEkc=
-5,-14,6/COJ17853KFQpww1CGBib0Y8OQ=,26BDBwWxD3FgS6QwMueXtQG+6YQ=
-1,-5,6/COJ17853KFQpww1CGBib0Y8OQ=,KLOwRG07tmQx6GT7hOLtJ+8I9ME=
-1,-7,6/COJ17853KFQpww1CGBib0Y8OQ=,qzhiUZBN01tsTLiN6ygOcgBv26A=
-3,-12,6/COJ17853KFQpww1CGBib0Y8OQ=,RTZUtcVnUgyyRMUvGo2lK/IEKGY=
-1,-2,6/COJ17853KFQpww1CGBib0Y8OQ=,rF+9jQAWMIlR7yAe4TdiKo1JwWI=
-3,-13,6/COJ17853KFQpww1CGBib0Y8OQ=,xFjPnHXNNlPMX9rv96whqAF/44I=
-1,-10,6/COJ17853KFQpww1CGBib0Y8OQ=,cH3XuX5LYdyidSBR+j0EFCk2nrg=
-4,-16,6/COJ17853KFQpww1CGBib0Y8OQ=,mADi7GjCKXGdzqvEs8bNwss2C5c=
-1,-3,6/COJ17853KFQpww1CGBib0Y8OQ=,cpYn2UPVzASybv22lHI4LbmBEkc=
-2,-1,6/COJ17853KFQpww1CGBib0Y8OQ=,rF+9jQAWMIlR7yAe4TdiKo1JwWI=
-5,-1,6/COJ17853KFQpww1CGBib0Y8OQ=,04shAcM+QBmtWtYvm5BO8Tl26qw=
-3,-1,6/COJ17853KFQpww1CGBib0Y8OQ=,JNy/94J4aGvkrRU3tSLsyFdB0A4=
-6,-16,6/COJ17853KFQpww1CGBib0Y8OQ=,ZHFyxuNA1nsqIo0EL6d+q+FYAQA=
-7,-1,6/COJ17853KFQpww1CGBib0Y8OQ=,MHDzmLIpSYzzKh5vfO1/5QHzceg=
-11,-1,6/COJ17853KFQpww1CGBib0Y8OQ=,jQptv9JOhrRTFHbh+Q7SAAzWsZA=
-4,-14,6/COJ17853KFQpww1CGBib0Y8OQ=,xFjPnHXNNlPMX9rv96whqAF/44I=
-4,-1,6/COJ17853KFQpww1CGBib0Y8OQ=,JNy/94J4aGvkrRU3tSLsyFdB0A4=
-16,-16,6/COJ17853KFQpww1CGBib0Y8OQ=,ua3FPY4cc+hn4hiHdNr+TH4F6fU=
-6,-1,6/COJ17853KFQpww1CGBib0Y8OQ=,04shAcM+QBmtWtYvm5BO8Tl26qw=
-1,-1,6/COJ17853KFQpww1CGBib0Y8OQ=,rF+9jQAWMIlR7yAe4TdiKo1JwWI=
-9,-1,6/COJ17853KFQpww1CGBib0Y8OQ=,F3UJQtvmVscTgFqxzzHneDbOCFI=
-8,-1,6/COJ17853KFQpww1CGBib0Y8OQ=,MHDzmLIpSYzzKh5vfO1/5QHzceg=
-1,-13,6/COJ17853KFQpww1CGBib0Y8OQ=,PckhNtiQBqNfMLqfRHBlflJOlv0=
-3,-15,6/COJ17853KFQpww1CGBib0Y8OQ=,mADi7GjCKXGdzqvEs8bNwss2C5c=
-6,-15,6/COJ17853KFQpww1CGBib0Y8OQ=,ZHFyxuNA1nsqIo0EL6d+q+FYAQA=
-2,-13,6/COJ17853KFQpww1CGBib0Y8OQ=,PckhNtiQBqNfMLqfRHBlflJOlv0=
-3,-16,6/COJ17853KFQpww1CGBib0Y8OQ=,mADi7GjCKXGdzqvEs8bNwss2C5c=
-10,-1,6/COJ17853KFQpww1CGBib0Y8OQ=,F3UJQtvmVscTgFqxzzHneDbOCFI=
-3,-14,6/COJ17853KFQpww1CGBib0Y8OQ=,xFjPnHXNNlPMX9rv96whqAF/44I=
-5,-15,6/COJ17853KFQpww1CGBib0Y8OQ=,ZHFyxuNA1nsqIo0EL6d+q+FYAQA=
-5,-16,6/COJ17853KFQpww1CGBib0Y8OQ=,ZHFyxuNA1nsqIo0EL6d+q+FYAQA=
-1,-14,6/COJ17853KFQpww1CGBib0Y8OQ=,PckhNtiQBqNfMLqfRHBlflJOlv0=
-2,-14,6/COJ17853KFQpww1CGBib0Y8OQ=,PckhNtiQBqNfMLqfRHBlflJOlv0=
-1,-16,6/COJ17853KFQpww1CGBib0Y8OQ=,hVb0iGH6ESPrFqJqv0u5g5dx0T8=
-1,-15,6/COJ17853KFQpww1CGBib0Y8OQ=,hVb0iGH6ESPrFqJqv0u5g5dx0T8=
-2,-16,6/COJ17853KFQpww1CGBib0Y8OQ=,hVb0iGH6ESPrFqJqv0u5g5dx0T8=
-2,-15,6/COJ17853KFQpww1CGBib0Y8OQ=,hVb0iGH6ESPrFqJqv0u5g5dx0T8=
-15,-19,1bKT6KL/Wg3VNtWyyoo3xEqI8u0=,QYdeYjkhmU4as+puv9LDPHTlJJc=
-14,-18,1bKT6KL/Wg3VNtWyyoo3xEqI8u0=,JNhBNTL2hJZD0IaTXNa+eHKGY8g=
-14,-19,1bKT6KL/Wg3VNtWyyoo3xEqI8u0=,PizL64SHGBvkEvc+Ra3ou0sp5fE=
-15,-18,1bKT6KL/Wg3VNtWyyoo3xEqI8u0=,j+32BEJYdf8ZA5io15B915DcQ1Y=
-14,-20,1bKT6KL/Wg3VNtWyyoo3xEqI8u0=,PizL64SHGBvkEvc+Ra3ou0sp5fE=
-14,-22,1bKT6KL/Wg3VNtWyyoo3xEqI8u0=,zmhYvMdvVnNlN/vhd2QzB7BJHqY=
-14,-21,1bKT6KL/Wg3VNtWyyoo3xEqI8u0=,zmhYvMdvVnNlN/vhd2QzB7BJHqY=
-15,-21,1bKT6KL/Wg3VNtWyyoo3xEqI8u0=,h3odB47075ldiSY17GNu1tvlDuo=
-15,-20,1bKT6KL/Wg3VNtWyyoo3xEqI8u0=,QYdeYjkhmU4as+puv9LDPHTlJJc=
-15,-23,1bKT6KL/Wg3VNtWyyoo3xEqI8u0=,xs5iRspY+/rz+Vtf9lpJpF0xBH0=
-14,-23,1bKT6KL/Wg3VNtWyyoo3xEqI8u0=,2/Qln0xTzoVjYX8Ev+VGlBNQqCM=
-15,-25,1bKT6KL/Wg3VNtWyyoo3xEqI8u0=,8kIVWcXWArS27Ctub98Ko4iSE88=
-14,-24,NCJMbf076lyQBuOWkc9nyfmo8W0=,2/Qln0xTzoVjYX8Ev+VGlBNQqCM=
-15,-22,NCJMbf076lyQBuOWkc9nyfmo8W0=,h3odB47075ldiSY17GNu1tvlDuo=
-15,-24,NCJMbf076lyQBuOWkc9nyfmo8W0=,xs5iRspY+/rz+Vtf9lpJpF0xBH0=
-14,-25,NCJMbf076lyQBuOWkc9nyfmo8W0=,p7AIx99CnUnYoPHtyB/Lc/5NBIs=
-15,-27,F8vOEqZWl/HgoCjNuJaq8a5kUlo=,XBKP2i1ztkFUHLe9T7xPHY5UG0E=
-14,-26,Qasec5yPwBTB5hbi1+PIiXgGDDY=,p7AIx99CnUnYoPHtyB/Lc/5NBIs=
-15,-26,Qasec5yPwBTB5hbi1+PIiXgGDDY=,8kIVWcXWArS27Ctub98Ko4iSE88=
-14,-27,Qasec5yPwBTB5hbi1+PIiXgGDDY=,y7etcUbUesIW6YJcYt06VIf2dUM=
-15,-28,Qasec5yPwBTB5hbi1+PIiXgGDDY=,XBKP2i1ztkFUHLe9T7xPHY5UG0E=
-14,-28,OqTjsHVOcleWrS0vJ43iw99aOl4=,y7etcUbUesIW6YJcYt06VIf2dUM=
-14,-29,OqTjsHVOcleWrS0vJ43iw99aOl4=,6IsHIPg146r1HYcpeEUJjdtasIc=
-15,-29,OqTjsHVOcleWrS0vJ43iw99aOl4=,0DUnHD2EVi7aJGyI86lSOHmcRNs=
-14,-30,OqTjsHVOcleWrS0vJ43iw99aOl4=,6IsHIPg146r1HYcpeEUJjdtasIc=
-15,-30,OqTjsHVOcleWrS0vJ43iw99aOl4=,0DUnHD2EVi7aJGyI86lSOHmcRNs=
-14,-31,OqTjsHVOcleWrS0vJ43iw99aOl4=,OiAL0Fr0V+4YjQi4DzAGCpGBnMo=
-15,-31,OqTjsHVOcleWrS0vJ43iw99aOl4=,xEvx/r1KjWlMZS7HMutGxrijK9Y=
-13,-30,OqTjsHVOcleWrS0vJ43iw99aOl4=,6IsHIPg146r1HYcpeEUJjdtasIc=
-12,-30,OqTjsHVOcleWrS0vJ43iw99aOl4=,WvFF/+bjfKB0BJ6ZhB7zRQKwWCU=
-13,-31,OqTjsHVOcleWrS0vJ43iw99aOl4=,OiAL0Fr0V+4YjQi4DzAGCpGBnMo=
-12,-31,OqTjsHVOcleWrS0vJ43iw99aOl4=,Cq98wP4ueBkv+qjIoLof8zGXg8U=
-13,-28,OqTjsHVOcleWrS0vJ43iw99aOl4=,y7etcUbUesIW6YJcYt06VIf2dUM=
-13,-29,OqTjsHVOcleWrS0vJ43iw99aOl4=,6IsHIPg146r1HYcpeEUJjdtasIc=
-12,-28,OqTjsHVOcleWrS0vJ43iw99aOl4=,sPndWeTicBAIdL7kdCJCBF4XI1E=
-12,-29,0s9NyIuY1qsuyb1HxEx4E7zmzdU=,WvFF/+bjfKB0BJ6ZhB7zRQKwWCU=
-12,-26,0s9NyIuY1qsuyb1HxEx4E7zmzdU=,becg2TUjxJgQk2zLY0QfjqJnM3E=
-12,-27,0s9NyIuY1qsuyb1HxEx4E7zmzdU=,sPndWeTicBAIdL7kdCJCBF4XI1E=
-13,-27,0s9NyIuY1qsuyb1HxEx4E7zmzdU=,y7etcUbUesIW6YJcYt06VIf2dUM=
-13,-26,BRSDtNoKeu3cdyMw77YkdKtzyk8=,p7AIx99CnUnYoPHtyB/Lc/5NBIs=
-10,-25,BRSDtNoKeu3cdyMw77YkdKtzyk8=,yh6bxNy9WH3BQioEV5QTzGHgDJI=
-12,-25,BRSDtNoKeu3cdyMw77YkdKtzyk8=,becg2TUjxJgQk2zLY0QfjqJnM3E=
-12,-24,BRSDtNoKeu3cdyMw77YkdKtzyk8=,KGxHEVrfDsJjFppDU1Hat95jxKA=
-11,-25,BRSDtNoKeu3cdyMw77YkdKtzyk8=,becg2TUjxJgQk2zLY0QfjqJnM3E=
-10,-24,BRSDtNoKeu3cdyMw77YkdKtzyk8=,ACEsi+yxN4156YxEokuj60XFT5M=
-11,-24,BRSDtNoKeu3cdyMw77YkdKtzyk8=,KGxHEVrfDsJjFppDU1Hat95jxKA=
-13,-25,BRSDtNoKeu3cdyMw77YkdKtzyk8=,p7AIx99CnUnYoPHtyB/Lc/5NBIs=
-13,-24,BRSDtNoKeu3cdyMw77YkdKtzyk8=,2/Qln0xTzoVjYX8Ev+VGlBNQqCM=
-8,-25,BRSDtNoKeu3cdyMw77YkdKtzyk8=,RjQWz1H5o/s5eTYjBVs4RjOlvEA=
-8,-24,BRSDtNoKeu3cdyMw77YkdKtzyk8=,Bkmydblb/IIksmB6WD2F4H2rne0=
-9,-25,BRSDtNoKeu3cdyMw77YkdKtzyk8=,yh6bxNy9WH3BQioEV5QTzGHgDJI=
-9,-24,BRSDtNoKeu3cdyMw77YkdKtzyk8=,ACEsi+yxN4156YxEokuj60XFT5M=
-8,-23,qWeAImk9AgTwh+PK7QnVrwmgDJQ=,Bkmydblb/IIksmB6WD2F4H2rne0=
-9,-23,qWeAImk9AgTwh+PK7QnVrwmgDJQ=,ACEsi+yxN4156YxEokuj60XFT5M=
-8,-22,qWeAImk9AgTwh+PK7QnVrwmgDJQ=,WkiJSCLFmmTJ3ARyfk0r62uyLV0=
-9,-22,v462Yuvdh6EQTkVeWCEDVRsY4os=,nc79A59BDtT46l5zY7HldnJVleE=
-7,-23,v462Yuvdh6EQTkVeWCEDVRsY4os=,Bkmydblb/IIksmB6WD2F4H2rne0=
-6,-23,v462Yuvdh6EQTkVeWCEDVRsY4os=,9Xoo5bZrjaMmY9ZfpW2LW//bhuw=
-7,-22,jb8Q7BV9ScgRI6JORgcqT2OTnIc=,WkiJSCLFmmTJ3ARyfk0r62uyLV0=
-6,-22,jb8Q7BV9ScgRI6JORgcqT2OTnIc=,gONq4qvbTfsdkqroLyEwmpUmJPo=
-5,-22,jb8Q7BV9ScgRI6JORgcqT2OTnIc=,gONq4qvbTfsdkqroLyEwmpUmJPo=
-5,-23,jb8Q7BV9ScgRI6JORgcqT2OTnIc=,9Xoo5bZrjaMmY9ZfpW2LW//bhuw=
-4,-22,jb8Q7BV9ScgRI6JORgcqT2OTnIc=,9mmYTvQA2wIP78uFKIlFKxqNvpU=
-4,-21,jb8Q7BV9ScgRI6JORgcqT2OTnIc=,9mmYTvQA2wIP78uFKIlFKxqNvpU=
-5,-21,jb8Q7BV9ScgRI6JORgcqT2OTnIc=,gONq4qvbTfsdkqroLyEwmpUmJPo=
-4,-23,jb8Q7BV9ScgRI6JORgcqT2OTnIc=,h+iVTJPbkIBTZAFddhouMtl1690=
-4,-20,jb8Q7BV9ScgRI6JORgcqT2OTnIc=,6J+lRWFXxnKM4+LGqNeD2gyRLu0=
-4,-19,jb8Q7BV9ScgRI6JORgcqT2OTnIc=,6J+lRWFXxnKM4+LGqNeD2gyRLu0=
-4,-18,jb8Q7BV9ScgRI6JORgcqT2OTnIc=,iXGgGe3MTTGNlo+c/w5aRu8omkM=
-5,-20,jb8Q7BV9ScgRI6JORgcqT2OTnIc=,z0ubR2qUqWgtcWGfQ51FNNllTVk=
-3,-19,jb8Q7BV9ScgRI6JORgcqT2OTnIc=,6J+lRWFXxnKM4+LGqNeD2gyRLu0=
-3,-18,jb8Q7BV9ScgRI6JORgcqT2OTnIc=,iXGgGe3MTTGNlo+c/w5aRu8omkM=
-5,-19,jb8Q7BV9ScgRI6JORgcqT2OTnIc=,z0ubR2qUqWgtcWGfQ51FNNllTVk=
-5,-18,jb8Q7BV9ScgRI6JORgcqT2OTnIc=,rXg/gt59MDqFzb73TJvJ56GBCIU=
-2,-18,jb8Q7BV9ScgRI6JORgcqT2OTnIc=,T+NVyjHkdi1rUup5BqlOifVOQVM=
-2,-19,jb8Q7BV9ScgRI6JORgcqT2OTnIc=,W91UFoKHa9ZbyYQYQmyrw3CkkQo=
-7,-21,jb8Q7BV9ScgRI6JORgcqT2OTnIc=,WkiJSCLFmmTJ3ARyfk0r62uyLV0=
-7,-20,jb8Q7BV9ScgRI6JORgcqT2OTnIc=,1pvn7MlVQAWOQF+TGbKBsSSBETo=
-6,-21,jb8Q7BV9ScgRI6JORgcqT2OTnIc=,gONq4qvbTfsdkqroLyEwmpUmJPo=
-6,-19,jb8Q7BV9ScgRI6JORgcqT2OTnIc=,z0ubR2qUqWgtcWGfQ51FNNllTVk=
-7,-18,jb8Q7BV9ScgRI6JORgcqT2OTnIc=,y4Jh5Z3x1SaBpJFNqyrDLMeSq8g=
-6,-18,jb8Q7BV9ScgRI6JORgcqT2OTnIc=,rXg/gt59MDqFzb73TJvJ56GBCIU=
-6,-20,jb8Q7BV9ScgRI6JORgcqT2OTnIc=,z0ubR2qUqWgtcWGfQ51FNNllTVk=
-9,-21,jb8Q7BV9ScgRI6JORgcqT2OTnIc=,nc79A59BDtT46l5zY7HldnJVleE=
-8,-21,jb8Q7BV9ScgRI6JORgcqT2OTnIc=,WkiJSCLFmmTJ3ARyfk0r62uyLV0=
-8,-18,jb8Q7BV9ScgRI6JORgcqT2OTnIc=,y4Jh5Z3x1SaBpJFNqyrDLMeSq8g=
-7,-19,jb8Q7BV9ScgRI6JORgcqT2OTnIc=,1pvn7MlVQAWOQF+TGbKBsSSBETo=
-8,-19,jb8Q7BV9ScgRI6JORgcqT2OTnIc=,1pvn7MlVQAWOQF+TGbKBsSSBETo=
-14,-17,jb8Q7BV9ScgRI6JORgcqT2OTnIc=,JNhBNTL2hJZD0IaTXNa+eHKGY8g=
-9,-20,jb8Q7BV9ScgRI6JORgcqT2OTnIc=,JmYkRy7svbdXTsRkLK9UMnFarSg=
-15,-17,jb8Q7BV9ScgRI6JORgcqT2OTnIc=,j+32BEJYdf8ZA5io15B915DcQ1Y=
-8,-17,jb8Q7BV9ScgRI6JORgcqT2OTnIc=,y4Jh5Z3x1SaBpJFNqyrDLMeSq8g=
-9,-19,jb8Q7BV9ScgRI6JORgcqT2OTnIc=,JmYkRy7svbdXTsRkLK9UMnFarSg=
-9,-18,jb8Q7BV9ScgRI6JORgcqT2OTnIc=,b3uxpEUVL1ABYE+KcLxQsF7TMcE=
-9,-17,jb8Q7BV9ScgRI6JORgcqT2OTnIc=,b3uxpEUVL1ABYE+KcLxQsF7TMcE=
-8,-20,jb8Q7BV9ScgRI6JORgcqT2OTnIc=,1pvn7MlVQAWOQF+TGbKBsSSBETo=
-7,-17,jb8Q7BV9ScgRI6JORgcqT2OTnIc=,y4Jh5Z3x1SaBpJFNqyrDLMeSq8g=
-6,-17,jb8Q7BV9ScgRI6JORgcqT2OTnIc=,rXg/gt59MDqFzb73TJvJ56GBCIU=
-1,-19,jb8Q7BV9ScgRI6JORgcqT2OTnIc=,W91UFoKHa9ZbyYQYQmyrw3CkkQo=
-1,-18,jb8Q7BV9ScgRI6JORgcqT2OTnIc=,T+NVyjHkdi1rUup5BqlOifVOQVM=
-3,-17,jb8Q7BV9ScgRI6JORgcqT2OTnIc=,iXGgGe3MTTGNlo+c/w5aRu8omkM=
-2,-17,jb8Q7BV9ScgRI6JORgcqT2OTnIc=,T+NVyjHkdi1rUup5BqlOifVOQVM=
-4,-17,jb8Q7BV9ScgRI6JORgcqT2OTnIc=,iXGgGe3MTTGNlo+c/w5aRu8omkM=
-5,-17,jb8Q7BV9ScgRI6JORgcqT2OTnIc=,rXg/gt59MDqFzb73TJvJ56GBCIU=
-10,-18,jb8Q7BV9ScgRI6JORgcqT2OTnIc=,b3uxpEUVL1ABYE+KcLxQsF7TMcE=
-13,-18,jb8Q7BV9ScgRI6JORgcqT2OTnIc=,JNhBNTL2hJZD0IaTXNa+eHKGY8g=
-10,-19,jb8Q7BV9ScgRI6JORgcqT2OTnIc=,JmYkRy7svbdXTsRkLK9UMnFarSg=
-10,-17,jb8Q7BV9ScgRI6JORgcqT2OTnIc=,b3uxpEUVL1ABYE+KcLxQsF7TMcE=
-10,-23,jb8Q7BV9ScgRI6JORgcqT2OTnIc=,ACEsi+yxN4156YxEokuj60XFT5M=
-12,-19,jb8Q7BV9ScgRI6JORgcqT2OTnIc=,DAnwruKOINsTLooXo4GGhcgESWU=
-10,-20,jb8Q7BV9ScgRI6JORgcqT2OTnIc=,JmYkRy7svbdXTsRkLK9UMnFarSg=
-13,-21,jb8Q7BV9ScgRI6JORgcqT2OTnIc=,zmhYvMdvVnNlN/vhd2QzB7BJHqY=
-13,-23,jb8Q7BV9ScgRI6JORgcqT2OTnIc=,2/Qln0xTzoVjYX8Ev+VGlBNQqCM=
-11,-19,jb8Q7BV9ScgRI6JORgcqT2OTnIc=,DAnwruKOINsTLooXo4GGhcgESWU=
-11,-20,jb8Q7BV9ScgRI6JORgcqT2OTnIc=,DAnwruKOINsTLooXo4GGhcgESWU=
-11,-23,jb8Q7BV9ScgRI6JORgcqT2OTnIc=,KGxHEVrfDsJjFppDU1Hat95jxKA=
-3,-20,jb8Q7BV9ScgRI6JORgcqT2OTnIc=,6J+lRWFXxnKM4+LGqNeD2gyRLu0=
-11,-18,jb8Q7BV9ScgRI6JORgcqT2OTnIc=,NFU9Jl/WyMLYthFEbSYsGx5NQ+4=
-13,-20,jb8Q7BV9ScgRI6JORgcqT2OTnIc=,PizL64SHGBvkEvc+Ra3ou0sp5fE=
-12,-18,jb8Q7BV9ScgRI6JORgcqT2OTnIc=,NFU9Jl/WyMLYthFEbSYsGx5NQ+4=
-2,-20,jb8Q7BV9ScgRI6JORgcqT2OTnIc=,W91UFoKHa9ZbyYQYQmyrw3CkkQo=
-12,-17,jb8Q7BV9ScgRI6JORgcqT2OTnIc=,NFU9Jl/WyMLYthFEbSYsGx5NQ+4=
-13,-22,jb8Q7BV9ScgRI6JORgcqT2OTnIc=,zmhYvMdvVnNlN/vhd2QzB7BJHqY=
-12,-20,jb8Q7BV9ScgRI6JORgcqT2OTnIc=,DAnwruKOINsTLooXo4GGhcgESWU=
-11,-17,jb8Q7BV9ScgRI6JORgcqT2OTnIc=,NFU9Jl/WyMLYthFEbSYsGx5NQ+4=
-13,-17,jb8Q7BV9ScgRI6JORgcqT2OTnIc=,JNhBNTL2hJZD0IaTXNa+eHKGY8g=
-12,-23,jb8Q7BV9ScgRI6JORgcqT2OTnIc=,KGxHEVrfDsJjFppDU1Hat95jxKA=
-13,-19,jb8Q7BV9ScgRI6JORgcqT2OTnIc=,PizL64SHGBvkEvc+Ra3ou0sp5fE=
-3,-21,jb8Q7BV9ScgRI6JORgcqT2OTnIc=,9mmYTvQA2wIP78uFKIlFKxqNvpU=
-10,-21,jb8Q7BV9ScgRI6JORgcqT2OTnIc=,nc79A59BDtT46l5zY7HldnJVleE=
-2,-21,jb8Q7BV9ScgRI6JORgcqT2OTnIc=,JhAqJWlefqz3DdDXXRwaOFPmTv0=
-3,-23,jb8Q7BV9ScgRI6JORgcqT2OTnIc=,h+iVTJPbkIBTZAFddhouMtl1690=
-10,-22,jb8Q7BV9ScgRI6JORgcqT2OTnIc=,nc79A59BDtT46l5zY7HldnJVleE=
-2,-22,jb8Q7BV9ScgRI6JORgcqT2OTnIc=,JhAqJWlefqz3DdDXXRwaOFPmTv0=
-3,-22,jb8Q7BV9ScgRI6JORgcqT2OTnIc=,9mmYTvQA2wIP78uFKIlFKxqNvpU=
-3,-24,jb8Q7BV9ScgRI6JORgcqT2OTnIc=,h+iVTJPbkIBTZAFddhouMtl1690=
-12,-21,jb8Q7BV9ScgRI6JORgcqT2OTnIc=,bim12Hpv71lL+JwRQdOmP0FYqls=
-11,-22,jb8Q7BV9ScgRI6JORgcqT2OTnIc=,bim12Hpv71lL+JwRQdOmP0FYqls=
-11,-21,jb8Q7BV9ScgRI6JORgcqT2OTnIc=,bim12Hpv71lL+JwRQdOmP0FYqls=
-3,-25,jb8Q7BV9ScgRI6JORgcqT2OTnIc=,jCmf045vhreiX1EVFqNobJaNapE=
-2,-25,jb8Q7BV9ScgRI6JORgcqT2OTnIc=,7zdp/cQNbxp7iWUL50ZPk0MeD94=
-2,-26,jb8Q7BV9ScgRI6JORgcqT2OTnIc=,7zdp/cQNbxp7iWUL50ZPk0MeD94=
-2,-24,jb8Q7BV9ScgRI6JORgcqT2OTnIc=,9VCezqw+ZPzcuXB9JfhqCT1Bj88=
-3,-28,jb8Q7BV9ScgRI6JORgcqT2OTnIc=,TIxE4TarqXe57s9TzuGnPsFg1QQ=
-3,-26,jb8Q7BV9ScgRI6JORgcqT2OTnIc=,jCmf045vhreiX1EVFqNobJaNapE=
-2,-27,jb8Q7BV9ScgRI6JORgcqT2OTnIc=,gYffA03AA9ARwbWzzMVEf3auNCs=
-4,-28,jb8Q7BV9ScgRI6JORgcqT2OTnIc=,TIxE4TarqXe57s9TzuGnPsFg1QQ=
-3,-29,jb8Q7BV9ScgRI6JORgcqT2OTnIc=,Gz3ykcQ9VrNXCdn/+uAYsV7icV4=
-12,-22,jb8Q7BV9ScgRI6JORgcqT2OTnIc=,bim12Hpv71lL+JwRQdOmP0FYqls=
-2,-29,jb8Q7BV9ScgRI6JORgcqT2OTnIc=,ylcL73Sq+MUpBP/lf3tmLNUVrRA=
-2,-23,jb8Q7BV9ScgRI6JORgcqT2OTnIc=,9VCezqw+ZPzcuXB9JfhqCT1Bj88=
-4,-29,jb8Q7BV9ScgRI6JORgcqT2OTnIc=,Gz3ykcQ9VrNXCdn/+uAYsV7icV4=
-3,-27,jb8Q7BV9ScgRI6JORgcqT2OTnIc=,TIxE4TarqXe57s9TzuGnPsFg1QQ=
-4,-24,jb8Q7BV9ScgRI6JORgcqT2OTnIc=,h+iVTJPbkIBTZAFddhouMtl1690=
-6,-29,jb8Q7BV9ScgRI6JORgcqT2OTnIc=,MVy35Cam18sLsb9XqknxwPZqW48=
-7,-28,jb8Q7BV9ScgRI6JORgcqT2OTnIc=,3TDwIDe6sLZsxpqAT+Q9MEQZ8vY=
-7,-29,jb8Q7BV9ScgRI6JORgcqT2OTnIc=,VUiFx4axS8dsFuLF+Ezs1Y5/XYY=
-7,-27,jb8Q7BV9ScgRI6JORgcqT2OTnIc=,3TDwIDe6sLZsxpqAT+Q9MEQZ8vY=
-6,-24,jb8Q7BV9ScgRI6JORgcqT2OTnIc=,9Xoo5bZrjaMmY9ZfpW2LW//bhuw=
-5,-28,jb8Q7BV9ScgRI6JORgcqT2OTnIc=,hYlF7DWUUpWitRUeMrYWMJYkS34=
-4,-25,jb8Q7BV9ScgRI6JORgcqT2OTnIc=,jCmf045vhreiX1EVFqNobJaNapE=
-5,-29,jb8Q7BV9ScgRI6JORgcqT2OTnIc=,MVy35Cam18sLsb9XqknxwPZqW48=
-5,-24,jb8Q7BV9ScgRI6JORgcqT2OTnIc=,9Xoo5bZrjaMmY9ZfpW2LW//bhuw=
-7,-25,jb8Q7BV9ScgRI6JORgcqT2OTnIc=,RjQWz1H5o/s5eTYjBVs4RjOlvEA=
-2,-28,jb8Q7BV9ScgRI6JORgcqT2OTnIc=,gYffA03AA9ARwbWzzMVEf3auNCs=
-6,-28,jb8Q7BV9ScgRI6JORgcqT2OTnIc=,hYlF7DWUUpWitRUeMrYWMJYkS34=
-7,-24,jb8Q7BV9ScgRI6JORgcqT2OTnIc=,Bkmydblb/IIksmB6WD2F4H2rne0=
-4,-26,jb8Q7BV9ScgRI6JORgcqT2OTnIc=,jCmf045vhreiX1EVFqNobJaNapE=
-5,-27,jb8Q7BV9ScgRI6JORgcqT2OTnIc=,hYlF7DWUUpWitRUeMrYWMJYkS34=
-7,-26,jb8Q7BV9ScgRI6JORgcqT2OTnIc=,RjQWz1H5o/s5eTYjBVs4RjOlvEA=
-6,-26,jb8Q7BV9ScgRI6JORgcqT2OTnIc=,Ces0kRU31CoLeZ05SWs9W6PWDCE=
-6,-27,jb8Q7BV9ScgRI6JORgcqT2OTnIc=,hYlF7DWUUpWitRUeMrYWMJYkS34=
-4,-27,jb8Q7BV9ScgRI6JORgcqT2OTnIc=,TIxE4TarqXe57s9TzuGnPsFg1QQ=
-5,-26,jb8Q7BV9ScgRI6JORgcqT2OTnIc=,Ces0kRU31CoLeZ05SWs9W6PWDCE=
-7,-30,jb8Q7BV9ScgRI6JORgcqT2OTnIc=,VUiFx4axS8dsFuLF+Ezs1Y5/XYY=
-6,-25,jb8Q7BV9ScgRI6JORgcqT2OTnIc=,Ces0kRU31CoLeZ05SWs9W6PWDCE=
-5,-25,jb8Q7BV9ScgRI6JORgcqT2OTnIc=,Ces0kRU31CoLeZ05SWs9W6PWDCE=
-8,-30,jb8Q7BV9ScgRI6JORgcqT2OTnIc=,VUiFx4axS8dsFuLF+Ezs1Y5/XYY=
-6,-32,jb8Q7BV9ScgRI6JORgcqT2OTnIc=,UMtaGJbZ73BvgphIQpPzqfInaK8=
-7,-32,jb8Q7BV9ScgRI6JORgcqT2OTnIc=,PuR5wa92mbNdpV+3kMWGp2TdOSM=
-7,-31,jb8Q7BV9ScgRI6JORgcqT2OTnIc=,PuR5wa92mbNdpV+3kMWGp2TdOSM=
-6,-30,jb8Q7BV9ScgRI6JORgcqT2OTnIc=,MVy35Cam18sLsb9XqknxwPZqW48=
-9,-30,jb8Q7BV9ScgRI6JORgcqT2OTnIc=,S0K605E08MkhFWfuP2YYR8wP0dA=
-6,-31,jb8Q7BV9ScgRI6JORgcqT2OTnIc=,UMtaGJbZ73BvgphIQpPzqfInaK8=
-8,-31,jb8Q7BV9ScgRI6JORgcqT2OTnIc=,PuR5wa92mbNdpV+3kMWGp2TdOSM=
-10,-30,jb8Q7BV9ScgRI6JORgcqT2OTnIc=,S0K605E08MkhFWfuP2YYR8wP0dA=
-11,-30,jb8Q7BV9ScgRI6JORgcqT2OTnIc=,WvFF/+bjfKB0BJ6ZhB7zRQKwWCU=
-11,-31,jb8Q7BV9ScgRI6JORgcqT2OTnIc=,Cq98wP4ueBkv+qjIoLof8zGXg8U=
-1,-29,jb8Q7BV9ScgRI6JORgcqT2OTnIc=,ylcL73Sq+MUpBP/lf3tmLNUVrRA=
-9,-29,jb8Q7BV9ScgRI6JORgcqT2OTnIc=,S0K605E08MkhFWfuP2YYR8wP0dA=
-1,-26,jb8Q7BV9ScgRI6JORgcqT2OTnIc=,7zdp/cQNbxp7iWUL50ZPk0MeD94=
-11,-29,jb8Q7BV9ScgRI6JORgcqT2OTnIc=,WvFF/+bjfKB0BJ6ZhB7zRQKwWCU=
-11,-27,jb8Q7BV9ScgRI6JORgcqT2OTnIc=,sPndWeTicBAIdL7kdCJCBF4XI1E=
-10,-26,jb8Q7BV9ScgRI6JORgcqT2OTnIc=,yh6bxNy9WH3BQioEV5QTzGHgDJI=
-1,-27,jb8Q7BV9ScgRI6JORgcqT2OTnIc=,gYffA03AA9ARwbWzzMVEf3auNCs=
-8,-29,jb8Q7BV9ScgRI6JORgcqT2OTnIc=,VUiFx4axS8dsFuLF+Ezs1Y5/XYY=
-9,-31,jb8Q7BV9ScgRI6JORgcqT2OTnIc=,KrqPbzFVyEWSHpfWZRK5wvHVipA=
-8,-26,jb8Q7BV9ScgRI6JORgcqT2OTnIc=,RjQWz1H5o/s5eTYjBVs4RjOlvEA=
-10,-31,jb8Q7BV9ScgRI6JORgcqT2OTnIc=,KrqPbzFVyEWSHpfWZRK5wvHVipA=
-11,-28,jb8Q7BV9ScgRI6JORgcqT2OTnIc=,sPndWeTicBAIdL7kdCJCBF4XI1E=
-11,-26,jb8Q7BV9ScgRI6JORgcqT2OTnIc=,becg2TUjxJgQk2zLY0QfjqJnM3E=
-10,-28,jb8Q7BV9ScgRI6JORgcqT2OTnIc=,FTLT9wuug5mItasBieyJH8L/bLI=
-8,-27,jb8Q7BV9ScgRI6JORgcqT2OTnIc=,3TDwIDe6sLZsxpqAT+Q9MEQZ8vY=
-1,-22,jb8Q7BV9ScgRI6JORgcqT2OTnIc=,JhAqJWlefqz3DdDXXRwaOFPmTv0=
-10,-29,jb8Q7BV9ScgRI6JORgcqT2OTnIc=,S0K605E08MkhFWfuP2YYR8wP0dA=
-1,-24,jb8Q7BV9ScgRI6JORgcqT2OTnIc=,9VCezqw+ZPzcuXB9JfhqCT1Bj88=
-1,-23,jb8Q7BV9ScgRI6JORgcqT2OTnIc=,9VCezqw+ZPzcuXB9JfhqCT1Bj88=
-1,-25,jb8Q7BV9ScgRI6JORgcqT2OTnIc=,7zdp/cQNbxp7iWUL50ZPk0MeD94=
-1,-20,jb8Q7BV9ScgRI6JORgcqT2OTnIc=,W91UFoKHa9ZbyYQYQmyrw3CkkQo=
-9,-28,jb8Q7BV9ScgRI6JORgcqT2OTnIc=,FTLT9wuug5mItasBieyJH8L/bLI=
-9,-26,jb8Q7BV9ScgRI6JORgcqT2OTnIc=,yh6bxNy9WH3BQioEV5QTzGHgDJI=
-1,-28,jb8Q7BV9ScgRI6JORgcqT2OTnIc=,gYffA03AA9ARwbWzzMVEf3auNCs=
-8,-28,jb8Q7BV9ScgRI6JORgcqT2OTnIc=,3TDwIDe6sLZsxpqAT+Q9MEQZ8vY=
-1,-21,jb8Q7BV9ScgRI6JORgcqT2OTnIc=,JhAqJWlefqz3DdDXXRwaOFPmTv0=
-10,-27,jb8Q7BV9ScgRI6JORgcqT2OTnIc=,FTLT9wuug5mItasBieyJH8L/bLI=
-16,-22,jb8Q7BV9ScgRI6JORgcqT2OTnIc=,h3odB47075ldiSY17GNu1tvlDuo=
-16,-23,jb8Q7BV9ScgRI6JORgcqT2OTnIc=,xs5iRspY+/rz+Vtf9lpJpF0xBH0=
-9,-27,jb8Q7BV9ScgRI6JORgcqT2OTnIc=,FTLT9wuug5mItasBieyJH8L/bLI=
-5,-31,jb8Q7BV9ScgRI6JORgcqT2OTnIc=,UMtaGJbZ73BvgphIQpPzqfInaK8=
-4,-30,jb8Q7BV9ScgRI6JORgcqT2OTnIc=,Gz3ykcQ9VrNXCdn/+uAYsV7icV4=
-5,-30,jb8Q7BV9ScgRI6JORgcqT2OTnIc=,MVy35Cam18sLsb9XqknxwPZqW48=
-16,-24,jb8Q7BV9ScgRI6JORgcqT2OTnIc=,xs5iRspY+/rz+Vtf9lpJpF0xBH0=
-16,-25,jb8Q7BV9ScgRI6JORgcqT2OTnIc=,8kIVWcXWArS27Ctub98Ko4iSE88=
-16,-26,jb8Q7BV9ScgRI6JORgcqT2OTnIc=,8kIVWcXWArS27Ctub98Ko4iSE88=
-16,-28,jb8Q7BV9ScgRI6JORgcqT2OTnIc=,XBKP2i1ztkFUHLe9T7xPHY5UG0E=
-16,-27,jb8Q7BV9ScgRI6JORgcqT2OTnIc=,XBKP2i1ztkFUHLe9T7xPHY5UG0E=
-16,-19,jb8Q7BV9ScgRI6JORgcqT2OTnIc=,QYdeYjkhmU4as+puv9LDPHTlJJc=
-16,-29,jb8Q7BV9ScgRI6JORgcqT2OTnIc=,0DUnHD2EVi7aJGyI86lSOHmcRNs=
-16,-30,jb8Q7BV9ScgRI6JORgcqT2OTnIc=,0DUnHD2EVi7aJGyI86lSOHmcRNs=
-16,-18,jb8Q7BV9ScgRI6JORgcqT2OTnIc=,j+32BEJYdf8ZA5io15B915DcQ1Y=
-4,-31,jb8Q7BV9ScgRI6JORgcqT2OTnIc=,sXaGDh1zi74JmxQpw2Afwb395AU=
-16,-20,jb8Q7BV9ScgRI6JORgcqT2OTnIc=,QYdeYjkhmU4as+puv9LDPHTlJJc=
-8,-32,jb8Q7BV9ScgRI6JORgcqT2OTnIc=,PuR5wa92mbNdpV+3kMWGp2TdOSM=
-4,-32,jb8Q7BV9ScgRI6JORgcqT2OTnIc=,sXaGDh1zi74JmxQpw2Afwb395AU=
-16,-21,jb8Q7BV9ScgRI6JORgcqT2OTnIc=,h3odB47075ldiSY17GNu1tvlDuo=
-10,-32,jb8Q7BV9ScgRI6JORgcqT2OTnIc=,KrqPbzFVyEWSHpfWZRK5wvHVipA=
-15,-32,jb8Q7BV9ScgRI6JORgcqT2OTnIc=,xEvx/r1KjWlMZS7HMutGxrijK9Y=
-14,-32,jb8Q7BV9ScgRI6JORgcqT2OTnIc=,OiAL0Fr0V+4YjQi4DzAGCpGBnMo=
-16,-32,jb8Q7BV9ScgRI6JORgcqT2OTnIc=,xEvx/r1KjWlMZS7HMutGxrijK9Y=
-12,-32,jb8Q7BV9ScgRI6JORgcqT2OTnIc=,Cq98wP4ueBkv+qjIoLof8zGXg8U=
-1,-17,jb8Q7BV9ScgRI6JORgcqT2OTnIc=,T+NVyjHkdi1rUup5BqlOifVOQVM=
-9,-32,jb8Q7BV9ScgRI6JORgcqT2OTnIc=,KrqPbzFVyEWSHpfWZRK5wvHVipA=
-5,-32,jb8Q7BV9ScgRI6JORgcqT2OTnIc=,UMtaGJbZ73BvgphIQpPzqfInaK8=
-11,-32,jb8Q7BV9ScgRI6JORgcqT2OTnIc=,Cq98wP4ueBkv+qjIoLof8zGXg8U=
-16,-31,jb8Q7BV9ScgRI6JORgcqT2OTnIc=,xEvx/r1KjWlMZS7HMutGxrijK9Y=
-16,-17,jb8Q7BV9ScgRI6JORgcqT2OTnIc=,j+32BEJYdf8ZA5io15B915DcQ1Y=
-13,-32,jb8Q7BV9ScgRI6JORgcqT2OTnIc=,OiAL0Fr0V+4YjQi4DzAGCpGBnMo=
-2,-30,jb8Q7BV9ScgRI6JORgcqT2OTnIc=,ylcL73Sq+MUpBP/lf3tmLNUVrRA=
-3,-32,jb8Q7BV9ScgRI6JORgcqT2OTnIc=,sXaGDh1zi74JmxQpw2Afwb395AU=
-1,-30,jb8Q7BV9ScgRI6JORgcqT2OTnIc=,ylcL73Sq+MUpBP/lf3tmLNUVrRA=
-3,-30,jb8Q7BV9ScgRI6JORgcqT2OTnIc=,Gz3ykcQ9VrNXCdn/+uAYsV7icV4=
-3,-31,jb8Q7BV9ScgRI6JORgcqT2OTnIc=,sXaGDh1zi74JmxQpw2Afwb395AU=
-2,-32,jb8Q7BV9ScgRI6JORgcqT2OTnIc=,/A62YqklS/+cLdAXeT6d39y5r3A=
-1,-31,jb8Q7BV9ScgRI6JORgcqT2OTnIc=,/A62YqklS/+cLdAXeT6d39y5r3A=
-2,-31,jb8Q7BV9ScgRI6JORgcqT2OTnIc=,/A62YqklS/+cLdAXeT6d39y5r3A=
-1,-32,jb8Q7BV9ScgRI6JORgcqT2OTnIc=,/A62YqklS/+cLdAXeT6d39y5r3A=
-31,-18,5xRyj9qQ7fbQ2TEhllJUMNtbLuk=,3Nhj1N64CWssm9HUd29ikvu1E5k=
-31,-19,5xRyj9qQ7fbQ2TEhllJUMNtbLuk=,p4j44ru5UB3Asdf7lTpbgc6TbpU=
-30,-19,5xRyj9qQ7fbQ2TEhllJUMNtbLuk=,MTaO6jjXxXUxyutI7U1BPt08MfE=
-30,-18,5xRyj9qQ7fbQ2TEhllJUMNtbLuk=,xP73waFVN6KK4uS4x1TYFeV5jrw=
-31,-20,5xRyj9qQ7fbQ2TEhllJUMNtbLuk=,p4j44ru5UB3Asdf7lTpbgc6TbpU=
-30,-22,5xRyj9qQ7fbQ2TEhllJUMNtbLuk=,sZB0zmrhpSheXCYwAw3DkCjZDWU=
-30,-23,5xRyj9qQ7fbQ2TEhllJUMNtbLuk=,97AL3l53LXYJCa2O6wyqf7jYx/k=
-31,-22,5xRyj9qQ7fbQ2TEhllJUMNtbLuk=,jnFrnHGl0IrDLhtfiuuOzpsOgjs=
-31,-23,5xRyj9qQ7fbQ2TEhllJUMNtbLuk=,Fys/mZPKnmw7TdMfu4L1YUaTx5o=
-30,-21,5xRyj9qQ7fbQ2TEhllJUMNtbLuk=,sZB0zmrhpSheXCYwAw3DkCjZDWU=
-30,-20,5xRyj9qQ7fbQ2TEhllJUMNtbLuk=,MTaO6jjXxXUxyutI7U1BPt08MfE=
-31,-21,5xRyj9qQ7fbQ2TEhllJUMNtbLuk=,jnFrnHGl0IrDLhtfiuuOzpsOgjs=
-30,-24,hID47T6rZA22rMKCBsVr6vltLAw=,97AL3l53LXYJCa2O6wyqf7jYx/k=
-30,-25,hID47T6rZA22rMKCBsVr6vltLAw=,4SwnRboHPFdQjHj7dOROfYmvL/I=
-31,-25,hID47T6rZA22rMKCBsVr6vltLAw=,uYLef9XS5KhbmOsyKGtgLMdO+Ps=
-31,-24,hID47T6rZA22rMKCBsVr6vltLAw=,Fys/mZPKnmw7TdMfu4L1YUaTx5o=
-31,-27,hID47T6rZA22rMKCBsVr6vltLAw=,9mG/ZDoBVuU/D95jOC6F7Gy0x0I=
-30,-26,hID47T6rZA22rMKCBsVr6vltLAw=,4SwnRboHPFdQjHj7dOROfYmvL/I=
-31,-26,hID47T6rZA22rMKCBsVr6vltLAw=,uYLef9XS5KhbmOsyKGtgLMdO+Ps=
-30,-27,MBKebTJA2fhwaix9p+yo8qgM1nI=,fZANA8PXC5fX/Y21pd/w8a9Q7eY=
-31,-28,fCuV+40pAyl2f+rcRmNElFwGNHk=,9mG/ZDoBVuU/D95jOC6F7Gy0x0I=
-30,-28,IMh4RwaZkdJko6B5B9euXpW0BhE=,fZANA8PXC5fX/Y21pd/w8a9Q7eY=
-30,-29,IMh4RwaZkdJko6B5B9euXpW0BhE=,2AX3QUTya5OBOcLWW+v/MqLThZM=
-31,-29,IMh4RwaZkdJko6B5B9euXpW0BhE=,4nrdNzXSIVTdWy0UdbcS20ZyfEk=
-28,-28,IMh4RwaZkdJko6B5B9euXpW0BhE=,heHyHNY7y8/hz2V9UC2lOvpSl04=
-29,-28,IMh4RwaZkdJko6B5B9euXpW0BhE=,fZANA8PXC5fX/Y21pd/w8a9Q7eY=
-28,-29,IMh4RwaZkdJko6B5B9euXpW0BhE=,K59sxv4c0QZ/O9cln2F/p6vpaTw=
-29,-29,IMh4RwaZkdJko6B5B9euXpW0BhE=,2AX3QUTya5OBOcLWW+v/MqLThZM=
-28,-24,IMh4RwaZkdJko6B5B9euXpW0BhE=,Po/AklRpZs3+ggSJFvxCGOqOAOw=
-29,-24,IMh4RwaZkdJko6B5B9euXpW0BhE=,97AL3l53LXYJCa2O6wyqf7jYx/k=
-29,-26,IMh4RwaZkdJko6B5B9euXpW0BhE=,4SwnRboHPFdQjHj7dOROfYmvL/I=
-28,-26,DTB+2ab0Nr4nOx7w+DMfYdrUQOc=,0lYHtL+Y+T4FgG8Va9jAh8nsbrc=
-29,-25,DTB+2ab0Nr4nOx7w+DMfYdrUQOc=,4SwnRboHPFdQjHj7dOROfYmvL/I=
-28,-27,DTB+2ab0Nr4nOx7w+DMfYdrUQOc=,heHyHNY7y8/hz2V9UC2lOvpSl04=
-28,-25,DTB+2ab0Nr4nOx7w+DMfYdrUQOc=,0lYHtL+Y+T4FgG8Va9jAh8nsbrc=
-29,-22,DTB+2ab0Nr4nOx7w+DMfYdrUQOc=,sZB0zmrhpSheXCYwAw3DkCjZDWU=
-28,-23,DTB+2ab0Nr4nOx7w+DMfYdrUQOc=,Po/AklRpZs3+ggSJFvxCGOqOAOw=
-28,-22,DTB+2ab0Nr4nOx7w+DMfYdrUQOc=,QTeMaO2MutTCJKrMG2/tIpMvs7c=
-29,-27,DTB+2ab0Nr4nOx7w+DMfYdrUQOc=,fZANA8PXC5fX/Y21pd/w8a9Q7eY=
-29,-23,DTB+2ab0Nr4nOx7w+DMfYdrUQOc=,97AL3l53LXYJCa2O6wyqf7jYx/k=
-27,-23,hUqtWKpaGPdxg6SjskdFKHE1QHs=,Po/AklRpZs3+ggSJFvxCGOqOAOw=
-26,-24,hUqtWKpaGPdxg6SjskdFKHE1QHs=,snYzHZ0LKvDYwgz5gOSwCU8Msiw=
-26,-22,hUqtWKpaGPdxg6SjskdFKHE1QHs=,jBglTAT/GcbaBs0jyVXQfh67NDI=
-27,-24,hUqtWKpaGPdxg6SjskdFKHE1QHs=,Po/AklRpZs3+ggSJFvxCGOqOAOw=
-27,-25,hUqtWKpaGPdxg6SjskdFKHE1QHs=,0lYHtL+Y+T4FgG8Va9jAh8nsbrc=
-27,-22,hUqtWKpaGPdxg6SjskdFKHE1QHs=,QTeMaO2MutTCJKrMG2/tIpMvs7c=
-26,-23,hUqtWKpaGPdxg6SjskdFKHE1QHs=,snYzHZ0LKvDYwgz5gOSwCU8Msiw=
-26,-25,hUqtWKpaGPdxg6SjskdFKHE1QHs=,LsKKSLqSQPjihFg8vVxEsZwNOuI=
-24,-22,hUqtWKpaGPdxg6SjskdFKHE1QHs=,X3Qt4wNeP502Sb28E067HcPiDYQ=
-25,-23,hUqtWKpaGPdxg6SjskdFKHE1QHs=,snYzHZ0LKvDYwgz5gOSwCU8Msiw=
-25,-24,hUqtWKpaGPdxg6SjskdFKHE1QHs=,snYzHZ0LKvDYwgz5gOSwCU8Msiw=
-25,-22,hUqtWKpaGPdxg6SjskdFKHE1QHs=,jBglTAT/GcbaBs0jyVXQfh67NDI=
-25,-25,hUqtWKpaGPdxg6SjskdFKHE1QHs=,LsKKSLqSQPjihFg8vVxEsZwNOuI=
-24,-23,hUqtWKpaGPdxg6SjskdFKHE1QHs=,AhpkG/GT5MgHXXMvDMp33JHbMQY=
-24,-24,hUqtWKpaGPdxg6SjskdFKHE1QHs=,AhpkG/GT5MgHXXMvDMp33JHbMQY=
-24,-25,hUqtWKpaGPdxg6SjskdFKHE1QHs=,9MI14ewueQPvfg7JPRHyJlaScMA=
-23,-24,hUqtWKpaGPdxg6SjskdFKHE1QHs=,AhpkG/GT5MgHXXMvDMp33JHbMQY=
-22,-24,hUqtWKpaGPdxg6SjskdFKHE1QHs=,NaEWxnryawjYZj7ZnWfK/RZetnk=
-22,-25,hUqtWKpaGPdxg6SjskdFKHE1QHs=,9Gwx6F/MIox0KNSFqIt0GCp2sMg=
-23,-25,hUqtWKpaGPdxg6SjskdFKHE1QHs=,9MI14ewueQPvfg7JPRHyJlaScMA=
-22,-26,hsrxyEeMm9rB6qN4N9gwGVGHTkI=,9Gwx6F/MIox0KNSFqIt0GCp2sMg=
-22,-27,hsrxyEeMm9rB6qN4N9gwGVGHTkI=,N2JmPlryMna9sZPDAJJ9v3pefYE=
-23,-26,hsrxyEeMm9rB6qN4N9gwGVGHTkI=,9MI14ewueQPvfg7JPRHyJlaScMA=
-21,-27,xHoam//Hdn//hA8M+1AfboQJ2V4=,N2JmPlryMna9sZPDAJJ9v3pefYE=
-21,-26,xHoam//Hdn//hA8M+1AfboQJ2V4=,9Gwx6F/MIox0KNSFqIt0GCp2sMg=
-20,-26,xHoam//Hdn//hA8M+1AfboQJ2V4=,1EiNYdA+xG2A3/cr3GDDsNaedY0=
-23,-27,xHoam//Hdn//hA8M+1AfboQJ2V4=,7yCB1a+0o+p7TIpsyTtVF8Aa6Pw=
-21,-28,xHoam//Hdn//hA8M+1AfboQJ2V4=,N2JmPlryMna9sZPDAJJ9v3pefYE=
-20,-27,xHoam//Hdn//hA8M+1AfboQJ2V4=,TJySm9wIZG4QeVcodETgujf7SPw=
-20,-29,xHoam//Hdn//hA8M+1AfboQJ2V4=,WQOKP66CLLb5acBI8lTeY6Q/wqw=
-20,-28,xHoam//Hdn//hA8M+1AfboQJ2V4=,TJySm9wIZG4QeVcodETgujf7SPw=
-20,-31,xHoam//Hdn//hA8M+1AfboQJ2V4=,vBwBo4FeP9W12Qy04tXAQSXMjlg=
-21,-29,xHoam//Hdn//hA8M+1AfboQJ2V4=,4ss7xGT2ejhUnL5Sk7Aj6YCvi80=
-20,-30,xHoam//Hdn//hA8M+1AfboQJ2V4=,WQOKP66CLLb5acBI8lTeY6Q/wqw=
-21,-30,xHoam//Hdn//hA8M+1AfboQJ2V4=,4ss7xGT2ejhUnL5Sk7Aj6YCvi80=
-22,-23,xHoam//Hdn//hA8M+1AfboQJ2V4=,NaEWxnryawjYZj7ZnWfK/RZetnk=
-23,-22,xHoam//Hdn//hA8M+1AfboQJ2V4=,X3Qt4wNeP502Sb28E067HcPiDYQ=
-20,-25,xHoam//Hdn//hA8M+1AfboQJ2V4=,1EiNYdA+xG2A3/cr3GDDsNaedY0=
-21,-23,xHoam//Hdn//hA8M+1AfboQJ2V4=,NaEWxnryawjYZj7ZnWfK/RZetnk=
-21,-25,xHoam//Hdn//hA8M+1AfboQJ2V4=,9Gwx6F/MIox0KNSFqIt0GCp2sMg=
-22,-22,xHoam//Hdn//hA8M+1AfboQJ2V4=,70nlfFHcF1tcYsk2N9FTrewQo3Y=
-20,-24,xHoam//Hdn//hA8M+1AfboQJ2V4=,OE/2Dae8w+571WZ3xatUNX/vMzY=
-21,-22,xHoam//Hdn//hA8M+1AfboQJ2V4=,70nlfFHcF1tcYsk2N9FTrewQo3Y=
-20,-22,xHoam//Hdn//hA8M+1AfboQJ2V4=,5XfOqKu7FNPGMK4Z7RK3UZD7rN0=
-20,-23,xHoam//Hdn//hA8M+1AfboQJ2V4=,OE/2Dae8w+571WZ3xatUNX/vMzY=
-20,-21,xHoam//Hdn//hA8M+1AfboQJ2V4=,5XfOqKu7FNPGMK4Z7RK3UZD7rN0=
-21,-21,xHoam//Hdn//hA8M+1AfboQJ2V4=,70nlfFHcF1tcYsk2N9FTrewQo3Y=
-22,-21,xHoam//Hdn//hA8M+1AfboQJ2V4=,70nlfFHcF1tcYsk2N9FTrewQo3Y=
-23,-21,xHoam//Hdn//hA8M+1AfboQJ2V4=,X3Qt4wNeP502Sb28E067HcPiDYQ=
-21,-24,xHoam//Hdn//hA8M+1AfboQJ2V4=,NaEWxnryawjYZj7ZnWfK/RZetnk=
-23,-20,xHoam//Hdn//hA8M+1AfboQJ2V4=,PasiXko+AWCcqzn1WP8QXl5iGaM=
-20,-20,xHoam//Hdn//hA8M+1AfboQJ2V4=,d05xGRXKaha5+3AJ6ot2MY4crTw=
-25,-20,xHoam//Hdn//hA8M+1AfboQJ2V4=,3CkcCYlCQRdyhQQCdh5f7Oofscg=
-24,-21,xHoam//Hdn//hA8M+1AfboQJ2V4=,X3Qt4wNeP502Sb28E067HcPiDYQ=
-24,-20,xHoam//Hdn//hA8M+1AfboQJ2V4=,PasiXko+AWCcqzn1WP8QXl5iGaM=
-22,-20,xHoam//Hdn//hA8M+1AfboQJ2V4=,FoFVWda+XrpRkNCx3IcTG+lwIR8=
-25,-21,xHoam//Hdn//hA8M+1AfboQJ2V4=,jBglTAT/GcbaBs0jyVXQfh67NDI=
-28,-21,xHoam//Hdn//hA8M+1AfboQJ2V4=,QTeMaO2MutTCJKrMG2/tIpMvs7c=
-21,-31,xHoam//Hdn//hA8M+1AfboQJ2V4=,cL2+7A2QX7h1uV6nnsSIgs3Nfow=
-23,-23,xHoam//Hdn//hA8M+1AfboQJ2V4=,AhpkG/GT5MgHXXMvDMp33JHbMQY=
-21,-20,xHoam//Hdn//hA8M+1AfboQJ2V4=,FoFVWda+XrpRkNCx3IcTG+lwIR8=
-26,-21,xHoam//Hdn//hA8M+1AfboQJ2V4=,jBglTAT/GcbaBs0jyVXQfh67NDI=
-29,-21,xHoam//Hdn//hA8M+1AfboQJ2V4=,sZB0zmrhpSheXCYwAw3DkCjZDWU=
-29,-20,xHoam//Hdn//hA8M+1AfboQJ2V4=,MTaO6jjXxXUxyutI7U1BPt08MfE=
-27,-20,xHoam//Hdn//hA8M+1AfboQJ2V4=,WMz0CFrsJH0AJH1lNIkF47BxyPA=
-28,-20,xHoam//Hdn//hA8M+1AfboQJ2V4=,WMz0CFrsJH0AJH1lNIkF47BxyPA=
-22,-19,xHoam//Hdn//hA8M+1AfboQJ2V4=,FoFVWda+XrpRkNCx3IcTG+lwIR8=
-23,-19,xHoam//Hdn//hA8M+1AfboQJ2V4=,PasiXko+AWCcqzn1WP8QXl5iGaM=
-27,-21,xHoam//Hdn//hA8M+1AfboQJ2V4=,QTeMaO2MutTCJKrMG2/tIpMvs7c=
-26,-20,xHoam//Hdn//hA8M+1AfboQJ2V4=,3CkcCYlCQRdyhQQCdh5f7Oofscg=
-24,-19,xHoam//Hdn//hA8M+1AfboQJ2V4=,PasiXko+AWCcqzn1WP8QXl5iGaM=
-25,-19,xHoam//Hdn//hA8M+1AfboQJ2V4=,3CkcCYlCQRdyhQQCdh5f7Oofscg=
-23,-18,xHoam//Hdn//hA8M+1AfboQJ2V4=,TZegobtCGL8pz5KOCcCjaXGpfd4=
-29,-19,xHoam//Hdn//hA8M+1AfboQJ2V4=,MTaO6jjXxXUxyutI7U1BPt08MfE=
-25,-18,xHoam//Hdn//hA8M+1AfboQJ2V4=,bJOgqoofToRslSbpygSZyDRNQEE=
-29,-18,xHoam//Hdn//hA8M+1AfboQJ2V4=,xP73waFVN6KK4uS4x1TYFeV5jrw=
-27,-19,xHoam//Hdn//hA8M+1AfboQJ2V4=,WMz0CFrsJH0AJH1lNIkF47BxyPA=
-22,-18,xHoam//Hdn//hA8M+1AfboQJ2V4=,8e43GQ5gL1eeSscniMfJ+8a2s2c=
-20,-19,xHoam//Hdn//hA8M+1AfboQJ2V4=,d05xGRXKaha5+3AJ6ot2MY4crTw=
-21,-19,xHoam//Hdn//hA8M+1AfboQJ2V4=,FoFVWda+XrpRkNCx3IcTG+lwIR8=
-28,-19,xHoam//Hdn//hA8M+1AfboQJ2V4=,WMz0CFrsJH0AJH1lNIkF47BxyPA=
-21,-18,xHoam//Hdn//hA8M+1AfboQJ2V4=,8e43GQ5gL1eeSscniMfJ+8a2s2c=
-24,-18,xHoam//Hdn//hA8M+1AfboQJ2V4=,TZegobtCGL8pz5KOCcCjaXGpfd4=
-26,-19,xHoam//Hdn//hA8M+1AfboQJ2V4=,3CkcCYlCQRdyhQQCdh5f7Oofscg=
-20,-18,xHoam//Hdn//hA8M+1AfboQJ2V4=,UCLv2NWB9n/riH8pH/NFo9HF8O0=
-19,-21,xHoam//Hdn//hA8M+1AfboQJ2V4=,5XfOqKu7FNPGMK4Z7RK3UZD7rN0=
-19,-18,xHoam//Hdn//hA8M+1AfboQJ2V4=,UCLv2NWB9n/riH8pH/NFo9HF8O0=
-19,-20,xHoam//Hdn//hA8M+1AfboQJ2V4=,d05xGRXKaha5+3AJ6ot2MY4crTw=
-27,-18,xHoam//Hdn//hA8M+1AfboQJ2V4=,CHEuhz1srpzyd6c2+m7tFX2JMjc=
-18,-18,xHoam//Hdn//hA8M+1AfboQJ2V4=,QSYPKtvQGlAigqfxp5LwNAn+Wlk=
-19,-19,xHoam//Hdn//hA8M+1AfboQJ2V4=,d05xGRXKaha5+3AJ6ot2MY4crTw=
-18,-19,xHoam//Hdn//hA8M+1AfboQJ2V4=,z5TvlIaaMNJQ0ruo1jmYCxNI4iI=
-19,-25,xHoam//Hdn//hA8M+1AfboQJ2V4=,1EiNYdA+xG2A3/cr3GDDsNaedY0=
-19,-23,xHoam//Hdn//hA8M+1AfboQJ2V4=,OE/2Dae8w+571WZ3xatUNX/vMzY=
-28,-18,xHoam//Hdn//hA8M+1AfboQJ2V4=,CHEuhz1srpzyd6c2+m7tFX2JMjc=
-26,-18,xHoam//Hdn//hA8M+1AfboQJ2V4=,bJOgqoofToRslSbpygSZyDRNQEE=
-19,-22,xHoam//Hdn//hA8M+1AfboQJ2V4=,5XfOqKu7FNPGMK4Z7RK3UZD7rN0=
-18,-20,xHoam//Hdn//hA8M+1AfboQJ2V4=,z5TvlIaaMNJQ0ruo1jmYCxNI4iI=
-19,-24,xHoam//Hdn//hA8M+1AfboQJ2V4=,OE/2Dae8w+571WZ3xatUNX/vMzY=
-18,-25,xHoam//Hdn//hA8M+1AfboQJ2V4=,HHl1p1oyRNmPEyOByYEbV70jMEM=
-18,-24,xHoam//Hdn//hA8M+1AfboQJ2V4=,Tk50dIM7gnu9kI5Uylv0GE1ohn0=
-19,-27,xHoam//Hdn//hA8M+1AfboQJ2V4=,TJySm9wIZG4QeVcodETgujf7SPw=
-18,-23,xHoam//Hdn//hA8M+1AfboQJ2V4=,Tk50dIM7gnu9kI5Uylv0GE1ohn0=
-21,-32,xHoam//Hdn//hA8M+1AfboQJ2V4=,cL2+7A2QX7h1uV6nnsSIgs3Nfow=
-20,-32,xHoam//Hdn//hA8M+1AfboQJ2V4=,vBwBo4FeP9W12Qy04tXAQSXMjlg=
-18,-21,xHoam//Hdn//hA8M+1AfboQJ2V4=,IcMDXiBYD857Nsk3a2sDTLqHSoc=
-19,-29,xHoam//Hdn//hA8M+1AfboQJ2V4=,WQOKP66CLLb5acBI8lTeY6Q/wqw=
-18,-22,xHoam//Hdn//hA8M+1AfboQJ2V4=,IcMDXiBYD857Nsk3a2sDTLqHSoc=
-19,-26,xHoam//Hdn//hA8M+1AfboQJ2V4=,1EiNYdA+xG2A3/cr3GDDsNaedY0=
-17,-26,xHoam//Hdn//hA8M+1AfboQJ2V4=,HHl1p1oyRNmPEyOByYEbV70jMEM=
-18,-26,xHoam//Hdn//hA8M+1AfboQJ2V4=,HHl1p1oyRNmPEyOByYEbV70jMEM=
-18,-27,xHoam//Hdn//hA8M+1AfboQJ2V4=,T4r6Rmy60nPrSu+qk28TTMXEvGY=
-17,-29,xHoam//Hdn//hA8M+1AfboQJ2V4=,UVNVWz89++gb1QA1MXOrC7JLCFk=
-17,-28,xHoam//Hdn//hA8M+1AfboQJ2V4=,T4r6Rmy60nPrSu+qk28TTMXEvGY=
-19,-28,xHoam//Hdn//hA8M+1AfboQJ2V4=,TJySm9wIZG4QeVcodETgujf7SPw=
-18,-30,xHoam//Hdn//hA8M+1AfboQJ2V4=,UVNVWz89++gb1QA1MXOrC7JLCFk=
-19,-30,xHoam//Hdn//hA8M+1AfboQJ2V4=,WQOKP66CLLb5acBI8lTeY6Q/wqw=
-19,-32,xHoam//Hdn//hA8M+1AfboQJ2V4=,vBwBo4FeP9W12Qy04tXAQSXMjlg=
-17,-27,xHoam//Hdn//hA8M+1AfboQJ2V4=,T4r6Rmy60nPrSu+qk28TTMXEvGY=
-17,-30,xHoam//Hdn//hA8M+1AfboQJ2V4=,UVNVWz89++gb1QA1MXOrC7JLCFk=
-23,-28,xHoam//Hdn//hA8M+1AfboQJ2V4=,7yCB1a+0o+p7TIpsyTtVF8Aa6Pw=
-22,-28,xHoam//Hdn//hA8M+1AfboQJ2V4=,N2JmPlryMna9sZPDAJJ9v3pefYE=
-22,-29,xHoam//Hdn//hA8M+1AfboQJ2V4=,4ss7xGT2ejhUnL5Sk7Aj6YCvi80=
-19,-31,xHoam//Hdn//hA8M+1AfboQJ2V4=,vBwBo4FeP9W12Qy04tXAQSXMjlg=
-18,-32,xHoam//Hdn//hA8M+1AfboQJ2V4=,uX9sQ29qRV43ktzshv+Rdqsyi6g=
-18,-28,xHoam//Hdn//hA8M+1AfboQJ2V4=,T4r6Rmy60nPrSu+qk28TTMXEvGY=
-22,-31,xHoam//Hdn//hA8M+1AfboQJ2V4=,cL2+7A2QX7h1uV6nnsSIgs3Nfow=
-18,-29,xHoam//Hdn//hA8M+1AfboQJ2V4=,UVNVWz89++gb1QA1MXOrC7JLCFk=
-22,-30,xHoam//Hdn//hA8M+1AfboQJ2V4=,4ss7xGT2ejhUnL5Sk7Aj6YCvi80=
-18,-31,xHoam//Hdn//hA8M+1AfboQJ2V4=,uX9sQ29qRV43ktzshv+Rdqsyi6g=
-25,-30,xHoam//Hdn//hA8M+1AfboQJ2V4=,vZnLYPLDAcoT3GiKOXYZ1al3ZYY=
-24,-28,xHoam//Hdn//hA8M+1AfboQJ2V4=,7yCB1a+0o+p7TIpsyTtVF8Aa6Pw=
-26,-29,xHoam//Hdn//hA8M+1AfboQJ2V4=,vZnLYPLDAcoT3GiKOXYZ1al3ZYY=
-24,-27,xHoam//Hdn//hA8M+1AfboQJ2V4=,7yCB1a+0o+p7TIpsyTtVF8Aa6Pw=
-27,-28,xHoam//Hdn//hA8M+1AfboQJ2V4=,heHyHNY7y8/hz2V9UC2lOvpSl04=
-26,-30,xHoam//Hdn//hA8M+1AfboQJ2V4=,vZnLYPLDAcoT3GiKOXYZ1al3ZYY=
-25,-29,xHoam//Hdn//hA8M+1AfboQJ2V4=,vZnLYPLDAcoT3GiKOXYZ1al3ZYY=
-27,-29,xHoam//Hdn//hA8M+1AfboQJ2V4=,K59sxv4c0QZ/O9cln2F/p6vpaTw=
-27,-30,xHoam//Hdn//hA8M+1AfboQJ2V4=,K59sxv4c0QZ/O9cln2F/p6vpaTw=
-24,-31,xHoam//Hdn//hA8M+1AfboQJ2V4=,EAVhZXBPu3I9rwLBm0CqIevVvHA=
-27,-27,xHoam//Hdn//hA8M+1AfboQJ2V4=,heHyHNY7y8/hz2V9UC2lOvpSl04=
-25,-31,xHoam//Hdn//hA8M+1AfboQJ2V4=,jaVwO6PB+I/08a/IHI3u/7E0s2c=
-27,-31,xHoam//Hdn//hA8M+1AfboQJ2V4=,bKb2R6e+/oIFQqDlkiZUqR9/aaQ=
-24,-26,xHoam//Hdn//hA8M+1AfboQJ2V4=,9MI14ewueQPvfg7JPRHyJlaScMA=
-25,-26,xHoam//Hdn//hA8M+1AfboQJ2V4=,LsKKSLqSQPjihFg8vVxEsZwNOuI=
-27,-26,xHoam//Hdn//hA8M+1AfboQJ2V4=,0lYHtL+Y+T4FgG8Va9jAh8nsbrc=
-26,-26,xHoam//Hdn//hA8M+1AfboQJ2V4=,LsKKSLqSQPjihFg8vVxEsZwNOuI=
-23,-29,xHoam//Hdn//hA8M+1AfboQJ2V4=,p9RjunKv+Td17q3s2dGXboCXuyw=
-17,-31,xHoam//Hdn//hA8M+1AfboQJ2V4=,uX9sQ29qRV43ktzshv+Rdqsyi6g=
-28,-32,xHoam//Hdn//hA8M+1AfboQJ2V4=,bKb2R6e+/oIFQqDlkiZUqR9/aaQ=
-26,-31,xHoam//Hdn//hA8M+1AfboQJ2V4=,jaVwO6PB+I/08a/IHI3u/7E0s2c=
-28,-30,xHoam//Hdn//hA8M+1AfboQJ2V4=,K59sxv4c0QZ/O9cln2F/p6vpaTw=
-32,-26,xHoam//Hdn//hA8M+1AfboQJ2V4=,uYLef9XS5KhbmOsyKGtgLMdO+Ps=
-28,-31,xHoam//Hdn//hA8M+1AfboQJ2V4=,bKb2R6e+/oIFQqDlkiZUqR9/aaQ=
-32,-27,xHoam//Hdn//hA8M+1AfboQJ2V4=,9mG/ZDoBVuU/D95jOC6F7Gy0x0I=
-32,-29,xHoam//Hdn//hA8M+1AfboQJ2V4=,4nrdNzXSIVTdWy0UdbcS20ZyfEk=
-32,-28,xHoam//Hdn//hA8M+1AfboQJ2V4=,9mG/ZDoBVuU/D95jOC6F7Gy0x0I=
-23,-30,xHoam//Hdn//hA8M+1AfboQJ2V4=,p9RjunKv+Td17q3s2dGXboCXuyw=
-29,-31,xHoam//Hdn//hA8M+1AfboQJ2V4=,sSCS4CFaAC8zrC+LmupaJJSrPTM=
-23,-31,xHoam//Hdn//hA8M+1AfboQJ2V4=,EAVhZXBPu3I9rwLBm0CqIevVvHA=
-32,-24,xHoam//Hdn//hA8M+1AfboQJ2V4=,Fys/mZPKnmw7TdMfu4L1YUaTx5o=
-29,-30,xHoam//Hdn//hA8M+1AfboQJ2V4=,2AX3QUTya5OBOcLWW+v/MqLThZM=
-32,-22,xHoam//Hdn//hA8M+1AfboQJ2V4=,jnFrnHGl0IrDLhtfiuuOzpsOgjs=
-26,-27,xHoam//Hdn//hA8M+1AfboQJ2V4=,Mq/T1UQKxpBe9JDVFvPkN+HabjM=
-24,-30,xHoam//Hdn//hA8M+1AfboQJ2V4=,p9RjunKv+Td17q3s2dGXboCXuyw=
-32,-23,xHoam//Hdn//hA8M+1AfboQJ2V4=,Fys/mZPKnmw7TdMfu4L1YUaTx5o=
-32,-25,xHoam//Hdn//hA8M+1AfboQJ2V4=,uYLef9XS5KhbmOsyKGtgLMdO+Ps=
-32,-30,xHoam//Hdn//hA8M+1AfboQJ2V4=,4nrdNzXSIVTdWy0UdbcS20ZyfEk=
-29,-32,xHoam//Hdn//hA8M+1AfboQJ2V4=,sSCS4CFaAC8zrC+LmupaJJSrPTM=
-25,-27,xHoam//Hdn//hA8M+1AfboQJ2V4=,Mq/T1UQKxpBe9JDVFvPkN+HabjM=
-30,-31,xHoam//Hdn//hA8M+1AfboQJ2V4=,sSCS4CFaAC8zrC+LmupaJJSrPTM=
-31,-30,xHoam//Hdn//hA8M+1AfboQJ2V4=,4nrdNzXSIVTdWy0UdbcS20ZyfEk=
-25,-28,xHoam//Hdn//hA8M+1AfboQJ2V4=,Mq/T1UQKxpBe9JDVFvPkN+HabjM=
-30,-32,xHoam//Hdn//hA8M+1AfboQJ2V4=,sSCS4CFaAC8zrC+LmupaJJSrPTM=
-30,-30,xHoam//Hdn//hA8M+1AfboQJ2V4=,2AX3QUTya5OBOcLWW+v/MqLThZM=
-26,-28,xHoam//Hdn//hA8M+1AfboQJ2V4=,Mq/T1UQKxpBe9JDVFvPkN+HabjM=
-31,-17,xHoam//Hdn//hA8M+1AfboQJ2V4=,3Nhj1N64CWssm9HUd29ikvu1E5k=
-30,-17,xHoam//Hdn//hA8M+1AfboQJ2V4=,xP73waFVN6KK4uS4x1TYFeV5jrw=
-24,-29,xHoam//Hdn//hA8M+1AfboQJ2V4=,p9RjunKv+Td17q3s2dGXboCXuyw=
-28,-17,xHoam//Hdn//hA8M+1AfboQJ2V4=,CHEuhz1srpzyd6c2+m7tFX2JMjc=
-29,-17,xHoam//Hdn//hA8M+1AfboQJ2V4=,xP73waFVN6KK4uS4x1TYFeV5jrw=
-32,-20,xHoam//Hdn//hA8M+1AfboQJ2V4=,p4j44ru5UB3Asdf7lTpbgc6TbpU=
-24,-17,xHoam//Hdn//hA8M+1AfboQJ2V4=,TZegobtCGL8pz5KOCcCjaXGpfd4=
-32,-21,xHoam//Hdn//hA8M+1AfboQJ2V4=,jnFrnHGl0IrDLhtfiuuOzpsOgjs=
-27,-17,xHoam//Hdn//hA8M+1AfboQJ2V4=,CHEuhz1srpzyd6c2+m7tFX2JMjc=
-25,-17,xHoam//Hdn//hA8M+1AfboQJ2V4=,bJOgqoofToRslSbpygSZyDRNQEE=
-32,-18,xHoam//Hdn//hA8M+1AfboQJ2V4=,3Nhj1N64CWssm9HUd29ikvu1E5k=
-32,-19,xHoam//Hdn//hA8M+1AfboQJ2V4=,p4j44ru5UB3Asdf7lTpbgc6TbpU=
-18,-17,xHoam//Hdn//hA8M+1AfboQJ2V4=,QSYPKtvQGlAigqfxp5LwNAn+Wlk=
-19,-17,xHoam//Hdn//hA8M+1AfboQJ2V4=,UCLv2NWB9n/riH8pH/NFo9HF8O0=
-17,-19,xHoam//Hdn//hA8M+1AfboQJ2V4=,z5TvlIaaMNJQ0ruo1jmYCxNI4iI=
-22,-17,xHoam//Hdn//hA8M+1AfboQJ2V4=,8e43GQ5gL1eeSscniMfJ+8a2s2c=
-17,-21,xHoam//Hdn//hA8M+1AfboQJ2V4=,IcMDXiBYD857Nsk3a2sDTLqHSoc=
-26,-17,xHoam//Hdn//hA8M+1AfboQJ2V4=,bJOgqoofToRslSbpygSZyDRNQEE=
-17,-20,xHoam//Hdn//hA8M+1AfboQJ2V4=,z5TvlIaaMNJQ0ruo1jmYCxNI4iI=
-17,-24,xHoam//Hdn//hA8M+1AfboQJ2V4=,Tk50dIM7gnu9kI5Uylv0GE1ohn0=
-23,-17,xHoam//Hdn//hA8M+1AfboQJ2V4=,TZegobtCGL8pz5KOCcCjaXGpfd4=
-22,-32,xHoam//Hdn//hA8M+1AfboQJ2V4=,cL2+7A2QX7h1uV6nnsSIgs3Nfow=
-27,-32,xHoam//Hdn//hA8M+1AfboQJ2V4=,bKb2R6e+/oIFQqDlkiZUqR9/aaQ=
-17,-18,xHoam//Hdn//hA8M+1AfboQJ2V4=,QSYPKtvQGlAigqfxp5LwNAn+Wlk=
-17,-25,xHoam//Hdn//hA8M+1AfboQJ2V4=,HHl1p1oyRNmPEyOByYEbV70jMEM=
-32,-17,xHoam//Hdn//hA8M+1AfboQJ2V4=,3Nhj1N64CWssm9HUd29ikvu1E5k=
-20,-17,xHoam//Hdn//hA8M+1AfboQJ2V4=,UCLv2NWB9n/riH8pH/NFo9HF8O0=
-17,-32,xHoam//Hdn//hA8M+1AfboQJ2V4=,uX9sQ29qRV43ktzshv+Rdqsyi6g=
-17,-17,xHoam//Hdn//hA8M+1AfboQJ2V4=,QSYPKtvQGlAigqfxp5LwNAn+Wlk=
-21,-17,xHoam//Hdn//hA8M+1AfboQJ2V4=,8e43GQ5gL1eeSscniMfJ+8a2s2c=
-26,-32,xHoam//Hdn//hA8M+1AfboQJ2V4=,jaVwO6PB+I/08a/IHI3u/7E0s2c=
-17,-23,xHoam//Hdn//hA8M+1AfboQJ2V4=,Tk50dIM7gnu9kI5Uylv0GE1ohn0=
-23,-32,xHoam//Hdn//hA8M+1AfboQJ2V4=,EAVhZXBPu3I9rwLBm0CqIevVvHA=
-24,-32,xHoam//Hdn//hA8M+1AfboQJ2V4=,EAVhZXBPu3I9rwLBm0CqIevVvHA=
-25,-32,xHoam//Hdn//hA8M+1AfboQJ2V4=,jaVwO6PB+I/08a/IHI3u/7E0s2c=
-17,-22,xHoam//Hdn//hA8M+1AfboQJ2V4=,IcMDXiBYD857Nsk3a2sDTLqHSoc=
-31,-32,xHoam//Hdn//hA8M+1AfboQJ2V4=,LhS9wJXIWO2QV36eyMw5Cs1pYU0=
-32,-32,xHoam//Hdn//hA8M+1AfboQJ2V4=,LhS9wJXIWO2QV36eyMw5Cs1pYU0=
-32,-31,xHoam//Hdn//hA8M+1AfboQJ2V4=,LhS9wJXIWO2QV36eyMw5Cs1pYU0=
-31,-31,xHoam//Hdn//hA8M+1AfboQJ2V4=,LhS9wJXIWO2QV36eyMw5Cs1pYU0=
-18,-14,xHoam//Hdn//hA8M+1AfboQJ2V4=,QY5aQ+6uPjjZqUnQCQfRRhBRTpA=
-19,-15,xHoam//Hdn//hA8M+1AfboQJ2V4=,bosQW7wjrMN/vuux6pPG5SMeEeE=
-18,-15,xHoam//Hdn//hA8M+1AfboQJ2V4=,pM8k0MZHrPJr9KrotvnYTd4gGbg=
-19,-14,xHoam//Hdn//hA8M+1AfboQJ2V4=,eKzSr1u0NvYMPVj+gr5Y3b1M3Oc=
-20,-15,xHoam//Hdn//hA8M+1AfboQJ2V4=,bosQW7wjrMN/vuux6pPG5SMeEeE=
-21,-15,xHoam//Hdn//hA8M+1AfboQJ2V4=,UqjAIms7ZhJe/VRJnNhrYnGdPwM=
-20,-14,xHoam//Hdn//hA8M+1AfboQJ2V4=,eKzSr1u0NvYMPVj+gr5Y3b1M3Oc=
-21,-14,oKykfniSPtQdM/zr84XPt/CuEyA=,JvET1Sdw+UD6oD85POUA8bGP088=
-23,-14,oKykfniSPtQdM/zr84XPt/CuEyA=,Nft7X5Fk4nSP5Z1Eq1iRKokpI6o=
-22,-15,oKykfniSPtQdM/zr84XPt/CuEyA=,UqjAIms7ZhJe/VRJnNhrYnGdPwM=
-23,-15,oKykfniSPtQdM/zr84XPt/CuEyA=,O8Wpp0N8atM1LAYjEZMnEN/tND8=
-22,-14,oKykfniSPtQdM/zr84XPt/CuEyA=,JvET1Sdw+UD6oD85POUA8bGP088=
-24,-14,oKykfniSPtQdM/zr84XPt/CuEyA=,Nft7X5Fk4nSP5Z1Eq1iRKokpI6o=
-24,-15,oKykfniSPtQdM/zr84XPt/CuEyA=,O8Wpp0N8atM1LAYjEZMnEN/tND8=
-25,-14,oKykfniSPtQdM/zr84XPt/CuEyA=,AmK/epjuZIG23bUo5f3Cjz7vCvI=
-25,-15,oKykfniSPtQdM/zr84XPt/CuEyA=,fodNFb9Rth0hD9TIGGSIYBHnF54=
-26,-6,oKykfniSPtQdM/zr84XPt/CuEyA=,wIujfwkB5ZrzTVhj6uU1vShlCE4=
-27,-6,oKykfniSPtQdM/zr84XPt/CuEyA=,LCz44NZV60iE2SZofybyg2OW9uQ=
-27,-7,oKykfniSPtQdM/zr84XPt/CuEyA=,FY2YiwH4dbzz1mDmsskrv/9BsZk=
-26,-7,oKykfniSPtQdM/zr84XPt/CuEyA=,P/IqLEUUIUuRzt9V75NY2sdnL0w=
-27,-5,oKykfniSPtQdM/zr84XPt/CuEyA=,LCz44NZV60iE2SZofybyg2OW9uQ=
-26,-4,JdGdrD+OU7p++ii9QeUMWqjH/dA=,iDej6CVJMTPn4ALzmHnWRQBnyNQ=
-27,-4,JdGdrD+OU7p++ii9QeUMWqjH/dA=,cSVLiUq9nQS6+TC9SV4A0L5aQZg=
-26,-5,JdGdrD+OU7p++ii9QeUMWqjH/dA=,wIujfwkB5ZrzTVhj6uU1vShlCE4=
-29,-4,JdGdrD+OU7p++ii9QeUMWqjH/dA=,dURytZKGak3psjHJJq44EsovJdw=
-28,-4,JdGdrD+OU7p++ii9QeUMWqjH/dA=,cSVLiUq9nQS6+TC9SV4A0L5aQZg=
-29,-5,JdGdrD+OU7p++ii9QeUMWqjH/dA=,km93rowvC/dlTWbhbCAcbze4Qis=
-28,-5,JdGdrD+OU7p++ii9QeUMWqjH/dA=,LCz44NZV60iE2SZofybyg2OW9uQ=
-30,-4,g9YAMeH5bOoGl9kpqt/6AjQMiNA=,dURytZKGak3psjHJJq44EsovJdw=
-31,-4,g9YAMeH5bOoGl9kpqt/6AjQMiNA=,pCT3VYhYL0sQvYYSHoHDL+egGrM=
-30,-5,g9YAMeH5bOoGl9kpqt/6AjQMiNA=,km93rowvC/dlTWbhbCAcbze4Qis=
-31,-5,g9YAMeH5bOoGl9kpqt/6AjQMiNA=,uvGjkjfWvm4X7toMSgMiTODcD7U=
-28,-6,g9YAMeH5bOoGl9kpqt/6AjQMiNA=,LCz44NZV60iE2SZofybyg2OW9uQ=
-29,-6,g9YAMeH5bOoGl9kpqt/6AjQMiNA=,km93rowvC/dlTWbhbCAcbze4Qis=
-29,-7,Da9yzTEJw27HqHO+3gfd8mGmBGc=,Psr1105b5ZcEvTi3i5uEllMnpPQ=
-28,-7,Da9yzTEJw27HqHO+3gfd8mGmBGc=,FY2YiwH4dbzz1mDmsskrv/9BsZk=
-30,-7,Da9yzTEJw27HqHO+3gfd8mGmBGc=,Psr1105b5ZcEvTi3i5uEllMnpPQ=
-30,-6,Da9yzTEJw27HqHO+3gfd8mGmBGc=,km93rowvC/dlTWbhbCAcbze4Qis=
-31,-6,Da9yzTEJw27HqHO+3gfd8mGmBGc=,uvGjkjfWvm4X7toMSgMiTODcD7U=
-30,-8,Da9yzTEJw27HqHO+3gfd8mGmBGc=,Psr1105b5ZcEvTi3i5uEllMnpPQ=
-31,-7,Da9yzTEJw27HqHO+3gfd8mGmBGc=,rZIXHmqOVX4xJ5mp3ivKw4dWDyc=
-31,-8,Da9yzTEJw27HqHO+3gfd8mGmBGc=,rZIXHmqOVX4xJ5mp3ivKw4dWDyc=
-30,-9,Da9yzTEJw27HqHO+3gfd8mGmBGc=,ItcRrjsfU8+okArMdkQusMzmfIM=
-28,-8,Da9yzTEJw27HqHO+3gfd8mGmBGc=,FY2YiwH4dbzz1mDmsskrv/9BsZk=
-31,-9,Da9yzTEJw27HqHO+3gfd8mGmBGc=,UQ2/aqRD1XXhaUYQ2gisJJNK9D8=
-27,-9,Da9yzTEJw27HqHO+3gfd8mGmBGc=,ARymfTyIB9MoMSIZWrQbN8yis+E=
-26,-8,Da9yzTEJw27HqHO+3gfd8mGmBGc=,P/IqLEUUIUuRzt9V75NY2sdnL0w=
-29,-8,Da9yzTEJw27HqHO+3gfd8mGmBGc=,Psr1105b5ZcEvTi3i5uEllMnpPQ=
-28,-9,Da9yzTEJw27HqHO+3gfd8mGmBGc=,ARymfTyIB9MoMSIZWrQbN8yis+E=
-29,-9,oRORun8R3J7uLRx7P7Ic3z81dEQ=,ItcRrjsfU8+okArMdkQusMzmfIM=
-27,-8,oRORun8R3J7uLRx7P7Ic3z81dEQ=,FY2YiwH4dbzz1mDmsskrv/9BsZk=
-29,-10,oRORun8R3J7uLRx7P7Ic3z81dEQ=,ItcRrjsfU8+okArMdkQusMzmfIM=
-26,-9,oRORun8R3J7uLRx7P7Ic3z81dEQ=,NGxWWeryeonbBODdphkcoJ25kIM=
-28,-10,oRORun8R3J7uLRx7P7Ic3z81dEQ=,ARymfTyIB9MoMSIZWrQbN8yis+E=
-27,-11,oRORun8R3J7uLRx7P7Ic3z81dEQ=,7XIaK4DazUbLqbcZQ/ILdA7mvwI=
-26,-10,oRORun8R3J7uLRx7P7Ic3z81dEQ=,NGxWWeryeonbBODdphkcoJ25kIM=
-27,-10,oRORun8R3J7uLRx7P7Ic3z81dEQ=,ARymfTyIB9MoMSIZWrQbN8yis+E=
-29,-11,oRORun8R3J7uLRx7P7Ic3z81dEQ=,f9tzYNjwH3de4/NDRIMqA0ilRks=
-26,-11,oRORun8R3J7uLRx7P7Ic3z81dEQ=,i4wCitnsvwikQigmqcHrZ7ATYRI=
-28,-11,oRORun8R3J7uLRx7P7Ic3z81dEQ=,7XIaK4DazUbLqbcZQ/ILdA7mvwI=
-30,-10,oRORun8R3J7uLRx7P7Ic3z81dEQ=,ItcRrjsfU8+okArMdkQusMzmfIM=
-31,-11,oRORun8R3J7uLRx7P7Ic3z81dEQ=,WzgUmZXhfI0GQP7RUrk5y7vGQ+w=
-31,-10,WAOal3buiqiB4A2qHDMrIv61HYA=,UQ2/aqRD1XXhaUYQ2gisJJNK9D8=
-30,-11,WAOal3buiqiB4A2qHDMrIv61HYA=,f9tzYNjwH3de4/NDRIMqA0ilRks=
-29,-12,WAOal3buiqiB4A2qHDMrIv61HYA=,f9tzYNjwH3de4/NDRIMqA0ilRks=
-27,-12,WAOal3buiqiB4A2qHDMrIv61HYA=,7XIaK4DazUbLqbcZQ/ILdA7mvwI=
-27,-13,WAOal3buiqiB4A2qHDMrIv61HYA=,eVpv873zcPiS9Wj9/QRDOUe+1Hg=
-28,-13,8LWfT1l74XoRf4DQYgHDdatYq6Q=,eVpv873zcPiS9Wj9/QRDOUe+1Hg=
-28,-12,8LWfT1l74XoRf4DQYgHDdatYq6Q=,7XIaK4DazUbLqbcZQ/ILdA7mvwI=
-26,-13,8LWfT1l74XoRf4DQYgHDdatYq6Q=,AmK/epjuZIG23bUo5f3Cjz7vCvI=
-30,-12,8LWfT1l74XoRf4DQYgHDdatYq6Q=,f9tzYNjwH3de4/NDRIMqA0ilRks=
-26,-12,8LWfT1l74XoRf4DQYgHDdatYq6Q=,i4wCitnsvwikQigmqcHrZ7ATYRI=
-31,-12,8LWfT1l74XoRf4DQYgHDdatYq6Q=,WzgUmZXhfI0GQP7RUrk5y7vGQ+w=
-29,-13,8LWfT1l74XoRf4DQYgHDdatYq6Q=,2NGlxUWCCvcz79ojLfHRpXDYmuA=
-31,-13,8LWfT1l74XoRf4DQYgHDdatYq6Q=,phu0Sgg/2d+1mJy2cHIWGinv/rE=
-32,-15,8LWfT1l74XoRf4DQYgHDdatYq6Q=,kNUX6gJidQyouaHIVhci5B+QeLs=
-31,-14,8LWfT1l74XoRf4DQYgHDdatYq6Q=,phu0Sgg/2d+1mJy2cHIWGinv/rE=
-31,-16,8LWfT1l74XoRf4DQYgHDdatYq6Q=,kNUX6gJidQyouaHIVhci5B+QeLs=
-25,-16,8LWfT1l74XoRf4DQYgHDdatYq6Q=,fodNFb9Rth0hD9TIGGSIYBHnF54=
-23,-16,8LWfT1l74XoRf4DQYgHDdatYq6Q=,O8Wpp0N8atM1LAYjEZMnEN/tND8=
-32,-14,8LWfT1l74XoRf4DQYgHDdatYq6Q=,phu0Sgg/2d+1mJy2cHIWGinv/rE=
-31,-15,8LWfT1l74XoRf4DQYgHDdatYq6Q=,kNUX6gJidQyouaHIVhci5B+QeLs=
-30,-13,8LWfT1l74XoRf4DQYgHDdatYq6Q=,2NGlxUWCCvcz79ojLfHRpXDYmuA=
-30,-15,8LWfT1l74XoRf4DQYgHDdatYq6Q=,nA9Gg6lM2zBa2+4+h05EGW0C6sM=
-30,-16,8LWfT1l74XoRf4DQYgHDdatYq6Q=,nA9Gg6lM2zBa2+4+h05EGW0C6sM=
-30,-14,8LWfT1l74XoRf4DQYgHDdatYq6Q=,2NGlxUWCCvcz79ojLfHRpXDYmuA=
-27,-14,8LWfT1l74XoRf4DQYgHDdatYq6Q=,eVpv873zcPiS9Wj9/QRDOUe+1Hg=
-24,-16,8LWfT1l74XoRf4DQYgHDdatYq6Q=,O8Wpp0N8atM1LAYjEZMnEN/tND8=
-26,-15,8LWfT1l74XoRf4DQYgHDdatYq6Q=,fodNFb9Rth0hD9TIGGSIYBHnF54=
-26,-16,8LWfT1l74XoRf4DQYgHDdatYq6Q=,fodNFb9Rth0hD9TIGGSIYBHnF54=
-28,-14,8LWfT1l74XoRf4DQYgHDdatYq6Q=,eVpv873zcPiS9Wj9/QRDOUe+1Hg=
-22,-16,8LWfT1l74XoRf4DQYgHDdatYq6Q=,UqjAIms7ZhJe/VRJnNhrYnGdPwM=
-26,-14,8LWfT1l74XoRf4DQYgHDdatYq6Q=,AmK/epjuZIG23bUo5f3Cjz7vCvI=
-18,-16,8LWfT1l74XoRf4DQYgHDdatYq6Q=,pM8k0MZHrPJr9KrotvnYTd4gGbg=
-29,-15,8LWfT1l74XoRf4DQYgHDdatYq6Q=,nA9Gg6lM2zBa2+4+h05EGW0C6sM=
-17,-14,8LWfT1l74XoRf4DQYgHDdatYq6Q=,QY5aQ+6uPjjZqUnQCQfRRhBRTpA=
-29,-16,8LWfT1l74XoRf4DQYgHDdatYq6Q=,nA9Gg6lM2zBa2+4+h05EGW0C6sM=
-27,-15,8LWfT1l74XoRf4DQYgHDdatYq6Q=,3igW0oJYTFNQp/GjRFH2Mh01qCs=
-21,-16,8LWfT1l74XoRf4DQYgHDdatYq6Q=,UqjAIms7ZhJe/VRJnNhrYnGdPwM=
-29,-14,8LWfT1l74XoRf4DQYgHDdatYq6Q=,2NGlxUWCCvcz79ojLfHRpXDYmuA=
-17,-15,8LWfT1l74XoRf4DQYgHDdatYq6Q=,pM8k0MZHrPJr9KrotvnYTd4gGbg=
-27,-16,8LWfT1l74XoRf4DQYgHDdatYq6Q=,3igW0oJYTFNQp/GjRFH2Mh01qCs=
-20,-16,8LWfT1l74XoRf4DQYgHDdatYq6Q=,bosQW7wjrMN/vuux6pPG5SMeEeE=
-19,-13,8LWfT1l74XoRf4DQYgHDdatYq6Q=,eKzSr1u0NvYMPVj+gr5Y3b1M3Oc=
-28,-16,8LWfT1l74XoRf4DQYgHDdatYq6Q=,3igW0oJYTFNQp/GjRFH2Mh01qCs=
-19,-16,8LWfT1l74XoRf4DQYgHDdatYq6Q=,bosQW7wjrMN/vuux6pPG5SMeEeE=
-18,-13,8LWfT1l74XoRf4DQYgHDdatYq6Q=,QY5aQ+6uPjjZqUnQCQfRRhBRTpA=
-19,-12,8LWfT1l74XoRf4DQYgHDdatYq6Q=,CsqxsZz3q3xJ92MJxoDFblH6gf0=
-19,-11,8LWfT1l74XoRf4DQYgHDdatYq6Q=,CsqxsZz3q3xJ92MJxoDFblH6gf0=
-28,-15,8LWfT1l74XoRf4DQYgHDdatYq6Q=,3igW0oJYTFNQp/GjRFH2Mh01qCs=
-19,-10,8LWfT1l74XoRf4DQYgHDdatYq6Q=,vlUHo+BYcRnrvfxh1YQCxW+bndg=
-18,-10,8LWfT1l74XoRf4DQYgHDdatYq6Q=,XJVmfM7q0IT8zQtos8vZauPIy30=
-25,-9,8LWfT1l74XoRf4DQYgHDdatYq6Q=,NGxWWeryeonbBODdphkcoJ25kIM=
-25,-8,8LWfT1l74XoRf4DQYgHDdatYq6Q=,P/IqLEUUIUuRzt9V75NY2sdnL0w=
-18,-11,8LWfT1l74XoRf4DQYgHDdatYq6Q=,dOu+yPYMD99jutfokZ0RWyHbD84=
-24,-9,8LWfT1l74XoRf4DQYgHDdatYq6Q=,g/1QstpCovjdMmguDkPAThTSv/w=
-23,-9,8LWfT1l74XoRf4DQYgHDdatYq6Q=,g/1QstpCovjdMmguDkPAThTSv/w=
-18,-12,8LWfT1l74XoRf4DQYgHDdatYq6Q=,dOu+yPYMD99jutfokZ0RWyHbD84=
-24,-8,8LWfT1l74XoRf4DQYgHDdatYq6Q=,ox/STm5tWBYhNDYD5uMl/PsWrf8=
-24,-7,8LWfT1l74XoRf4DQYgHDdatYq6Q=,ox/STm5tWBYhNDYD5uMl/PsWrf8=
-25,-6,8LWfT1l74XoRf4DQYgHDdatYq6Q=,wIujfwkB5ZrzTVhj6uU1vShlCE4=
-22,-8,8LWfT1l74XoRf4DQYgHDdatYq6Q=,eUnDK+sf10YXk6aAfq3nyu4MYWk=
-25,-7,8LWfT1l74XoRf4DQYgHDdatYq6Q=,P/IqLEUUIUuRzt9V75NY2sdnL0w=
-24,-6,8LWfT1l74XoRf4DQYgHDdatYq6Q=,UI/h9OqmPUJKXc76IhHe7DmzsbY=
-23,-8,8LWfT1l74XoRf4DQYgHDdatYq6Q=,ox/STm5tWBYhNDYD5uMl/PsWrf8=
-23,-6,8LWfT1l74XoRf4DQYgHDdatYq6Q=,UI/h9OqmPUJKXc76IhHe7DmzsbY=
-22,-6,8LWfT1l74XoRf4DQYgHDdatYq6Q=,KOZbCZYy70S02dKJU1x4tdgeNUs=
-22,-7,8LWfT1l74XoRf4DQYgHDdatYq6Q=,eUnDK+sf10YXk6aAfq3nyu4MYWk=
-22,-9,8LWfT1l74XoRf4DQYgHDdatYq6Q=,EIzpflMbh52HMOD1VHVrB43oLb8=
-25,-4,8LWfT1l74XoRf4DQYgHDdatYq6Q=,iDej6CVJMTPn4ALzmHnWRQBnyNQ=
-24,-5,8LWfT1l74XoRf4DQYgHDdatYq6Q=,UI/h9OqmPUJKXc76IhHe7DmzsbY=
-25,-5,8LWfT1l74XoRf4DQYgHDdatYq6Q=,wIujfwkB5ZrzTVhj6uU1vShlCE4=
-22,-5,8LWfT1l74XoRf4DQYgHDdatYq6Q=,KOZbCZYy70S02dKJU1x4tdgeNUs=
-23,-7,8LWfT1l74XoRf4DQYgHDdatYq6Q=,ox/STm5tWBYhNDYD5uMl/PsWrf8=
-24,-4,8LWfT1l74XoRf4DQYgHDdatYq6Q=,eJueiw6Sd+WX9+kGPu9d4qk0zxY=
-23,-5,8LWfT1l74XoRf4DQYgHDdatYq6Q=,UI/h9OqmPUJKXc76IhHe7DmzsbY=
-23,-4,8LWfT1l74XoRf4DQYgHDdatYq6Q=,eJueiw6Sd+WX9+kGPu9d4qk0zxY=
-21,-5,8LWfT1l74XoRf4DQYgHDdatYq6Q=,KOZbCZYy70S02dKJU1x4tdgeNUs=
-20,-4,8LWfT1l74XoRf4DQYgHDdatYq6Q=,ZTSx8z1BeyT2zi/u3uwxtmYdUaE=
-20,-5,8LWfT1l74XoRf4DQYgHDdatYq6Q=,GW19dGXbHHzd/mlLPO6j12YfRH4=
-21,-9,8LWfT1l74XoRf4DQYgHDdatYq6Q=,EIzpflMbh52HMOD1VHVrB43oLb8=
-21,-6,8LWfT1l74XoRf4DQYgHDdatYq6Q=,KOZbCZYy70S02dKJU1x4tdgeNUs=
-20,-9,8LWfT1l74XoRf4DQYgHDdatYq6Q=,vlUHo+BYcRnrvfxh1YQCxW+bndg=
-20,-6,8LWfT1l74XoRf4DQYgHDdatYq6Q=,GW19dGXbHHzd/mlLPO6j12YfRH4=
-21,-8,8LWfT1l74XoRf4DQYgHDdatYq6Q=,eUnDK+sf10YXk6aAfq3nyu4MYWk=
-20,-7,8LWfT1l74XoRf4DQYgHDdatYq6Q=,8s3wvpay1DGRNZFKWx6FUiEIz4I=
-20,-3,8LWfT1l74XoRf4DQYgHDdatYq6Q=,ZTSx8z1BeyT2zi/u3uwxtmYdUaE=
-18,-9,8LWfT1l74XoRf4DQYgHDdatYq6Q=,XJVmfM7q0IT8zQtos8vZauPIy30=
-21,-7,8LWfT1l74XoRf4DQYgHDdatYq6Q=,eUnDK+sf10YXk6aAfq3nyu4MYWk=
-20,-2,8LWfT1l74XoRf4DQYgHDdatYq6Q=,rUiv3+5KeNaS5chP1AhplZ+UL90=
-21,-2,8LWfT1l74XoRf4DQYgHDdatYq6Q=,tM5uurKMn2LvHXnt0JvfFjhHOtQ=
-19,-9,8LWfT1l74XoRf4DQYgHDdatYq6Q=,vlUHo+BYcRnrvfxh1YQCxW+bndg=
-18,-8,8LWfT1l74XoRf4DQYgHDdatYq6Q=,AJhRVQGP6MD6PBv6oR9xdxI/50A=
-23,-3,8LWfT1l74XoRf4DQYgHDdatYq6Q=,eJueiw6Sd+WX9+kGPu9d4qk0zxY=
-22,-2,8LWfT1l74XoRf4DQYgHDdatYq6Q=,tM5uurKMn2LvHXnt0JvfFjhHOtQ=
-19,-8,8LWfT1l74XoRf4DQYgHDdatYq6Q=,8s3wvpay1DGRNZFKWx6FUiEIz4I=
-24,-3,8LWfT1l74XoRf4DQYgHDdatYq6Q=,eJueiw6Sd+WX9+kGPu9d4qk0zxY=
-22,-4,8LWfT1l74XoRf4DQYgHDdatYq6Q=,nxCAqWW+J9C+n+10vUGUM/g+Gjs=
-25,-3,8LWfT1l74XoRf4DQYgHDdatYq6Q=,iDej6CVJMTPn4ALzmHnWRQBnyNQ=
-25,-2,8LWfT1l74XoRf4DQYgHDdatYq6Q=,3EMCDeYAUr2IUOxaZAKIOezNAB0=
-27,-3,8LWfT1l74XoRf4DQYgHDdatYq6Q=,cSVLiUq9nQS6+TC9SV4A0L5aQZg=
-26,-2,8LWfT1l74XoRf4DQYgHDdatYq6Q=,3EMCDeYAUr2IUOxaZAKIOezNAB0=
-20,-1,8LWfT1l74XoRf4DQYgHDdatYq6Q=,rUiv3+5KeNaS5chP1AhplZ+UL90=
-26,-3,8LWfT1l74XoRf4DQYgHDdatYq6Q=,iDej6CVJMTPn4ALzmHnWRQBnyNQ=
-26,-1,8LWfT1l74XoRf4DQYgHDdatYq6Q=,3EMCDeYAUr2IUOxaZAKIOezNAB0=
-21,-1,8LWfT1l74XoRf4DQYgHDdatYq6Q=,tM5uurKMn2LvHXnt0JvfFjhHOtQ=
-25,-1,8LWfT1l74XoRf4DQYgHDdatYq6Q=,3EMCDeYAUr2IUOxaZAKIOezNAB0=
-27,-1,8LWfT1l74XoRf4DQYgHDdatYq6Q=,tJQs0EnIt+O7bprEGwVdR/7mZOs=
-28,-2,8LWfT1l74XoRf4DQYgHDdatYq6Q=,tJQs0EnIt+O7bprEGwVdR/7mZOs=
-24,-2,8LWfT1l74XoRf4DQYgHDdatYq6Q=,FzKGQarWrehsag3px9cmcGD+SRM=
-22,-1,8LWfT1l74XoRf4DQYgHDdatYq6Q=,tM5uurKMn2LvHXnt0JvfFjhHOtQ=
-23,-2,8LWfT1l74XoRf4DQYgHDdatYq6Q=,FzKGQarWrehsag3px9cmcGD+SRM=
-20,-8,8LWfT1l74XoRf4DQYgHDdatYq6Q=,8s3wvpay1DGRNZFKWx6FUiEIz4I=
-27,-2,8LWfT1l74XoRf4DQYgHDdatYq6Q=,tJQs0EnIt+O7bprEGwVdR/7mZOs=
-29,-3,8LWfT1l74XoRf4DQYgHDdatYq6Q=,dURytZKGak3psjHJJq44EsovJdw=
-24,-1,8LWfT1l74XoRf4DQYgHDdatYq6Q=,FzKGQarWrehsag3px9cmcGD+SRM=
-31,-3,8LWfT1l74XoRf4DQYgHDdatYq6Q=,pCT3VYhYL0sQvYYSHoHDL+egGrM=
-23,-1,8LWfT1l74XoRf4DQYgHDdatYq6Q=,FzKGQarWrehsag3px9cmcGD+SRM=
-28,-3,8LWfT1l74XoRf4DQYgHDdatYq6Q=,cSVLiUq9nQS6+TC9SV4A0L5aQZg=
-29,-2,8LWfT1l74XoRf4DQYgHDdatYq6Q=,Ys5mZvNAQ54dm9v2VmFlSuY5/qA=
-29,-1,8LWfT1l74XoRf4DQYgHDdatYq6Q=,Ys5mZvNAQ54dm9v2VmFlSuY5/qA=
-30,-3,8LWfT1l74XoRf4DQYgHDdatYq6Q=,dURytZKGak3psjHJJq44EsovJdw=
-21,-4,8LWfT1l74XoRf4DQYgHDdatYq6Q=,nxCAqWW+J9C+n+10vUGUM/g+Gjs=
-28,-1,8LWfT1l74XoRf4DQYgHDdatYq6Q=,tJQs0EnIt+O7bprEGwVdR/7mZOs=
-30,-1,8LWfT1l74XoRf4DQYgHDdatYq6Q=,Ys5mZvNAQ54dm9v2VmFlSuY5/qA=
-17,-8,8LWfT1l74XoRf4DQYgHDdatYq6Q=,AJhRVQGP6MD6PBv6oR9xdxI/50A=
-31,-1,8LWfT1l74XoRf4DQYgHDdatYq6Q=,3xZd8dSdVItlE0qvprKgy1azaXM=
-17,-11,8LWfT1l74XoRf4DQYgHDdatYq6Q=,dOu+yPYMD99jutfokZ0RWyHbD84=
-22,-3,8LWfT1l74XoRf4DQYgHDdatYq6Q=,nxCAqWW+J9C+n+10vUGUM/g+Gjs=
-21,-3,8LWfT1l74XoRf4DQYgHDdatYq6Q=,nxCAqWW+J9C+n+10vUGUM/g+Gjs=
-17,-12,8LWfT1l74XoRf4DQYgHDdatYq6Q=,dOu+yPYMD99jutfokZ0RWyHbD84=
-17,-9,8LWfT1l74XoRf4DQYgHDdatYq6Q=,XJVmfM7q0IT8zQtos8vZauPIy30=
-19,-1,8LWfT1l74XoRf4DQYgHDdatYq6Q=,rUiv3+5KeNaS5chP1AhplZ+UL90=
-17,-10,8LWfT1l74XoRf4DQYgHDdatYq6Q=,XJVmfM7q0IT8zQtos8vZauPIy30=
-31,-2,8LWfT1l74XoRf4DQYgHDdatYq6Q=,3xZd8dSdVItlE0qvprKgy1azaXM=
-18,-1,8LWfT1l74XoRf4DQYgHDdatYq6Q=,8wWIa+ESt1cVvQJiyKxTZEWyKE0=
-30,-2,8LWfT1l74XoRf4DQYgHDdatYq6Q=,Ys5mZvNAQ54dm9v2VmFlSuY5/qA=
-32,-9,8LWfT1l74XoRf4DQYgHDdatYq6Q=,UQ2/aqRD1XXhaUYQ2gisJJNK9D8=
-32,-11,8LWfT1l74XoRf4DQYgHDdatYq6Q=,WzgUmZXhfI0GQP7RUrk5y7vGQ+w=
-32,-8,8LWfT1l74XoRf4DQYgHDdatYq6Q=,rZIXHmqOVX4xJ5mp3ivKw4dWDyc=
-17,-13,8LWfT1l74XoRf4DQYgHDdatYq6Q=,QY5aQ+6uPjjZqUnQCQfRRhBRTpA=
-32,-13,8LWfT1l74XoRf4DQYgHDdatYq6Q=,phu0Sgg/2d+1mJy2cHIWGinv/rE=
-32,-12,8LWfT1l74XoRf4DQYgHDdatYq6Q=,WzgUmZXhfI0GQP7RUrk5y7vGQ+w=
-32,-10,8LWfT1l74XoRf4DQYgHDdatYq6Q=,UQ2/aqRD1XXhaUYQ2gisJJNK9D8=
-18,-2,8LWfT1l74XoRf4DQYgHDdatYq6Q=,8wWIa+ESt1cVvQJiyKxTZEWyKE0=
-19,-2,8LWfT1l74XoRf4DQYgHDdatYq6Q=,rUiv3+5KeNaS5chP1AhplZ+UL90=
-17,-2,8LWfT1l74XoRf4DQYgHDdatYq6Q=,8wWIa+ESt1cVvQJiyKxTZEWyKE0=
-19,-3,8LWfT1l74XoRf4DQYgHDdatYq6Q=,ZTSx8z1BeyT2zi/u3uwxtmYdUaE=
-17,-1,8LWfT1l74XoRf4DQYgHDdatYq6Q=,8wWIa+ESt1cVvQJiyKxTZEWyKE0=
-32,-7,8LWfT1l74XoRf4DQYgHDdatYq6Q=,rZIXHmqOVX4xJ5mp3ivKw4dWDyc=
-32,-2,8LWfT1l74XoRf4DQYgHDdatYq6Q=,3xZd8dSdVItlE0qvprKgy1azaXM=
-32,-4,8LWfT1l74XoRf4DQYgHDdatYq6Q=,pCT3VYhYL0sQvYYSHoHDL+egGrM=
-32,-6,8LWfT1l74XoRf4DQYgHDdatYq6Q=,uvGjkjfWvm4X7toMSgMiTODcD7U=
-17,-16,8LWfT1l74XoRf4DQYgHDdatYq6Q=,pM8k0MZHrPJr9KrotvnYTd4gGbg=
-32,-3,8LWfT1l74XoRf4DQYgHDdatYq6Q=,pCT3VYhYL0sQvYYSHoHDL+egGrM=
-32,-5,8LWfT1l74XoRf4DQYgHDdatYq6Q=,uvGjkjfWvm4X7toMSgMiTODcD7U=
-32,-1,8LWfT1l74XoRf4DQYgHDdatYq6Q=,3xZd8dSdVItlE0qvprKgy1azaXM=
-18,-5,8LWfT1l74XoRf4DQYgHDdatYq6Q=,xarRq4Hu0mrWFWLPUvAgLuCJ9ys=
-19,-5,8LWfT1l74XoRf4DQYgHDdatYq6Q=,GW19dGXbHHzd/mlLPO6j12YfRH4=
-32,-16,8LWfT1l74XoRf4DQYgHDdatYq6Q=,kNUX6gJidQyouaHIVhci5B+QeLs=
-18,-7,8LWfT1l74XoRf4DQYgHDdatYq6Q=,AJhRVQGP6MD6PBv6oR9xdxI/50A=
-19,-7,8LWfT1l74XoRf4DQYgHDdatYq6Q=,8s3wvpay1DGRNZFKWx6FUiEIz4I=
-17,-6,8LWfT1l74XoRf4DQYgHDdatYq6Q=,xarRq4Hu0mrWFWLPUvAgLuCJ9ys=
-17,-7,8LWfT1l74XoRf4DQYgHDdatYq6Q=,AJhRVQGP6MD6PBv6oR9xdxI/50A=
-19,-4,8LWfT1l74XoRf4DQYgHDdatYq6Q=,ZTSx8z1BeyT2zi/u3uwxtmYdUaE=
-19,-6,8LWfT1l74XoRf4DQYgHDdatYq6Q=,GW19dGXbHHzd/mlLPO6j12YfRH4=
-25,-13,8LWfT1l74XoRf4DQYgHDdatYq6Q=,AmK/epjuZIG23bUo5f3Cjz7vCvI=
-18,-6,8LWfT1l74XoRf4DQYgHDdatYq6Q=,xarRq4Hu0mrWFWLPUvAgLuCJ9ys=
-25,-10,8LWfT1l74XoRf4DQYgHDdatYq6Q=,NGxWWeryeonbBODdphkcoJ25kIM=
-25,-12,8LWfT1l74XoRf4DQYgHDdatYq6Q=,i4wCitnsvwikQigmqcHrZ7ATYRI=
-21,-10,8LWfT1l74XoRf4DQYgHDdatYq6Q=,EIzpflMbh52HMOD1VHVrB43oLb8=
-22,-10,8LWfT1l74XoRf4DQYgHDdatYq6Q=,EIzpflMbh52HMOD1VHVrB43oLb8=
-25,-11,8LWfT1l74XoRf4DQYgHDdatYq6Q=,i4wCitnsvwikQigmqcHrZ7ATYRI=
-20,-10,8LWfT1l74XoRf4DQYgHDdatYq6Q=,vlUHo+BYcRnrvfxh1YQCxW+bndg=
-23,-13,8LWfT1l74XoRf4DQYgHDdatYq6Q=,Nft7X5Fk4nSP5Z1Eq1iRKokpI6o=
-24,-13,8LWfT1l74XoRf4DQYgHDdatYq6Q=,Nft7X5Fk4nSP5Z1Eq1iRKokpI6o=
-23,-10,8LWfT1l74XoRf4DQYgHDdatYq6Q=,g/1QstpCovjdMmguDkPAThTSv/w=
-24,-10,8LWfT1l74XoRf4DQYgHDdatYq6Q=,g/1QstpCovjdMmguDkPAThTSv/w=
-21,-13,8LWfT1l74XoRf4DQYgHDdatYq6Q=,JvET1Sdw+UD6oD85POUA8bGP088=
-20,-12,8LWfT1l74XoRf4DQYgHDdatYq6Q=,CsqxsZz3q3xJ92MJxoDFblH6gf0=
-17,-5,8LWfT1l74XoRf4DQYgHDdatYq6Q=,xarRq4Hu0mrWFWLPUvAgLuCJ9ys=
-20,-13,8LWfT1l74XoRf4DQYgHDdatYq6Q=,eKzSr1u0NvYMPVj+gr5Y3b1M3Oc=
-21,-11,8LWfT1l74XoRf4DQYgHDdatYq6Q=,ACsJfQFFajsOPy6ubZuMq3J8Fh0=
-18,-3,8LWfT1l74XoRf4DQYgHDdatYq6Q=,mdYl8qw5yesAb+CJUDANTW8nbCI=
-18,-4,8LWfT1l74XoRf4DQYgHDdatYq6Q=,mdYl8qw5yesAb+CJUDANTW8nbCI=
-22,-12,8LWfT1l74XoRf4DQYgHDdatYq6Q=,ACsJfQFFajsOPy6ubZuMq3J8Fh0=
-17,-3,8LWfT1l74XoRf4DQYgHDdatYq6Q=,mdYl8qw5yesAb+CJUDANTW8nbCI=
-17,-4,8LWfT1l74XoRf4DQYgHDdatYq6Q=,mdYl8qw5yesAb+CJUDANTW8nbCI=
-20,-11,8LWfT1l74XoRf4DQYgHDdatYq6Q=,CsqxsZz3q3xJ92MJxoDFblH6gf0=
-22,-11,8LWfT1l74XoRf4DQYgHDdatYq6Q=,ACsJfQFFajsOPy6ubZuMq3J8Fh0=
-22,-13,8LWfT1l74XoRf4DQYgHDdatYq6Q=,JvET1Sdw+UD6oD85POUA8bGP088=
-21,-12,8LWfT1l74XoRf4DQYgHDdatYq6Q=,ACsJfQFFajsOPy6ubZuMq3J8Fh0=
-24,-12,8LWfT1l74XoRf4DQYgHDdatYq6Q=,p75nSiUL7VeIXKMHWVcvgiTsFBA=
-24,-11,8LWfT1l74XoRf4DQYgHDdatYq6Q=,p75nSiUL7VeIXKMHWVcvgiTsFBA=
-23,-11,8LWfT1l74XoRf4DQYgHDdatYq6Q=,p75nSiUL7VeIXKMHWVcvgiTsFBA=
-23,-12,8LWfT1l74XoRf4DQYgHDdatYq6Q=,p75nSiUL7VeIXKMHWVcvgiTsFBA=
