2,1,ZpXooTtrqueexYtoR6dYMVXDaVY=,89P3RPI84ddwcBOTJSbVWlgb+rI=
1,1,ZpXooTtrqueexYtoR6dYMVXDaVY=,/GULiBaCl4N0cb4QF0qOSQi9NOE=
1,2,ZpXooTtrqueexYtoR6dYMVXDaVY=,0EvXFDvyYJR5Ng+sxSLHSzCnBSQ=
2,2,ZpXooTtrqueexYtoR6dYMVXDaVY=,R0dqkaBIE6wM9VGnPdjMAUcdTXQ=
2,4,ZpXooTtrqueexYtoR6dYMVXDaVY=,fSHga44M4QkWJ1ngU9Si1urECGo=
2,5,ZpXooTtrqueexYtoR6dYMVXDaVY=,fSHga44M4QkWJ1ngU9Si1urECGo=
2,3,ZpXooTtrqueexYtoR6dYMVXDaVY=,R0dqkaBIE6wM9VGnPdjMAUcdTXQ=
1,4,ZpXooTtrqueexYtoR6dYMVXDaVY=,xnk1ZA5b31If1Kerrqo123cE91Q=
1,3,LAYq7Yb0IcRnRXiNVTM8nzXWV10=,0EvXFDvyYJR5Ng+sxSLHSzCnBSQ=
1,5,LAYq7Yb0IcRnRXiNVTM8nzXWV10=,xnk1ZA5b31If1Kerrqo123cE91Q=
2,6,LAYq7Yb0IcRnRXiNVTM8nzXWV10=,PmkUvPxJLkNZfZJl3HCYpP4Gy0Q=
1,6,LAYq7Yb0IcRnRXiNVTM8nzXWV10=,mQAwGcYIhMR29ypd0H6jgtsC4Co=
2,8,LAYq7Yb0IcRnRXiNVTM8nzXWV10=,DY7Z/Y5+NjhY/6Dhv9FgI+Kidp4=
1,7,LAYq7Yb0IcRnRXiNVTM8nzXWV10=,mQAwGcYIhMR29ypd0H6jgtsC4Co=
2,7,LAYq7Yb0IcRnRXiNVTM8nzXWV10=,PmkUvPxJLkNZfZJl3HCYpP4Gy0Q=
1,8,LAYq7Yb0IcRnRXiNVTM8nzXWV10=,PdsEhxrb4WPg0HtplvcbG10CpuQ=
2,9,LAYq7Yb0IcRnRXiNVTM8nzXWV10=,DY7Z/Y5+NjhY/6Dhv9FgI+Kidp4=
1,9,LAYq7Yb0IcRnRXiNVTM8nzXWV10=,PdsEhxrb4WPg0HtplvcbG10CpuQ=
2,10,LAYq7Yb0IcRnRXiNVTM8nzXWV10=,KfAgwxbNH9fF6tC+n6N1UMpgHQk=
1,10,LAYq7Yb0IcRnRXiNVTM8nzXWV10=,rEjlTAKnXbG8vOa1MUhEucGM1sA=
2,12,LAYq7Yb0IcRnRXiNVTM8nzXWV10=,HysZucpiNDvwgQfTUoVGf/hnD+k=
2,11,LAYq7Yb0IcRnRXiNVTM8nzXWV10=,KfAgwxbNH9fF6tC+n6N1UMpgHQk=
1,12,LAYq7Yb0IcRnRXiNVTM8nzXWV10=,7ZzMKfGNWozWaPaoKa4lAJf756w=
1,11,7O1BBInjqL76quKJHeE3H2S+kuA=,rEjlTAKnXbG8vOa1MUhEucGM1sA=
2,13,7O1BBInjqL76quKJHeE3H2S+kuA=,HysZucpiNDvwgQfTUoVGf/hnD+k=
1,13,7O1BBInjqL76quKJHeE3H2S+kuA=,7ZzMKfGNWozWaPaoKa4lAJf756w=
2,14,7O1BBInjqL76quKJHeE3H2S+kuA=,8vPHT2V7P6lEtVREktWaIvnxiFY=
1,14,7O1BBInjqL76quKJHeE3H2S+kuA=,fyi4UExjwC3wHu+djxuD/GpnmFQ=
4,14,7O1BBInjqL76quKJHeE3H2S+kuA=,DQykD0z5u7gUqLSsAc9Am7qtN6w=
4,13,7O1BBInjqL76quKJHeE3H2S+kuA=,flkg2mZ9/7UEn4s3+yOHCg6ne6k=
3,13,7O1BBInjqL76quKJHeE3H2S+kuA=,HysZucpiNDvwgQfTUoVGf/hnD+k=
4,11,7O1BBInjqL76quKJHeE3H2S+kuA=,Xlxk5S9cw6mJHsq5GeCqpePz3yU=
3,14,7O1BBInjqL76quKJHeE3H2S+kuA=,8vPHT2V7P6lEtVREktWaIvnxiFY=
4,12,7O1BBInjqL76quKJHeE3H2S+kuA=,flkg2mZ9/7UEn4s3+yOHCg6ne6k=
3,12,7O1BBInjqL76quKJHeE3H2S+kuA=,HysZucpiNDvwgQfTUoVGf/hnD+k=
4,10,7O1BBInjqL76quKJHeE3H2S+kuA=,Xlxk5S9cw6mJHsq5GeCqpePz3yU=
3,11,7O1BBInjqL76quKJHeE3H2S+kuA=,KfAgwxbNH9fF6tC+n6N1UMpgHQk=
3,9,7O1BBInjqL76quKJHeE3H2S+kuA=,DY7Z/Y5+NjhY/6Dhv9FgI+Kidp4=
3,10,7O1BBInjqL76quKJHeE3H2S+kuA=,KfAgwxbNH9fF6tC+n6N1UMpgHQk=
4,7,7O1BBInjqL76quKJHeE3H2S+kuA=,IbR6xUuIQelapvSqfq+rtTDHEsU=
4,8,7O1BBInjqL76quKJHeE3H2S+kuA=,nailg3dYGv9vrxX5qJODSiERcPU=
4,9,7O1BBInjqL76quKJHeE3H2S+kuA=,nailg3dYGv9vrxX5qJODSiERcPU=
3,8,IZntka1xW1X5Rwkc3OPvTqQmh2g=,DY7Z/Y5+NjhY/6Dhv9FgI+Kidp4=
3,7,IZntka1xW1X5Rwkc3OPvTqQmh2g=,PmkUvPxJLkNZfZJl3HCYpP4Gy0Q=
4,6,IZntka1xW1X5Rwkc3OPvTqQmh2g=,IbR6xUuIQelapvSqfq+rtTDHEsU=
3,5,IZntka1xW1X5Rwkc3OPvTqQmh2g=,fSHga44M4QkWJ1ngU9Si1urECGo=
3,6,IZntka1xW1X5Rwkc3OPvTqQmh2g=,PmkUvPxJLkNZfZJl3HCYpP4Gy0Q=
4,5,IZntka1xW1X5Rwkc3OPvTqQmh2g=,Dizkb8PWdrQZO9c1cun9trYVQxM=
4,4,IZntka1xW1X5Rwkc3OPvTqQmh2g=,Dizkb8PWdrQZO9c1cun9trYVQxM=
3,4,IZntka1xW1X5Rwkc3OPvTqQmh2g=,fSHga44M4QkWJ1ngU9Si1urECGo=
3,3,IZntka1xW1X5Rwkc3OPvTqQmh2g=,R0dqkaBIE6wM9VGnPdjMAUcdTXQ=
4,3,IZntka1xW1X5Rwkc3OPvTqQmh2g=,sqAz7CunSqk5Kr2hI2cow7KA4Fg=
4,2,IZntka1xW1X5Rwkc3OPvTqQmh2g=,sqAz7CunSqk5Kr2hI2cow7KA4Fg=
3,2,IZntka1xW1X5Rwkc3OPvTqQmh2g=,R0dqkaBIE6wM9VGnPdjMAUcdTXQ=
4,1,IZntka1xW1X5Rwkc3OPvTqQmh2g=,FPQWEPe/OGWrqKwK4xT/rJqUT+o=
3,1,IZntka1xW1X5Rwkc3OPvTqQmh2g=,89P3RPI84ddwcBOTJSbVWlgb+rI=
6,3,IZntka1xW1X5Rwkc3OPvTqQmh2g=,mX/08c8SX8sDSgJRHh40ZqQdNEY=
5,4,IZntka1xW1X5Rwkc3OPvTqQmh2g=,Dizkb8PWdrQZO9c1cun9trYVQxM=
6,4,IZntka1xW1X5Rwkc3OPvTqQmh2g=,enOv9OnsmUSFybuBWrZWZ8HwyeQ=
5,3,IZntka1xW1X5Rwkc3OPvTqQmh2g=,sqAz7CunSqk5Kr2hI2cow7KA4Fg=
6,2,IZntka1xW1X5Rwkc3OPvTqQmh2g=,mX/08c8SX8sDSgJRHh40ZqQdNEY=
5,2,IZntka1xW1X5Rwkc3OPvTqQmh2g=,sqAz7CunSqk5Kr2hI2cow7KA4Fg=
5,1,IZntka1xW1X5Rwkc3OPvTqQmh2g=,FPQWEPe/OGWrqKwK4xT/rJqUT+o=
6,1,IZntka1xW1X5Rwkc3OPvTqQmh2g=,Dg4z+gl80YlwP0NSPGu1uObEgtg=
6,5,IZntka1xW1X5Rwkc3OPvTqQmh2g=,enOv9OnsmUSFybuBWrZWZ8HwyeQ=
5,5,IZntka1xW1X5Rwkc3OPvTqQmh2g=,Dizkb8PWdrQZO9c1cun9trYVQxM=
5,6,EgC2nHXe3ttNBrJ/N/q+oLjrijk=,IbR6xUuIQelapvSqfq+rtTDHEsU=
6,6,EgC2nHXe3ttNBrJ/N/q+oLjrijk=,nhgtKLajurMMItozY3HXnegwYMk=
6,8,EgC2nHXe3ttNBrJ/N/q+oLjrijk=,kZkccaNxCy0ps0bSNVwuVg0bvwc=
6,7,EgC2nHXe3ttNBrJ/N/q+oLjrijk=,nhgtKLajurMMItozY3HXnegwYMk=
5,8,EgC2nHXe3ttNBrJ/N/q+oLjrijk=,nailg3dYGv9vrxX5qJODSiERcPU=
6,9,EgC2nHXe3ttNBrJ/N/q+oLjrijk=,kZkccaNxCy0ps0bSNVwuVg0bvwc=
6,10,EgC2nHXe3ttNBrJ/N/q+oLjrijk=,NoOaoSk5r+ywRqbcEajgLaokKKI=
5,7,EgC2nHXe3ttNBrJ/N/q+oLjrijk=,IbR6xUuIQelapvSqfq+rtTDHEsU=
5,10,EgC2nHXe3ttNBrJ/N/q+oLjrijk=,Xlxk5S9cw6mJHsq5GeCqpePz3yU=
5,9,EgC2nHXe3ttNBrJ/N/q+oLjrijk=,nailg3dYGv9vrxX5qJODSiERcPU=
6,11,EgC2nHXe3ttNBrJ/N/q+oLjrijk=,NoOaoSk5r+ywRqbcEajgLaokKKI=
6,13,EgC2nHXe3ttNBrJ/N/q+oLjrijk=,2IA9qOcWmEja5tz+IRzppHElFcM=
6,12,JlWcVJEcFpQIQoG7bdUjXZyPFO0=,2IA9qOcWmEja5tz+IRzppHElFcM=
5,14,JlWcVJEcFpQIQoG7bdUjXZyPFO0=,DQykD0z5u7gUqLSsAc9Am7qtN6w=
5,11,JlWcVJEcFpQIQoG7bdUjXZyPFO0=,Xlxk5S9cw6mJHsq5GeCqpePz3yU=
5,12,JlWcVJEcFpQIQoG7bdUjXZyPFO0=,flkg2mZ9/7UEn4s3+yOHCg6ne6k=
5,13,JlWcVJEcFpQIQoG7bdUjXZyPFO0=,flkg2mZ9/7UEn4s3+yOHCg6ne6k=
6,14,JlWcVJEcFpQIQoG7bdUjXZyPFO0=,zbnfwp2gxLXYDwtdpHvui8hzCaU=
8,10,JlWcVJEcFpQIQoG7bdUjXZyPFO0=,GGM7PNTI8wiT78MgDnOcdL9TVYA=
7,9,JlWcVJEcFpQIQoG7bdUjXZyPFO0=,kZkccaNxCy0ps0bSNVwuVg0bvwc=
8,12,JlWcVJEcFpQIQoG7bdUjXZyPFO0=,Y7sOAdJLPvmlyqoCIhpnZgD4mFQ=
8,9,JlWcVJEcFpQIQoG7bdUjXZyPFO0=,Yl2MHj06cM0MDFGFzfUsrbKB5F4=
7,12,JlWcVJEcFpQIQoG7bdUjXZyPFO0=,2IA9qOcWmEja5tz+IRzppHElFcM=
7,10,JlWcVJEcFpQIQoG7bdUjXZyPFO0=,NoOaoSk5r+ywRqbcEajgLaokKKI=
8,8,JlWcVJEcFpQIQoG7bdUjXZyPFO0=,Yl2MHj06cM0MDFGFzfUsrbKB5F4=
7,8,JlWcVJEcFpQIQoG7bdUjXZyPFO0=,kZkccaNxCy0ps0bSNVwuVg0bvwc=
7,11,JlWcVJEcFpQIQoG7bdUjXZyPFO0=,NoOaoSk5r+ywRqbcEajgLaokKKI=
8,11,JlWcVJEcFpQIQoG7bdUjXZyPFO0=,GGM7PNTI8wiT78MgDnOcdL9TVYA=
7,7,JlWcVJEcFpQIQoG7bdUjXZyPFO0=,nhgtKLajurMMItozY3HXnegwYMk=
8,7,JlWcVJEcFpQIQoG7bdUjXZyPFO0=,WpLgMjZqYhwPYw/dQD98jwSExUY=
7,5,JlWcVJEcFpQIQoG7bdUjXZyPFO0=,enOv9OnsmUSFybuBWrZWZ8HwyeQ=
8,6,JlWcVJEcFpQIQoG7bdUjXZyPFO0=,WpLgMjZqYhwPYw/dQD98jwSExUY=
7,6,JlWcVJEcFpQIQoG7bdUjXZyPFO0=,nhgtKLajurMMItozY3HXnegwYMk=
7,4,JlWcVJEcFpQIQoG7bdUjXZyPFO0=,enOv9OnsmUSFybuBWrZWZ8HwyeQ=
7,3,JlWcVJEcFpQIQoG7bdUjXZyPFO0=,mX/08c8SX8sDSgJRHh40ZqQdNEY=
7,1,JlWcVJEcFpQIQoG7bdUjXZyPFO0=,Dg4z+gl80YlwP0NSPGu1uObEgtg=
7,2,JlWcVJEcFpQIQoG7bdUjXZyPFO0=,mX/08c8SX8sDSgJRHh40ZqQdNEY=
8,3,JlWcVJEcFpQIQoG7bdUjXZyPFO0=,WN8uzRt88QKjFzKGCjdSGB81a+I=
8,4,JlWcVJEcFpQIQoG7bdUjXZyPFO0=,0Ehn7/ul5Qbu2CXsU/NANcoytWw=
8,1,JlWcVJEcFpQIQoG7bdUjXZyPFO0=,CBp9xGhZzlsCM6y7hpmGpXL+s8k=
8,5,JlWcVJEcFpQIQoG7bdUjXZyPFO0=,0Ehn7/ul5Qbu2CXsU/NANcoytWw=
10,6,JlWcVJEcFpQIQoG7bdUjXZyPFO0=,9Mqq6vpctxZU8eHpdZMtXOhWBBk=
10,5,JlWcVJEcFpQIQoG7bdUjXZyPFO0=,Dd/O+IfOiZyeoPeQ9NEXD6WiRrk=
9,5,JlWcVJEcFpQIQoG7bdUjXZyPFO0=,0Ehn7/ul5Qbu2CXsU/NANcoytWw=
9,6,JlWcVJEcFpQIQoG7bdUjXZyPFO0=,WpLgMjZqYhwPYw/dQD98jwSExUY=
9,3,JlWcVJEcFpQIQoG7bdUjXZyPFO0=,WN8uzRt88QKjFzKGCjdSGB81a+I=
9,4,JlWcVJEcFpQIQoG7bdUjXZyPFO0=,0Ehn7/ul5Qbu2CXsU/NANcoytWw=
9,1,JlWcVJEcFpQIQoG7bdUjXZyPFO0=,CBp9xGhZzlsCM6y7hpmGpXL+s8k=
9,2,JlWcVJEcFpQIQoG7bdUjXZyPFO0=,WN8uzRt88QKjFzKGCjdSGB81a+I=
10,4,JlWcVJEcFpQIQoG7bdUjXZyPFO0=,Dd/O+IfOiZyeoPeQ9NEXD6WiRrk=
8,2,JlWcVJEcFpQIQoG7bdUjXZyPFO0=,WN8uzRt88QKjFzKGCjdSGB81a+I=
10,7,JlWcVJEcFpQIQoG7bdUjXZyPFO0=,9Mqq6vpctxZU8eHpdZMtXOhWBBk=
9,8,JlWcVJEcFpQIQoG7bdUjXZyPFO0=,Yl2MHj06cM0MDFGFzfUsrbKB5F4=
10,1,JlWcVJEcFpQIQoG7bdUjXZyPFO0=,4RmeZXTxHoac7ifsvyu4Uq2YJTc=
9,7,JlWcVJEcFpQIQoG7bdUjXZyPFO0=,WpLgMjZqYhwPYw/dQD98jwSExUY=
9,10,JlWcVJEcFpQIQoG7bdUjXZyPFO0=,GGM7PNTI8wiT78MgDnOcdL9TVYA=
9,9,JlWcVJEcFpQIQoG7bdUjXZyPFO0=,Yl2MHj06cM0MDFGFzfUsrbKB5F4=
10,8,JlWcVJEcFpQIQoG7bdUjXZyPFO0=,j84rQz9JdvRGQuZwh4NifUdODII=
10,3,JlWcVJEcFpQIQoG7bdUjXZyPFO0=,oUvTWqUn7pYMdlKpCOPO4/axh5g=
10,2,JlWcVJEcFpQIQoG7bdUjXZyPFO0=,oUvTWqUn7pYMdlKpCOPO4/axh5g=
9,12,JlWcVJEcFpQIQoG7bdUjXZyPFO0=,Y7sOAdJLPvmlyqoCIhpnZgD4mFQ=
10,9,JlWcVJEcFpQIQoG7bdUjXZyPFO0=,j84rQz9JdvRGQuZwh4NifUdODII=
9,11,JlWcVJEcFpQIQoG7bdUjXZyPFO0=,GGM7PNTI8wiT78MgDnOcdL9TVYA=
10,12,JlWcVJEcFpQIQoG7bdUjXZyPFO0=,EzDCyJG+89uK1kqd4A5+W00c0po=
10,11,JlWcVJEcFpQIQoG7bdUjXZyPFO0=,vqEbkp5W4Y+F0VRwNZoRJbF/bb0=
11,10,JlWcVJEcFpQIQoG7bdUjXZyPFO0=,vqEbkp5W4Y+F0VRwNZoRJbF/bb0=
12,10,JlWcVJEcFpQIQoG7bdUjXZyPFO0=,DVRaJ9KWhwJlYRAeIGrcIaugS9Q=
11,9,JlWcVJEcFpQIQoG7bdUjXZyPFO0=,j84rQz9JdvRGQuZwh4NifUdODII=
10,10,JlWcVJEcFpQIQoG7bdUjXZyPFO0=,vqEbkp5W4Y+F0VRwNZoRJbF/bb0=
11,11,JlWcVJEcFpQIQoG7bdUjXZyPFO0=,vqEbkp5W4Y+F0VRwNZoRJbF/bb0=
11,12,JlWcVJEcFpQIQoG7bdUjXZyPFO0=,EzDCyJG+89uK1kqd4A5+W00c0po=
12,11,JlWcVJEcFpQIQoG7bdUjXZyPFO0=,DVRaJ9KWhwJlYRAeIGrcIaugS9Q=
12,9,JlWcVJEcFpQIQoG7bdUjXZyPFO0=,UQt8bfVGfTRBu6WQbK3YEQJV7Cc=
11,7,JlWcVJEcFpQIQoG7bdUjXZyPFO0=,9Mqq6vpctxZU8eHpdZMtXOhWBBk=
11,8,JlWcVJEcFpQIQoG7bdUjXZyPFO0=,j84rQz9JdvRGQuZwh4NifUdODII=
11,13,JlWcVJEcFpQIQoG7bdUjXZyPFO0=,EzDCyJG+89uK1kqd4A5+W00c0po=
12,12,JlWcVJEcFpQIQoG7bdUjXZyPFO0=,WLc01mKhDlxQjuI/i5X3LU5tHC0=
12,13,JlWcVJEcFpQIQoG7bdUjXZyPFO0=,WLc01mKhDlxQjuI/i5X3LU5tHC0=
12,8,JlWcVJEcFpQIQoG7bdUjXZyPFO0=,UQt8bfVGfTRBu6WQbK3YEQJV7Cc=
11,5,JlWcVJEcFpQIQoG7bdUjXZyPFO0=,Dd/O+IfOiZyeoPeQ9NEXD6WiRrk=
11,4,JlWcVJEcFpQIQoG7bdUjXZyPFO0=,Dd/O+IfOiZyeoPeQ9NEXD6WiRrk=
11,6,JlWcVJEcFpQIQoG7bdUjXZyPFO0=,9Mqq6vpctxZU8eHpdZMtXOhWBBk=
11,2,JlWcVJEcFpQIQoG7bdUjXZyPFO0=,oUvTWqUn7pYMdlKpCOPO4/axh5g=
12,3,JlWcVJEcFpQIQoG7bdUjXZyPFO0=,Xgzx54nkHGuhcyd0uZuvaePqkeU=
11,1,JlWcVJEcFpQIQoG7bdUjXZyPFO0=,4RmeZXTxHoac7ifsvyu4Uq2YJTc=
11,3,JlWcVJEcFpQIQoG7bdUjXZyPFO0=,oUvTWqUn7pYMdlKpCOPO4/axh5g=
11,14,JlWcVJEcFpQIQoG7bdUjXZyPFO0=,wLgF3UzMCR1BpJSOpp6E/OstyaM=
12,4,JlWcVJEcFpQIQoG7bdUjXZyPFO0=,o7suNPAKqkdBCDq0a2P2x2Ju6l8=
12,14,JlWcVJEcFpQIQoG7bdUjXZyPFO0=,uxBJMO1HPkksuti0eQR0kZ+mmpI=
12,2,JlWcVJEcFpQIQoG7bdUjXZyPFO0=,Xgzx54nkHGuhcyd0uZuvaePqkeU=
13,3,JlWcVJEcFpQIQoG7bdUjXZyPFO0=,Xgzx54nkHGuhcyd0uZuvaePqkeU=
13,4,JlWcVJEcFpQIQoG7bdUjXZyPFO0=,o7suNPAKqkdBCDq0a2P2x2Ju6l8=
13,2,JlWcVJEcFpQIQoG7bdUjXZyPFO0=,Xgzx54nkHGuhcyd0uZuvaePqkeU=
12,1,JlWcVJEcFpQIQoG7bdUjXZyPFO0=,3XoEyK9gRQuUCLQY9nnHKJdEeTY=
14,3,JlWcVJEcFpQIQoG7bdUjXZyPFO0=,zNHRdZHISAK8vghhZJ9stOLb/N4=
14,1,JlWcVJEcFpQIQoG7bdUjXZyPFO0=,354nUhQJzCUiRqOmy0l74P8BRVY=
13,5,JlWcVJEcFpQIQoG7bdUjXZyPFO0=,o7suNPAKqkdBCDq0a2P2x2Ju6l8=
14,4,JlWcVJEcFpQIQoG7bdUjXZyPFO0=,hZZnkKNHKYdEvZBDzoRAPOxkNKg=
13,8,JlWcVJEcFpQIQoG7bdUjXZyPFO0=,UQt8bfVGfTRBu6WQbK3YEQJV7Cc=
12,7,JlWcVJEcFpQIQoG7bdUjXZyPFO0=,fKWTn33xjYidvnvGE97AXLkdHZ4=
12,5,JlWcVJEcFpQIQoG7bdUjXZyPFO0=,o7suNPAKqkdBCDq0a2P2x2Ju6l8=
14,2,JlWcVJEcFpQIQoG7bdUjXZyPFO0=,zNHRdZHISAK8vghhZJ9stOLb/N4=
13,1,JlWcVJEcFpQIQoG7bdUjXZyPFO0=,3XoEyK9gRQuUCLQY9nnHKJdEeTY=
13,9,JlWcVJEcFpQIQoG7bdUjXZyPFO0=,UQt8bfVGfTRBu6WQbK3YEQJV7Cc=
13,7,JlWcVJEcFpQIQoG7bdUjXZyPFO0=,fKWTn33xjYidvnvGE97AXLkdHZ4=
12,15,JlWcVJEcFpQIQoG7bdUjXZyPFO0=,uxBJMO1HPkksuti0eQR0kZ+mmpI=
11,15,JlWcVJEcFpQIQoG7bdUjXZyPFO0=,wLgF3UzMCR1BpJSOpp6E/OstyaM=
13,10,JlWcVJEcFpQIQoG7bdUjXZyPFO0=,DVRaJ9KWhwJlYRAeIGrcIaugS9Q=
14,5,JlWcVJEcFpQIQoG7bdUjXZyPFO0=,hZZnkKNHKYdEvZBDzoRAPOxkNKg=
4,15,JlWcVJEcFpQIQoG7bdUjXZyPFO0=,DQykD0z5u7gUqLSsAc9Am7qtN6w=
5,15,JlWcVJEcFpQIQoG7bdUjXZyPFO0=,DQykD0z5u7gUqLSsAc9Am7qtN6w=
6,15,JlWcVJEcFpQIQoG7bdUjXZyPFO0=,zbnfwp2gxLXYDwtdpHvui8hzCaU=
14,7,JlWcVJEcFpQIQoG7bdUjXZyPFO0=,AM2ls2IsCUf+XAbsWtanBSLgxco=
12,6,JlWcVJEcFpQIQoG7bdUjXZyPFO0=,fKWTn33xjYidvnvGE97AXLkdHZ4=
13,12,JlWcVJEcFpQIQoG7bdUjXZyPFO0=,WLc01mKhDlxQjuI/i5X3LU5tHC0=
3,15,JlWcVJEcFpQIQoG7bdUjXZyPFO0=,8vPHT2V7P6lEtVREktWaIvnxiFY=
14,10,JlWcVJEcFpQIQoG7bdUjXZyPFO0=,cimmfxi74s8hDlCJGK9faDbyRqc=
14,6,JlWcVJEcFpQIQoG7bdUjXZyPFO0=,AM2ls2IsCUf+XAbsWtanBSLgxco=
14,11,JlWcVJEcFpQIQoG7bdUjXZyPFO0=,cimmfxi74s8hDlCJGK9faDbyRqc=
13,6,JlWcVJEcFpQIQoG7bdUjXZyPFO0=,fKWTn33xjYidvnvGE97AXLkdHZ4=
0,14,JlWcVJEcFpQIQoG7bdUjXZyPFO0=,fyi4UExjwC3wHu+djxuD/GpnmFQ=
13,11,JlWcVJEcFpQIQoG7bdUjXZyPFO0=,DVRaJ9KWhwJlYRAeIGrcIaugS9Q=
1,15,JlWcVJEcFpQIQoG7bdUjXZyPFO0=,fyi4UExjwC3wHu+djxuD/GpnmFQ=
2,15,JlWcVJEcFpQIQoG7bdUjXZyPFO0=,8vPHT2V7P6lEtVREktWaIvnxiFY=
0,13,JlWcVJEcFpQIQoG7bdUjXZyPFO0=,7ZzMKfGNWozWaPaoKa4lAJf756w=
0,11,JlWcVJEcFpQIQoG7bdUjXZyPFO0=,rEjlTAKnXbG8vOa1MUhEucGM1sA=
0,10,JlWcVJEcFpQIQoG7bdUjXZyPFO0=,rEjlTAKnXbG8vOa1MUhEucGM1sA=
14,9,JlWcVJEcFpQIQoG7bdUjXZyPFO0=,wTvb7m3oT1L1PFj7b/yTl+222NE=
14,8,JlWcVJEcFpQIQoG7bdUjXZyPFO0=,wTvb7m3oT1L1PFj7b/yTl+222NE=
0,8,JlWcVJEcFpQIQoG7bdUjXZyPFO0=,PdsEhxrb4WPg0HtplvcbG10CpuQ=
15,11,JlWcVJEcFpQIQoG7bdUjXZyPFO0=,cimmfxi74s8hDlCJGK9faDbyRqc=
0,9,JlWcVJEcFpQIQoG7bdUjXZyPFO0=,PdsEhxrb4WPg0HtplvcbG10CpuQ=
15,12,JlWcVJEcFpQIQoG7bdUjXZyPFO0=,FWqJKhFwb5orNQ0A4Bzpj999kJk=
14,12,JlWcVJEcFpQIQoG7bdUjXZyPFO0=,FWqJKhFwb5orNQ0A4Bzpj999kJk=
0,6,JlWcVJEcFpQIQoG7bdUjXZyPFO0=,mQAwGcYIhMR29ypd0H6jgtsC4Co=
0,7,JlWcVJEcFpQIQoG7bdUjXZyPFO0=,mQAwGcYIhMR29ypd0H6jgtsC4Co=
0,5,JlWcVJEcFpQIQoG7bdUjXZyPFO0=,xnk1ZA5b31If1Kerrqo123cE91Q=
0,3,JlWcVJEcFpQIQoG7bdUjXZyPFO0=,0EvXFDvyYJR5Ng+sxSLHSzCnBSQ=
0,0,JlWcVJEcFpQIQoG7bdUjXZyPFO0=,/GULiBaCl4N0cb4QF0qOSQi9NOE=
0,2,JlWcVJEcFpQIQoG7bdUjXZyPFO0=,0EvXFDvyYJR5Ng+sxSLHSzCnBSQ=
0,4,JlWcVJEcFpQIQoG7bdUjXZyPFO0=,xnk1ZA5b31If1Kerrqo123cE91Q=
0,1,JlWcVJEcFpQIQoG7bdUjXZyPFO0=,/GULiBaCl4N0cb4QF0qOSQi9NOE=
1,0,JlWcVJEcFpQIQoG7bdUjXZyPFO0=,/GULiBaCl4N0cb4QF0qOSQi9NOE=
2,0,JlWcVJEcFpQIQoG7bdUjXZyPFO0=,89P3RPI84ddwcBOTJSbVWlgb+rI=
9,13,JlWcVJEcFpQIQoG7bdUjXZyPFO0=,Y7sOAdJLPvmlyqoCIhpnZgD4mFQ=
10,13,JlWcVJEcFpQIQoG7bdUjXZyPFO0=,EzDCyJG+89uK1kqd4A5+W00c0po=
7,14,JlWcVJEcFpQIQoG7bdUjXZyPFO0=,zbnfwp2gxLXYDwtdpHvui8hzCaU=
7,13,JlWcVJEcFpQIQoG7bdUjXZyPFO0=,2IA9qOcWmEja5tz+IRzppHElFcM=
13,15,JlWcVJEcFpQIQoG7bdUjXZyPFO0=,uxBJMO1HPkksuti0eQR0kZ+mmpI=
8,13,JlWcVJEcFpQIQoG7bdUjXZyPFO0=,Y7sOAdJLPvmlyqoCIhpnZgD4mFQ=
3,0,JlWcVJEcFpQIQoG7bdUjXZyPFO0=,89P3RPI84ddwcBOTJSbVWlgb+rI=
6,0,JlWcVJEcFpQIQoG7bdUjXZyPFO0=,Dg4z+gl80YlwP0NSPGu1uObEgtg=
7,15,JlWcVJEcFpQIQoG7bdUjXZyPFO0=,zbnfwp2gxLXYDwtdpHvui8hzCaU=
5,0,JlWcVJEcFpQIQoG7bdUjXZyPFO0=,FPQWEPe/OGWrqKwK4xT/rJqUT+o=
15,13,JlWcVJEcFpQIQoG7bdUjXZyPFO0=,FWqJKhFwb5orNQ0A4Bzpj999kJk=
0,12,JlWcVJEcFpQIQoG7bdUjXZyPFO0=,7ZzMKfGNWozWaPaoKa4lAJf756w=
4,0,JlWcVJEcFpQIQoG7bdUjXZyPFO0=,FPQWEPe/OGWrqKwK4xT/rJqUT+o=
10,15,JlWcVJEcFpQIQoG7bdUjXZyPFO0=,wLgF3UzMCR1BpJSOpp6E/OstyaM=
10,14,JlWcVJEcFpQIQoG7bdUjXZyPFO0=,wLgF3UzMCR1BpJSOpp6E/OstyaM=
13,14,JlWcVJEcFpQIQoG7bdUjXZyPFO0=,uxBJMO1HPkksuti0eQR0kZ+mmpI=
13,13,JlWcVJEcFpQIQoG7bdUjXZyPFO0=,WLc01mKhDlxQjuI/i5X3LU5tHC0=
14,13,JlWcVJEcFpQIQoG7bdUjXZyPFO0=,FWqJKhFwb5orNQ0A4Bzpj999kJk=
13,0,JlWcVJEcFpQIQoG7bdUjXZyPFO0=,3XoEyK9gRQuUCLQY9nnHKJdEeTY=
12,0,JlWcVJEcFpQIQoG7bdUjXZyPFO0=,3XoEyK9gRQuUCLQY9nnHKJdEeTY=
14,15,JlWcVJEcFpQIQoG7bdUjXZyPFO0=,2xkfEv7MkWijXdeg65Ac87vE4EA=
7,0,JlWcVJEcFpQIQoG7bdUjXZyPFO0=,Dg4z+gl80YlwP0NSPGu1uObEgtg=
14,0,JlWcVJEcFpQIQoG7bdUjXZyPFO0=,354nUhQJzCUiRqOmy0l74P8BRVY=
10,0,JlWcVJEcFpQIQoG7bdUjXZyPFO0=,4RmeZXTxHoac7ifsvyu4Uq2YJTc=
9,0,JlWcVJEcFpQIQoG7bdUjXZyPFO0=,CBp9xGhZzlsCM6y7hpmGpXL+s8k=
11,0,JlWcVJEcFpQIQoG7bdUjXZyPFO0=,4RmeZXTxHoac7ifsvyu4Uq2YJTc=
0,15,JlWcVJEcFpQIQoG7bdUjXZyPFO0=,fyi4UExjwC3wHu+djxuD/GpnmFQ=
8,0,JlWcVJEcFpQIQoG7bdUjXZyPFO0=,CBp9xGhZzlsCM6y7hpmGpXL+s8k=
15,0,JlWcVJEcFpQIQoG7bdUjXZyPFO0=,354nUhQJzCUiRqOmy0l74P8BRVY=
15,6,JlWcVJEcFpQIQoG7bdUjXZyPFO0=,AM2ls2IsCUf+XAbsWtanBSLgxco=
15,8,JlWcVJEcFpQIQoG7bdUjXZyPFO0=,wTvb7m3oT1L1PFj7b/yTl+222NE=
15,9,JlWcVJEcFpQIQoG7bdUjXZyPFO0=,wTvb7m3oT1L1PFj7b/yTl+222NE=
15,1,JlWcVJEcFpQIQoG7bdUjXZyPFO0=,354nUhQJzCUiRqOmy0l74P8BRVY=
15,2,JlWcVJEcFpQIQoG7bdUjXZyPFO0=,zNHRdZHISAK8vghhZJ9stOLb/N4=
15,5,JlWcVJEcFpQIQoG7bdUjXZyPFO0=,hZZnkKNHKYdEvZBDzoRAPOxkNKg=
15,4,JlWcVJEcFpQIQoG7bdUjXZyPFO0=,hZZnkKNHKYdEvZBDzoRAPOxkNKg=
15,3,JlWcVJEcFpQIQoG7bdUjXZyPFO0=,zNHRdZHISAK8vghhZJ9stOLb/N4=
15,14,JlWcVJEcFpQIQoG7bdUjXZyPFO0=,2xkfEv7MkWijXdeg65Ac87vE4EA=
15,7,JlWcVJEcFpQIQoG7bdUjXZyPFO0=,AM2ls2IsCUf+XAbsWtanBSLgxco=
8,14,JlWcVJEcFpQIQoG7bdUjXZyPFO0=,rOhM9ZJ8TVADjLELdeFBZ0YNP3E=
15,10,JlWcVJEcFpQIQoG7bdUjXZyPFO0=,cimmfxi74s8hDlCJGK9faDbyRqc=
14,14,JlWcVJEcFpQIQoG7bdUjXZyPFO0=,2xkfEv7MkWijXdeg65Ac87vE4EA=
15,15,JlWcVJEcFpQIQoG7bdUjXZyPFO0=,2xkfEv7MkWijXdeg65Ac87vE4EA=
8,15,JlWcVJEcFpQIQoG7bdUjXZyPFO0=,rOhM9ZJ8TVADjLELdeFBZ0YNP3E=
9,15,JlWcVJEcFpQIQoG7bdUjXZyPFO0=,rOhM9ZJ8TVADjLELdeFBZ0YNP3E=
9,14,JlWcVJEcFpQIQoG7bdUjXZyPFO0=,rOhM9ZJ8TVADjLELdeFBZ0YNP3E=
4,17,WqAmCXhQWXB4AVtM4SDijHzJ1Uc=,Mbpst0Qx210KCPxVEwe+bkB0LFw=
4,18,WqAmCXhQWXB4AVtM4SDijHzJ1Uc=,w1mssp/slndZV0HfRq5T3968PFI=
3,18,WqAmCXhQWXB4AVtM4SDijHzJ1Uc=,IAFq0mbMZtEEwDvWE2z9eedNz5k=
3,17,WqAmCXhQWXB4AVtM4SDijHzJ1Uc=,rZiO4JKBskXP8plHq8E8RmQ3aRM=
4,19,WqAmCXhQWXB4AVtM4SDijHzJ1Uc=,w1mssp/slndZV0HfRq5T3968PFI=
3,20,WqAmCXhQWXB4AVtM4SDijHzJ1Uc=,DnFzurK+e0FFsyRnma8VIjSqJU0=
3,19,WqAmCXhQWXB4AVtM4SDijHzJ1Uc=,IAFq0mbMZtEEwDvWE2z9eedNz5k=
4,20,WqAmCXhQWXB4AVtM4SDijHzJ1Uc=,npdIjlNWZZf3wlc99VcOHEyVJQg=
1,20,WqAmCXhQWXB4AVtM4SDijHzJ1Uc=,uTN0YyNP3Nm9oQ6hrIRhyRarvjw=
2,19,WqAmCXhQWXB4AVtM4SDijHzJ1Uc=,IAFq0mbMZtEEwDvWE2z9eedNz5k=
2,20,WqAmCXhQWXB4AVtM4SDijHzJ1Uc=,DnFzurK+e0FFsyRnma8VIjSqJU0=
1,19,WqAmCXhQWXB4AVtM4SDijHzJ1Uc=,Q7L546Hz3lKz2UOyXO5ljhJL0MU=
4,22,WqAmCXhQWXB4AVtM4SDijHzJ1Uc=,mYXaAdNfE06LRewGTyg+bRydHNE=
3,22,WqAmCXhQWXB4AVtM4SDijHzJ1Uc=,9HniV/jwDYUqtX8CVdztSQcueU4=
3,21,WqAmCXhQWXB4AVtM4SDijHzJ1Uc=,DnFzurK+e0FFsyRnma8VIjSqJU0=
4,21,WqAmCXhQWXB4AVtM4SDijHzJ1Uc=,npdIjlNWZZf3wlc99VcOHEyVJQg=
1,21,pyH0nCl1ANJS4VDg77IHMqgMBtQ=,uTN0YyNP3Nm9oQ6hrIRhyRarvjw=
1,22,pyH0nCl1ANJS4VDg77IHMqgMBtQ=,WBnwVy9iU62nqCyoR7ZCAIMh8IU=
2,22,pyH0nCl1ANJS4VDg77IHMqgMBtQ=,9HniV/jwDYUqtX8CVdztSQcueU4=
2,21,pyH0nCl1ANJS4VDg77IHMqgMBtQ=,DnFzurK+e0FFsyRnma8VIjSqJU0=
4,24,pyH0nCl1ANJS4VDg77IHMqgMBtQ=,cajgUr/N6Iqr3LZoOVyBE3k1ltY=
3,23,pyH0nCl1ANJS4VDg77IHMqgMBtQ=,9HniV/jwDYUqtX8CVdztSQcueU4=
3,24,pyH0nCl1ANJS4VDg77IHMqgMBtQ=,QitmV6Uy74b511XKDB2JERhdrK8=
4,23,pyH0nCl1ANJS4VDg77IHMqgMBtQ=,mYXaAdNfE06LRewGTyg+bRydHNE=
1,23,pyH0nCl1ANJS4VDg77IHMqgMBtQ=,WBnwVy9iU62nqCyoR7ZCAIMh8IU=
2,23,pyH0nCl1ANJS4VDg77IHMqgMBtQ=,9HniV/jwDYUqtX8CVdztSQcueU4=
1,24,pyH0nCl1ANJS4VDg77IHMqgMBtQ=,e1r/10h2YAInETZ/Z5TwpXf0sEw=
2,24,pyH0nCl1ANJS4VDg77IHMqgMBtQ=,QitmV6Uy74b511XKDB2JERhdrK8=
4,26,pyH0nCl1ANJS4VDg77IHMqgMBtQ=,xrMKdZ+3PhUZrrV7z8UWnlfDF00=
3,25,pyH0nCl1ANJS4VDg77IHMqgMBtQ=,QitmV6Uy74b511XKDB2JERhdrK8=
4,25,pyH0nCl1ANJS4VDg77IHMqgMBtQ=,cajgUr/N6Iqr3LZoOVyBE3k1ltY=
3,26,pyH0nCl1ANJS4VDg77IHMqgMBtQ=,fcRhRGeRwuiTgM1FRL8mOG9AwN0=
2,25,pyH0nCl1ANJS4VDg77IHMqgMBtQ=,QitmV6Uy74b511XKDB2JERhdrK8=
1,25,pyH0nCl1ANJS4VDg77IHMqgMBtQ=,e1r/10h2YAInETZ/Z5TwpXf0sEw=
1,26,pyH0nCl1ANJS4VDg77IHMqgMBtQ=,/3NSK9pDSdFrcpPFUsbfC2ew90o=
2,26,pyH0nCl1ANJS4VDg77IHMqgMBtQ=,fcRhRGeRwuiTgM1FRL8mOG9AwN0=
4,28,pyH0nCl1ANJS4VDg77IHMqgMBtQ=,plu0IQvXwA5vwBrcJ9c1yRGiBqA=
4,27,pyH0nCl1ANJS4VDg77IHMqgMBtQ=,xrMKdZ+3PhUZrrV7z8UWnlfDF00=
3,27,pyH0nCl1ANJS4VDg77IHMqgMBtQ=,fcRhRGeRwuiTgM1FRL8mOG9AwN0=
3,29,pyH0nCl1ANJS4VDg77IHMqgMBtQ=,dRJRvtEaRZnDobtJFSkeg1WyomQ=
3,28,pyH0nCl1ANJS4VDg77IHMqgMBtQ=,dRJRvtEaRZnDobtJFSkeg1WyomQ=
4,29,pyH0nCl1ANJS4VDg77IHMqgMBtQ=,plu0IQvXwA5vwBrcJ9c1yRGiBqA=
1,27,pyH0nCl1ANJS4VDg77IHMqgMBtQ=,/3NSK9pDSdFrcpPFUsbfC2ew90o=
1,29,pyH0nCl1ANJS4VDg77IHMqgMBtQ=,xn8a/f7x6TQy69zlFA5pOdA/CjY=
1,28,pyH0nCl1ANJS4VDg77IHMqgMBtQ=,xn8a/f7x6TQy69zlFA5pOdA/CjY=
2,29,pyH0nCl1ANJS4VDg77IHMqgMBtQ=,dRJRvtEaRZnDobtJFSkeg1WyomQ=
2,28,pyH0nCl1ANJS4VDg77IHMqgMBtQ=,dRJRvtEaRZnDobtJFSkeg1WyomQ=
2,27,pyH0nCl1ANJS4VDg77IHMqgMBtQ=,fcRhRGeRwuiTgM1FRL8mOG9AwN0=
5,29,pyH0nCl1ANJS4VDg77IHMqgMBtQ=,plu0IQvXwA5vwBrcJ9c1yRGiBqA=
5,28,pyH0nCl1ANJS4VDg77IHMqgMBtQ=,plu0IQvXwA5vwBrcJ9c1yRGiBqA=
6,27,pyH0nCl1ANJS4VDg77IHMqgMBtQ=,v0biXEpjnF05wPq6K8gT2/q7zA4=
6,29,pyH0nCl1ANJS4VDg77IHMqgMBtQ=,/darIQyBlPwVgo8NWz9NVLffVQU=
6,28,pyH0nCl1ANJS4VDg77IHMqgMBtQ=,/darIQyBlPwVgo8NWz9NVLffVQU=
5,27,pyH0nCl1ANJS4VDg77IHMqgMBtQ=,xrMKdZ+3PhUZrrV7z8UWnlfDF00=
7,28,pyH0nCl1ANJS4VDg77IHMqgMBtQ=,/darIQyBlPwVgo8NWz9NVLffVQU=
8,29,0nWtC9+hJoAquc1+XVmkBa1l4Ds=,PiN3JInrXtC7aS+iPAr/tLmtxcc=
8,27,0nWtC9+hJoAquc1+XVmkBa1l4Ds=,le1uCfbi2/yW/Pkp91ESG/ogg50=
8,28,0nWtC9+hJoAquc1+XVmkBa1l4Ds=,PiN3JInrXtC7aS+iPAr/tLmtxcc=
7,27,0nWtC9+hJoAquc1+XVmkBa1l4Ds=,v0biXEpjnF05wPq6K8gT2/q7zA4=
7,29,0nWtC9+hJoAquc1+XVmkBa1l4Ds=,/darIQyBlPwVgo8NWz9NVLffVQU=
9,29,0nWtC9+hJoAquc1+XVmkBa1l4Ds=,PiN3JInrXtC7aS+iPAr/tLmtxcc=
10,29,0nWtC9+hJoAquc1+XVmkBa1l4Ds=,YPjmf9UtxDMwWmXkXze2VKXwtLc=
9,28,0nWtC9+hJoAquc1+XVmkBa1l4Ds=,PiN3JInrXtC7aS+iPAr/tLmtxcc=
10,28,0nWtC9+hJoAquc1+XVmkBa1l4Ds=,YPjmf9UtxDMwWmXkXze2VKXwtLc=
9,27,0nWtC9+hJoAquc1+XVmkBa1l4Ds=,le1uCfbi2/yW/Pkp91ESG/ogg50=
10,27,0nWtC9+hJoAquc1+XVmkBa1l4Ds=,CmUf6XkLjE2wRV5nC01PsHJGpJg=
11,29,0nWtC9+hJoAquc1+XVmkBa1l4Ds=,YPjmf9UtxDMwWmXkXze2VKXwtLc=
11,28,0nWtC9+hJoAquc1+XVmkBa1l4Ds=,YPjmf9UtxDMwWmXkXze2VKXwtLc=
12,27,0nWtC9+hJoAquc1+XVmkBa1l4Ds=,nCsbokFUTiR+GwhM8Eyi/xPa/2g=
12,29,0nWtC9+hJoAquc1+XVmkBa1l4Ds=,TTaUKDIPAqOEItiAUe85mqKSXQw=
11,27,0nWtC9+hJoAquc1+XVmkBa1l4Ds=,CmUf6XkLjE2wRV5nC01PsHJGpJg=
12,28,0nWtC9+hJoAquc1+XVmkBa1l4Ds=,TTaUKDIPAqOEItiAUe85mqKSXQw=
13,28,0nWtC9+hJoAquc1+XVmkBa1l4Ds=,TTaUKDIPAqOEItiAUe85mqKSXQw=
14,27,0nWtC9+hJoAquc1+XVmkBa1l4Ds=,ZxO8+n7zZz9o8lXRruqD6xnMR+s=
14,29,0nWtC9+hJoAquc1+XVmkBa1l4Ds=,7yA8/FpWCsCNlbiSCiFvxztSnPk=
13,29,0nWtC9+hJoAquc1+XVmkBa1l4Ds=,TTaUKDIPAqOEItiAUe85mqKSXQw=
14,28,0nWtC9+hJoAquc1+XVmkBa1l4Ds=,7yA8/FpWCsCNlbiSCiFvxztSnPk=
13,27,0nWtC9+hJoAquc1+XVmkBa1l4Ds=,nCsbokFUTiR+GwhM8Eyi/xPa/2g=
14,26,0nWtC9+hJoAquc1+XVmkBa1l4Ds=,ZxO8+n7zZz9o8lXRruqD6xnMR+s=
14,25,0nWtC9+hJoAquc1+XVmkBa1l4Ds=,ZIqhYJ9wQH5vpVMk9hZihI2X1wE=
13,25,0nWtC9+hJoAquc1+XVmkBa1l4Ds=,2MSo1rGTQm4R2jflBxS0S2fRU9M=
13,26,0nWtC9+hJoAquc1+XVmkBa1l4Ds=,nCsbokFUTiR+GwhM8Eyi/xPa/2g=
14,24,0nWtC9+hJoAquc1+XVmkBa1l4Ds=,ZIqhYJ9wQH5vpVMk9hZihI2X1wE=
13,24,0nWtC9+hJoAquc1+XVmkBa1l4Ds=,2MSo1rGTQm4R2jflBxS0S2fRU9M=
13,23,0nWtC9+hJoAquc1+XVmkBa1l4Ds=,arwkwe1varGiq4ylhWhhnQpBXuU=
14,23,0nWtC9+hJoAquc1+XVmkBa1l4Ds=,bHcKCDEbY26An5DKzeLo7SUMIzo=
13,22,0nWtC9+hJoAquc1+XVmkBa1l4Ds=,arwkwe1varGiq4ylhWhhnQpBXuU=
14,22,u5MOQnejsekSPdfs7msvaN0ZG+8=,bHcKCDEbY26An5DKzeLo7SUMIzo=
13,21,u5MOQnejsekSPdfs7msvaN0ZG+8=,q1cNszMbxtPvqBD06Crbw8OAbXE=
14,21,u5MOQnejsekSPdfs7msvaN0ZG+8=,8+4uq3DydHOboXOyvelptQmyeU4=
13,20,u5MOQnejsekSPdfs7msvaN0ZG+8=,q1cNszMbxtPvqBD06Crbw8OAbXE=
14,20,u5MOQnejsekSPdfs7msvaN0ZG+8=,8+4uq3DydHOboXOyvelptQmyeU4=
13,19,u5MOQnejsekSPdfs7msvaN0ZG+8=,9PjRqsIwNY9Is5DK6WEuMdYU1BE=
13,18,u5MOQnejsekSPdfs7msvaN0ZG+8=,9PjRqsIwNY9Is5DK6WEuMdYU1BE=
14,19,u5MOQnejsekSPdfs7msvaN0ZG+8=,YQpzlzmKQ7FmCNQ1cC3S8M92lag=
14,17,u5MOQnejsekSPdfs7msvaN0ZG+8=,JgO1UT31KNQPym/49BYyuJwypc0=
14,18,u5MOQnejsekSPdfs7msvaN0ZG+8=,YQpzlzmKQ7FmCNQ1cC3S8M92lag=
13,17,8m8GcTJ9C+CgSA8wedzjtK0lZYc=,ZsieRNUWzIgHjsIx8GwXEasqjX8=
12,17,8m8GcTJ9C+CgSA8wedzjtK0lZYc=,ZsieRNUWzIgHjsIx8GwXEasqjX8=
12,18,8m8GcTJ9C+CgSA8wedzjtK0lZYc=,9PjRqsIwNY9Is5DK6WEuMdYU1BE=
12,20,8m8GcTJ9C+CgSA8wedzjtK0lZYc=,q1cNszMbxtPvqBD06Crbw8OAbXE=
12,19,8m8GcTJ9C+CgSA8wedzjtK0lZYc=,9PjRqsIwNY9Is5DK6WEuMdYU1BE=
11,17,8m8GcTJ9C+CgSA8wedzjtK0lZYc=,A3osC3zNJnVi2UW2YdJ6tNXoOgM=
11,18,8m8GcTJ9C+CgSA8wedzjtK0lZYc=,9KxZjf+igZhvZ5z5lf5OBqIwxWo=
11,19,8m8GcTJ9C+CgSA8wedzjtK0lZYc=,9KxZjf+igZhvZ5z5lf5OBqIwxWo=
12,22,8m8GcTJ9C+CgSA8wedzjtK0lZYc=,arwkwe1varGiq4ylhWhhnQpBXuU=
11,22,8m8GcTJ9C+CgSA8wedzjtK0lZYc=,U7u3jY910l7jREwtkTvx5FJecNE=
11,20,8m8GcTJ9C+CgSA8wedzjtK0lZYc=,r4KE0W+2eaAWMIR4rSVfdEDn88E=
11,21,8m8GcTJ9C+CgSA8wedzjtK0lZYc=,r4KE0W+2eaAWMIR4rSVfdEDn88E=
11,26,8m8GcTJ9C+CgSA8wedzjtK0lZYc=,CmUf6XkLjE2wRV5nC01PsHJGpJg=
12,21,8m8GcTJ9C+CgSA8wedzjtK0lZYc=,q1cNszMbxtPvqBD06Crbw8OAbXE=
12,26,8m8GcTJ9C+CgSA8wedzjtK0lZYc=,nCsbokFUTiR+GwhM8Eyi/xPa/2g=
12,24,8m8GcTJ9C+CgSA8wedzjtK0lZYc=,2MSo1rGTQm4R2jflBxS0S2fRU9M=
11,24,8m8GcTJ9C+CgSA8wedzjtK0lZYc=,sngCAI6X7Z9MsYmdzjM4pioobuI=
11,23,8m8GcTJ9C+CgSA8wedzjtK0lZYc=,U7u3jY910l7jREwtkTvx5FJecNE=
12,23,8m8GcTJ9C+CgSA8wedzjtK0lZYc=,arwkwe1varGiq4ylhWhhnQpBXuU=
12,25,8m8GcTJ9C+CgSA8wedzjtK0lZYc=,2MSo1rGTQm4R2jflBxS0S2fRU9M=
10,20,8m8GcTJ9C+CgSA8wedzjtK0lZYc=,r4KE0W+2eaAWMIR4rSVfdEDn88E=
11,25,8m8GcTJ9C+CgSA8wedzjtK0lZYc=,sngCAI6X7Z9MsYmdzjM4pioobuI=
9,20,8m8GcTJ9C+CgSA8wedzjtK0lZYc=,z83zyaUvTTtpUgKRV3GAZGw+V0M=
10,19,8m8GcTJ9C+CgSA8wedzjtK0lZYc=,9KxZjf+igZhvZ5z5lf5OBqIwxWo=
9,19,8m8GcTJ9C+CgSA8wedzjtK0lZYc=,GuQtYmFas0SYIOvVc2TnUWH2hJg=
10,22,8m8GcTJ9C+CgSA8wedzjtK0lZYc=,U7u3jY910l7jREwtkTvx5FJecNE=
10,17,8m8GcTJ9C+CgSA8wedzjtK0lZYc=,A3osC3zNJnVi2UW2YdJ6tNXoOgM=
9,21,8m8GcTJ9C+CgSA8wedzjtK0lZYc=,z83zyaUvTTtpUgKRV3GAZGw+V0M=
10,21,8m8GcTJ9C+CgSA8wedzjtK0lZYc=,r4KE0W+2eaAWMIR4rSVfdEDn88E=
9,18,8m8GcTJ9C+CgSA8wedzjtK0lZYc=,GuQtYmFas0SYIOvVc2TnUWH2hJg=
10,18,8m8GcTJ9C+CgSA8wedzjtK0lZYc=,9KxZjf+igZhvZ5z5lf5OBqIwxWo=
5,22,8m8GcTJ9C+CgSA8wedzjtK0lZYc=,mYXaAdNfE06LRewGTyg+bRydHNE=
5,21,8m8GcTJ9C+CgSA8wedzjtK0lZYc=,npdIjlNWZZf3wlc99VcOHEyVJQg=
8,21,8m8GcTJ9C+CgSA8wedzjtK0lZYc=,z83zyaUvTTtpUgKRV3GAZGw+V0M=
9,17,8m8GcTJ9C+CgSA8wedzjtK0lZYc=,zTn/wD6Nju7Z7LQnySzRcm+okRI=
8,22,8m8GcTJ9C+CgSA8wedzjtK0lZYc=,9OVMWwxp9opmlW1xYisX/0kvgB8=
7,22,8m8GcTJ9C+CgSA8wedzjtK0lZYc=,C5BI03tG9YHE5EzdzUOK7lrzQjs=
6,22,8m8GcTJ9C+CgSA8wedzjtK0lZYc=,C5BI03tG9YHE5EzdzUOK7lrzQjs=
9,22,8m8GcTJ9C+CgSA8wedzjtK0lZYc=,9OVMWwxp9opmlW1xYisX/0kvgB8=
5,20,8m8GcTJ9C+CgSA8wedzjtK0lZYc=,npdIjlNWZZf3wlc99VcOHEyVJQg=
8,20,8m8GcTJ9C+CgSA8wedzjtK0lZYc=,z83zyaUvTTtpUgKRV3GAZGw+V0M=
8,19,8m8GcTJ9C+CgSA8wedzjtK0lZYc=,GuQtYmFas0SYIOvVc2TnUWH2hJg=
8,18,8m8GcTJ9C+CgSA8wedzjtK0lZYc=,GuQtYmFas0SYIOvVc2TnUWH2hJg=
5,17,8m8GcTJ9C+CgSA8wedzjtK0lZYc=,Mbpst0Qx210KCPxVEwe+bkB0LFw=
5,26,8m8GcTJ9C+CgSA8wedzjtK0lZYc=,xrMKdZ+3PhUZrrV7z8UWnlfDF00=
6,19,8m8GcTJ9C+CgSA8wedzjtK0lZYc=,l6DFfQdEFxeReaQ73I+aWySX1mg=
9,24,8m8GcTJ9C+CgSA8wedzjtK0lZYc=,Ys5O70Xt84KCNbYbozxaOik0J2U=
8,17,8m8GcTJ9C+CgSA8wedzjtK0lZYc=,zTn/wD6Nju7Z7LQnySzRcm+okRI=
6,18,8m8GcTJ9C+CgSA8wedzjtK0lZYc=,l6DFfQdEFxeReaQ73I+aWySX1mg=
5,19,8m8GcTJ9C+CgSA8wedzjtK0lZYc=,w1mssp/slndZV0HfRq5T3968PFI=
8,25,8m8GcTJ9C+CgSA8wedzjtK0lZYc=,Ys5O70Xt84KCNbYbozxaOik0J2U=
8,23,8m8GcTJ9C+CgSA8wedzjtK0lZYc=,9OVMWwxp9opmlW1xYisX/0kvgB8=
7,17,8m8GcTJ9C+CgSA8wedzjtK0lZYc=,rUKv09d/9Uj0o98RRos4bWzLDuE=
6,17,8m8GcTJ9C+CgSA8wedzjtK0lZYc=,rUKv09d/9Uj0o98RRos4bWzLDuE=
5,24,8m8GcTJ9C+CgSA8wedzjtK0lZYc=,cajgUr/N6Iqr3LZoOVyBE3k1ltY=
9,26,8m8GcTJ9C+CgSA8wedzjtK0lZYc=,le1uCfbi2/yW/Pkp91ESG/ogg50=
7,19,8m8GcTJ9C+CgSA8wedzjtK0lZYc=,l6DFfQdEFxeReaQ73I+aWySX1mg=
6,25,8m8GcTJ9C+CgSA8wedzjtK0lZYc=,MJ7uNWbjIXDWM/SCVZzoPFcFzUk=
7,23,8m8GcTJ9C+CgSA8wedzjtK0lZYc=,C5BI03tG9YHE5EzdzUOK7lrzQjs=
7,25,8m8GcTJ9C+CgSA8wedzjtK0lZYc=,MJ7uNWbjIXDWM/SCVZzoPFcFzUk=
7,24,8m8GcTJ9C+CgSA8wedzjtK0lZYc=,MJ7uNWbjIXDWM/SCVZzoPFcFzUk=
6,24,8m8GcTJ9C+CgSA8wedzjtK0lZYc=,MJ7uNWbjIXDWM/SCVZzoPFcFzUk=
7,26,8m8GcTJ9C+CgSA8wedzjtK0lZYc=,v0biXEpjnF05wPq6K8gT2/q7zA4=
6,23,8m8GcTJ9C+CgSA8wedzjtK0lZYc=,C5BI03tG9YHE5EzdzUOK7lrzQjs=
7,18,8m8GcTJ9C+CgSA8wedzjtK0lZYc=,l6DFfQdEFxeReaQ73I+aWySX1mg=
5,18,8m8GcTJ9C+CgSA8wedzjtK0lZYc=,w1mssp/slndZV0HfRq5T3968PFI=
8,24,8m8GcTJ9C+CgSA8wedzjtK0lZYc=,Ys5O70Xt84KCNbYbozxaOik0J2U=
10,23,8m8GcTJ9C+CgSA8wedzjtK0lZYc=,U7u3jY910l7jREwtkTvx5FJecNE=
5,23,8m8GcTJ9C+CgSA8wedzjtK0lZYc=,mYXaAdNfE06LRewGTyg+bRydHNE=
10,24,8m8GcTJ9C+CgSA8wedzjtK0lZYc=,sngCAI6X7Z9MsYmdzjM4pioobuI=
4,16,8m8GcTJ9C+CgSA8wedzjtK0lZYc=,Mbpst0Qx210KCPxVEwe+bkB0LFw=
9,23,8m8GcTJ9C+CgSA8wedzjtK0lZYc=,9OVMWwxp9opmlW1xYisX/0kvgB8=
5,25,8m8GcTJ9C+CgSA8wedzjtK0lZYc=,cajgUr/N6Iqr3LZoOVyBE3k1ltY=
8,26,8m8GcTJ9C+CgSA8wedzjtK0lZYc=,le1uCfbi2/yW/Pkp91ESG/ogg50=
6,26,8m8GcTJ9C+CgSA8wedzjtK0lZYc=,v0biXEpjnF05wPq6K8gT2/q7zA4=
10,25,8m8GcTJ9C+CgSA8wedzjtK0lZYc=,sngCAI6X7Z9MsYmdzjM4pioobuI=
10,26,8m8GcTJ9C+CgSA8wedzjtK0lZYc=,CmUf6XkLjE2wRV5nC01PsHJGpJg=
5,16,8m8GcTJ9C+CgSA8wedzjtK0lZYc=,Mbpst0Qx210KCPxVEwe+bkB0LFw=
9,25,8m8GcTJ9C+CgSA8wedzjtK0lZYc=,Ys5O70Xt84KCNbYbozxaOik0J2U=
3,16,8m8GcTJ9C+CgSA8wedzjtK0lZYc=,rZiO4JKBskXP8plHq8E8RmQ3aRM=
6,16,8m8GcTJ9C+CgSA8wedzjtK0lZYc=,rUKv09d/9Uj0o98RRos4bWzLDuE=
0,19,8m8GcTJ9C+CgSA8wedzjtK0lZYc=,Q7L546Hz3lKz2UOyXO5ljhJL0MU=
0,20,8m8GcTJ9C+CgSA8wedzjtK0lZYc=,uTN0YyNP3Nm9oQ6hrIRhyRarvjw=
0,26,8m8GcTJ9C+CgSA8wedzjtK0lZYc=,/3NSK9pDSdFrcpPFUsbfC2ew90o=
0,21,8m8GcTJ9C+CgSA8wedzjtK0lZYc=,uTN0YyNP3Nm9oQ6hrIRhyRarvjw=
0,25,8m8GcTJ9C+CgSA8wedzjtK0lZYc=,e1r/10h2YAInETZ/Z5TwpXf0sEw=
0,24,8m8GcTJ9C+CgSA8wedzjtK0lZYc=,e1r/10h2YAInETZ/Z5TwpXf0sEw=
0,27,8m8GcTJ9C+CgSA8wedzjtK0lZYc=,/3NSK9pDSdFrcpPFUsbfC2ew90o=
0,28,8m8GcTJ9C+CgSA8wedzjtK0lZYc=,xn8a/f7x6TQy69zlFA5pOdA/CjY=
15,22,8m8GcTJ9C+CgSA8wedzjtK0lZYc=,bHcKCDEbY26An5DKzeLo7SUMIzo=
15,29,8m8GcTJ9C+CgSA8wedzjtK0lZYc=,7yA8/FpWCsCNlbiSCiFvxztSnPk=
0,23,8m8GcTJ9C+CgSA8wedzjtK0lZYc=,WBnwVy9iU62nqCyoR7ZCAIMh8IU=
15,21,8m8GcTJ9C+CgSA8wedzjtK0lZYc=,8+4uq3DydHOboXOyvelptQmyeU4=
15,20,8m8GcTJ9C+CgSA8wedzjtK0lZYc=,8+4uq3DydHOboXOyvelptQmyeU4=
15,24,8m8GcTJ9C+CgSA8wedzjtK0lZYc=,ZIqhYJ9wQH5vpVMk9hZihI2X1wE=
0,22,8m8GcTJ9C+CgSA8wedzjtK0lZYc=,WBnwVy9iU62nqCyoR7ZCAIMh8IU=
15,19,8m8GcTJ9C+CgSA8wedzjtK0lZYc=,YQpzlzmKQ7FmCNQ1cC3S8M92lag=
15,25,8m8GcTJ9C+CgSA8wedzjtK0lZYc=,ZIqhYJ9wQH5vpVMk9hZihI2X1wE=
15,26,8m8GcTJ9C+CgSA8wedzjtK0lZYc=,ZxO8+n7zZz9o8lXRruqD6xnMR+s=
15,28,8m8GcTJ9C+CgSA8wedzjtK0lZYc=,7yA8/FpWCsCNlbiSCiFvxztSnPk=
13,16,8m8GcTJ9C+CgSA8wedzjtK0lZYc=,ZsieRNUWzIgHjsIx8GwXEasqjX8=
7,16,8m8GcTJ9C+CgSA8wedzjtK0lZYc=,rUKv09d/9Uj0o98RRos4bWzLDuE=
15,18,8m8GcTJ9C+CgSA8wedzjtK0lZYc=,YQpzlzmKQ7FmCNQ1cC3S8M92lag=
0,29,8m8GcTJ9C+CgSA8wedzjtK0lZYc=,xn8a/f7x6TQy69zlFA5pOdA/CjY=
15,23,8m8GcTJ9C+CgSA8wedzjtK0lZYc=,bHcKCDEbY26An5DKzeLo7SUMIzo=
15,27,8m8GcTJ9C+CgSA8wedzjtK0lZYc=,ZxO8+n7zZz9o8lXRruqD6xnMR+s=
15,17,8m8GcTJ9C+CgSA8wedzjtK0lZYc=,JgO1UT31KNQPym/49BYyuJwypc0=
15,16,8m8GcTJ9C+CgSA8wedzjtK0lZYc=,JgO1UT31KNQPym/49BYyuJwypc0=
10,16,8m8GcTJ9C+CgSA8wedzjtK0lZYc=,A3osC3zNJnVi2UW2YdJ6tNXoOgM=
8,16,8m8GcTJ9C+CgSA8wedzjtK0lZYc=,zTn/wD6Nju7Z7LQnySzRcm+okRI=
9,16,8m8GcTJ9C+CgSA8wedzjtK0lZYc=,zTn/wD6Nju7Z7LQnySzRcm+okRI=
11,16,8m8GcTJ9C+CgSA8wedzjtK0lZYc=,A3osC3zNJnVi2UW2YdJ6tNXoOgM=
14,16,8m8GcTJ9C+CgSA8wedzjtK0lZYc=,JgO1UT31KNQPym/49BYyuJwypc0=
2,16,8m8GcTJ9C+CgSA8wedzjtK0lZYc=,rZiO4JKBskXP8plHq8E8RmQ3aRM=
2,17,8m8GcTJ9C+CgSA8wedzjtK0lZYc=,rZiO4JKBskXP8plHq8E8RmQ3aRM=
2,18,8m8GcTJ9C+CgSA8wedzjtK0lZYc=,IAFq0mbMZtEEwDvWE2z9eedNz5k=
0,18,8m8GcTJ9C+CgSA8wedzjtK0lZYc=,Q7L546Hz3lKz2UOyXO5ljhJL0MU=
12,16,8m8GcTJ9C+CgSA8wedzjtK0lZYc=,ZsieRNUWzIgHjsIx8GwXEasqjX8=
1,18,8m8GcTJ9C+CgSA8wedzjtK0lZYc=,Q7L546Hz3lKz2UOyXO5ljhJL0MU=
6,21,8m8GcTJ9C+CgSA8wedzjtK0lZYc=,9UJFi7pTf4CiK3EfUSTi4nz2XMw=
1,16,8m8GcTJ9C+CgSA8wedzjtK0lZYc=,0mbnPlykpTBM72iCujfipQoyKcI=
1,17,8m8GcTJ9C+CgSA8wedzjtK0lZYc=,0mbnPlykpTBM72iCujfipQoyKcI=
7,21,8m8GcTJ9C+CgSA8wedzjtK0lZYc=,9UJFi7pTf4CiK3EfUSTi4nz2XMw=
0,17,8m8GcTJ9C+CgSA8wedzjtK0lZYc=,0mbnPlykpTBM72iCujfipQoyKcI=
7,20,8m8GcTJ9C+CgSA8wedzjtK0lZYc=,9UJFi7pTf4CiK3EfUSTi4nz2XMw=
0,16,8m8GcTJ9C+CgSA8wedzjtK0lZYc=,0mbnPlykpTBM72iCujfipQoyKcI=
6,20,8m8GcTJ9C+CgSA8wedzjtK0lZYc=,9UJFi7pTf4CiK3EfUSTi4nz2XMw=
25,22,057XgQ8yBBVuC9szUG/35BSNPhI=,Sbf/G3xL5/wq9ulOwIN7REDzSEc=
25,21,057XgQ8yBBVuC9szUG/35BSNPhI=,UpjiB2+dgPd1frsY+InvO750QSw=
26,21,057XgQ8yBBVuC9szUG/35BSNPhI=,kQr0G8pytQY7g8a7uUQPN4+idGQ=
26,22,057XgQ8yBBVuC9szUG/35BSNPhI=,/bOYlhN0eBjfZS001slKDlx+lpE=
27,21,057XgQ8yBBVuC9szUG/35BSNPhI=,kQr0G8pytQY7g8a7uUQPN4+idGQ=
28,22,057XgQ8yBBVuC9szUG/35BSNPhI=,29vp3cdYsSa9AFjUf0XMalrSwqc=
27,22,057XgQ8yBBVuC9szUG/35BSNPhI=,/bOYlhN0eBjfZS001slKDlx+lpE=
28,21,057XgQ8yBBVuC9szUG/35BSNPhI=,gv890apjDCj8DQH6QNa6pBpOAhM=
30,20,057XgQ8yBBVuC9szUG/35BSNPhI=,daOWnPNfHE0UkB/HUcpAFqCiwLo=
30,19,057XgQ8yBBVuC9szUG/35BSNPhI=,2WUdh8aW6k2FOht5bggeO8bwsyw=
29,19,057XgQ8yBBVuC9szUG/35BSNPhI=,i4OCU9LPm6ES3c9Ruq9qkoKosvA=
29,20,057XgQ8yBBVuC9szUG/35BSNPhI=,gv890apjDCj8DQH6QNa6pBpOAhM=
30,22,057XgQ8yBBVuC9szUG/35BSNPhI=,TsPm4U9PyWaHAiKNweNV0KlESoc=
29,21,057XgQ8yBBVuC9szUG/35BSNPhI=,gv890apjDCj8DQH6QNa6pBpOAhM=
29,22,057XgQ8yBBVuC9szUG/35BSNPhI=,29vp3cdYsSa9AFjUf0XMalrSwqc=
30,21,057XgQ8yBBVuC9szUG/35BSNPhI=,daOWnPNfHE0UkB/HUcpAFqCiwLo=
29,23,057XgQ8yBBVuC9szUG/35BSNPhI=,29vp3cdYsSa9AFjUf0XMalrSwqc=
30,23,057XgQ8yBBVuC9szUG/35BSNPhI=,TsPm4U9PyWaHAiKNweNV0KlESoc=
30,24,057XgQ8yBBVuC9szUG/35BSNPhI=,30ySB3oa8pCcH61HPkPU5k/BaOI=
29,24,057XgQ8yBBVuC9szUG/35BSNPhI=,VumLlRfNFqj1WqouDaRrgKJ3uFA=
28,24,057XgQ8yBBVuC9szUG/35BSNPhI=,VumLlRfNFqj1WqouDaRrgKJ3uFA=
27,24,4HPiEecKQNWVejNQoh9jnE4ExnA=,ZL3B30yW3NcYve6RuFlON7yR4nA=
28,23,4HPiEecKQNWVejNQoh9jnE4ExnA=,29vp3cdYsSa9AFjUf0XMalrSwqc=
27,23,4HPiEecKQNWVejNQoh9jnE4ExnA=,/bOYlhN0eBjfZS001slKDlx+lpE=
25,24,4HPiEecKQNWVejNQoh9jnE4ExnA=,ie9dLdAvHzIyIFToK4NxT/aAxvg=
26,23,4HPiEecKQNWVejNQoh9jnE4ExnA=,/bOYlhN0eBjfZS001slKDlx+lpE=
25,23,4HPiEecKQNWVejNQoh9jnE4ExnA=,Sbf/G3xL5/wq9ulOwIN7REDzSEc=
26,24,4HPiEecKQNWVejNQoh9jnE4ExnA=,ZL3B30yW3NcYve6RuFlON7yR4nA=
27,26,4HPiEecKQNWVejNQoh9jnE4ExnA=,BqnhdAb/ZJE+ip3V7Dj/IoIuCU8=
28,26,4HPiEecKQNWVejNQoh9jnE4ExnA=,pa/xRIb13G2VMoPs7DHGZpqR5xA=
28,25,4HPiEecKQNWVejNQoh9jnE4ExnA=,VumLlRfNFqj1WqouDaRrgKJ3uFA=
27,25,4HPiEecKQNWVejNQoh9jnE4ExnA=,ZL3B30yW3NcYve6RuFlON7yR4nA=
30,26,4HPiEecKQNWVejNQoh9jnE4ExnA=,CIyxAPfA6IHInnexUJefFTh1apU=
29,25,4HPiEecKQNWVejNQoh9jnE4ExnA=,VumLlRfNFqj1WqouDaRrgKJ3uFA=
30,25,4HPiEecKQNWVejNQoh9jnE4ExnA=,30ySB3oa8pCcH61HPkPU5k/BaOI=
29,26,4HPiEecKQNWVejNQoh9jnE4ExnA=,pa/xRIb13G2VMoPs7DHGZpqR5xA=
26,26,4HPiEecKQNWVejNQoh9jnE4ExnA=,BqnhdAb/ZJE+ip3V7Dj/IoIuCU8=
25,25,4HPiEecKQNWVejNQoh9jnE4ExnA=,ie9dLdAvHzIyIFToK4NxT/aAxvg=
26,25,4HPiEecKQNWVejNQoh9jnE4ExnA=,ZL3B30yW3NcYve6RuFlON7yR4nA=
26,27,rYHO7DCpNy9K/V2b27nG7XBsfEs=,BqnhdAb/ZJE+ip3V7Dj/IoIuCU8=
25,28,rYHO7DCpNy9K/V2b27nG7XBsfEs=,0fF+iIN7SiWsCsUBaiwMGFk+WCQ=
25,29,rYHO7DCpNy9K/V2b27nG7XBsfEs=,0fF+iIN7SiWsCsUBaiwMGFk+WCQ=
25,26,rYHO7DCpNy9K/V2b27nG7XBsfEs=,9/btosZ6r3ShppB3pzu04PY5bDQ=
26,28,rYHO7DCpNy9K/V2b27nG7XBsfEs=,Ux29Iv6ty/GY5ORCgCWg3EtXl74=
25,27,rYHO7DCpNy9K/V2b27nG7XBsfEs=,9/btosZ6r3ShppB3pzu04PY5bDQ=
26,29,rYHO7DCpNy9K/V2b27nG7XBsfEs=,Ux29Iv6ty/GY5ORCgCWg3EtXl74=
29,29,rYHO7DCpNy9K/V2b27nG7XBsfEs=,DzcgEfvd2+uvS+qwy0wSrlsBGZI=
23,29,rYHO7DCpNy9K/V2b27nG7XBsfEs=,k2Fb1N0DjjTqXQk5C19yAFamWZU=
24,28,rYHO7DCpNy9K/V2b27nG7XBsfEs=,0fF+iIN7SiWsCsUBaiwMGFk+WCQ=
28,28,telICaYZO9UUvaJ6f/d8qqoC6CI=,DzcgEfvd2+uvS+qwy0wSrlsBGZI=
23,27,telICaYZO9UUvaJ6f/d8qqoC6CI=,VGFpYJuzt/LPRPNm3gje71BXpdw=
29,27,telICaYZO9UUvaJ6f/d8qqoC6CI=,pa/xRIb13G2VMoPs7DHGZpqR5xA=
24,27,telICaYZO9UUvaJ6f/d8qqoC6CI=,9/btosZ6r3ShppB3pzu04PY5bDQ=
29,28,telICaYZO9UUvaJ6f/d8qqoC6CI=,DzcgEfvd2+uvS+qwy0wSrlsBGZI=
28,27,telICaYZO9UUvaJ6f/d8qqoC6CI=,pa/xRIb13G2VMoPs7DHGZpqR5xA=
23,28,UL/xIFzWm/pSipuQ1eDieRsdFmc=,k2Fb1N0DjjTqXQk5C19yAFamWZU=
27,27,UL/xIFzWm/pSipuQ1eDieRsdFmc=,BqnhdAb/ZJE+ip3V7Dj/IoIuCU8=
27,29,UL/xIFzWm/pSipuQ1eDieRsdFmc=,Ux29Iv6ty/GY5ORCgCWg3EtXl74=
24,29,UL/xIFzWm/pSipuQ1eDieRsdFmc=,0fF+iIN7SiWsCsUBaiwMGFk+WCQ=
30,28,UL/xIFzWm/pSipuQ1eDieRsdFmc=,iSNhZs/Rdvxwx8qPc92DHATvB+o=
28,29,UL/xIFzWm/pSipuQ1eDieRsdFmc=,DzcgEfvd2+uvS+qwy0wSrlsBGZI=
27,28,UL/xIFzWm/pSipuQ1eDieRsdFmc=,Ux29Iv6ty/GY5ORCgCWg3EtXl74=
30,29,UL/xIFzWm/pSipuQ1eDieRsdFmc=,iSNhZs/Rdvxwx8qPc92DHATvB+o=
30,27,UL/xIFzWm/pSipuQ1eDieRsdFmc=,CIyxAPfA6IHInnexUJefFTh1apU=
22,28,UL/xIFzWm/pSipuQ1eDieRsdFmc=,k2Fb1N0DjjTqXQk5C19yAFamWZU=
22,29,UL/xIFzWm/pSipuQ1eDieRsdFmc=,k2Fb1N0DjjTqXQk5C19yAFamWZU=
22,27,UL/xIFzWm/pSipuQ1eDieRsdFmc=,VGFpYJuzt/LPRPNm3gje71BXpdw=
21,28,UL/xIFzWm/pSipuQ1eDieRsdFmc=,IFpXfNqLaqo67Gn7tYKZx9stKoU=
21,27,UL/xIFzWm/pSipuQ1eDieRsdFmc=,vfn09aoKh1ymP3Hv/bwWiPGgW24=
21,29,xVFlTWFdXauTpuGjS+HCuzOTfas=,IFpXfNqLaqo67Gn7tYKZx9stKoU=
19,29,xVFlTWFdXauTpuGjS+HCuzOTfas=,UudFiJqi915luVQ/fbjDSavQlnc=
20,29,xVFlTWFdXauTpuGjS+HCuzOTfas=,IFpXfNqLaqo67Gn7tYKZx9stKoU=
19,28,xVFlTWFdXauTpuGjS+HCuzOTfas=,UudFiJqi915luVQ/fbjDSavQlnc=
20,28,xVFlTWFdXauTpuGjS+HCuzOTfas=,IFpXfNqLaqo67Gn7tYKZx9stKoU=
19,26,xVFlTWFdXauTpuGjS+HCuzOTfas=,0JkGxWxjVZzxx7VgkQ2qWTs+Azg=
19,27,xVFlTWFdXauTpuGjS+HCuzOTfas=,0JkGxWxjVZzxx7VgkQ2qWTs+Azg=
19,25,xVFlTWFdXauTpuGjS+HCuzOTfas=,OY9VrNHLAqRzK93Rg03q06+jSwY=
20,25,xVFlTWFdXauTpuGjS+HCuzOTfas=,DDgKDzFwZjqyVBYAlHlsra6XZKA=
20,26,xVFlTWFdXauTpuGjS+HCuzOTfas=,vfn09aoKh1ymP3Hv/bwWiPGgW24=
20,27,xVFlTWFdXauTpuGjS+HCuzOTfas=,vfn09aoKh1ymP3Hv/bwWiPGgW24=
17,24,/hFCaWuSXyBAQ6178IrpgViJq7k=,xoAEFDKxK31EAFIXG3gUYfRxFns=
17,23,/hFCaWuSXyBAQ6178IrpgViJq7k=,yHVxrfETUhAEK2q6jcX3Eaj0UBM=
18,24,/hFCaWuSXyBAQ6178IrpgViJq7k=,OY9VrNHLAqRzK93Rg03q06+jSwY=
18,25,/hFCaWuSXyBAQ6178IrpgViJq7k=,OY9VrNHLAqRzK93Rg03q06+jSwY=
18,23,/hFCaWuSXyBAQ6178IrpgViJq7k=,Lz4mwfVJ1qSqjzOVCdYnodMPYAE=
17,25,/hFCaWuSXyBAQ6178IrpgViJq7k=,xoAEFDKxK31EAFIXG3gUYfRxFns=
18,26,/hFCaWuSXyBAQ6178IrpgViJq7k=,0JkGxWxjVZzxx7VgkQ2qWTs+Azg=
17,26,rb4wHy9mnHs9eBxLpfVZAWHoy1g=,7f9M7dLCK8QU05oT2keS88IEgno=
18,28,rb4wHy9mnHs9eBxLpfVZAWHoy1g=,UudFiJqi915luVQ/fbjDSavQlnc=
17,28,rb4wHy9mnHs9eBxLpfVZAWHoy1g=,gcwGDKQhBrvJ3yB87+VcmCsI5C8=
18,27,rb4wHy9mnHs9eBxLpfVZAWHoy1g=,0JkGxWxjVZzxx7VgkQ2qWTs+Azg=
17,27,rb4wHy9mnHs9eBxLpfVZAWHoy1g=,7f9M7dLCK8QU05oT2keS88IEgno=
18,21,rb4wHy9mnHs9eBxLpfVZAWHoy1g=,piqBBrWTSx8kuBgPEXBaBP+wChg=
17,21,rb4wHy9mnHs9eBxLpfVZAWHoy1g=,Fr3ZUhC/3xEHAEBjVx0PNzvJu/s=
17,29,rb4wHy9mnHs9eBxLpfVZAWHoy1g=,gcwGDKQhBrvJ3yB87+VcmCsI5C8=
17,22,rb4wHy9mnHs9eBxLpfVZAWHoy1g=,yHVxrfETUhAEK2q6jcX3Eaj0UBM=
18,22,rb4wHy9mnHs9eBxLpfVZAWHoy1g=,Lz4mwfVJ1qSqjzOVCdYnodMPYAE=
18,29,rb4wHy9mnHs9eBxLpfVZAWHoy1g=,UudFiJqi915luVQ/fbjDSavQlnc=
18,19,rb4wHy9mnHs9eBxLpfVZAWHoy1g=,EGU//R/+FxLQMFzr29u/1WZovxI=
17,20,rb4wHy9mnHs9eBxLpfVZAWHoy1g=,Fr3ZUhC/3xEHAEBjVx0PNzvJu/s=
17,19,rb4wHy9mnHs9eBxLpfVZAWHoy1g=,YaAD0bjHe0UPeHdso72wjWND5pQ=
18,20,rb4wHy9mnHs9eBxLpfVZAWHoy1g=,piqBBrWTSx8kuBgPEXBaBP+wChg=
28,20,rb4wHy9mnHs9eBxLpfVZAWHoy1g=,gv890apjDCj8DQH6QNa6pBpOAhM=
26,20,rb4wHy9mnHs9eBxLpfVZAWHoy1g=,kQr0G8pytQY7g8a7uUQPN4+idGQ=
27,20,rb4wHy9mnHs9eBxLpfVZAWHoy1g=,kQr0G8pytQY7g8a7uUQPN4+idGQ=
25,19,rb4wHy9mnHs9eBxLpfVZAWHoy1g=,vCBAxmtLkXmdBv5+W5OET61yyvc=
25,20,rb4wHy9mnHs9eBxLpfVZAWHoy1g=,UpjiB2+dgPd1frsY+InvO750QSw=
26,19,rb4wHy9mnHs9eBxLpfVZAWHoy1g=,3I+Eoo39jleKcvPRrHstQFzSAdE=
28,19,rb4wHy9mnHs9eBxLpfVZAWHoy1g=,i4OCU9LPm6ES3c9Ruq9qkoKosvA=
27,19,rb4wHy9mnHs9eBxLpfVZAWHoy1g=,3I+Eoo39jleKcvPRrHstQFzSAdE=
27,18,rb4wHy9mnHs9eBxLpfVZAWHoy1g=,3I+Eoo39jleKcvPRrHstQFzSAdE=
26,18,rb4wHy9mnHs9eBxLpfVZAWHoy1g=,3I+Eoo39jleKcvPRrHstQFzSAdE=
28,17,rb4wHy9mnHs9eBxLpfVZAWHoy1g=,5PQmxISe2maI5uEyKWMp55S+uuY=
25,18,rb4wHy9mnHs9eBxLpfVZAWHoy1g=,vCBAxmtLkXmdBv5+W5OET61yyvc=
27,17,rb4wHy9mnHs9eBxLpfVZAWHoy1g=,RjGuujB/NUIOC8NWQxhaW9BBmBc=
26,17,rb4wHy9mnHs9eBxLpfVZAWHoy1g=,RjGuujB/NUIOC8NWQxhaW9BBmBc=
28,18,rb4wHy9mnHs9eBxLpfVZAWHoy1g=,i4OCU9LPm6ES3c9Ruq9qkoKosvA=
25,17,rb4wHy9mnHs9eBxLpfVZAWHoy1g=,hwqihN2LXw7nXIbXJYE4Q42UtKc=
30,18,rb4wHy9mnHs9eBxLpfVZAWHoy1g=,2WUdh8aW6k2FOht5bggeO8bwsyw=
30,17,rb4wHy9mnHs9eBxLpfVZAWHoy1g=,cDjY+JN/mNgcFZ9zLB29JbZwpFw=
29,17,rb4wHy9mnHs9eBxLpfVZAWHoy1g=,5PQmxISe2maI5uEyKWMp55S+uuY=
29,18,rb4wHy9mnHs9eBxLpfVZAWHoy1g=,i4OCU9LPm6ES3c9Ruq9qkoKosvA=
20,18,rb4wHy9mnHs9eBxLpfVZAWHoy1g=,MaFv0BIpiBfxSDdgWIAfnqRonnk=
24,17,rb4wHy9mnHs9eBxLpfVZAWHoy1g=,hwqihN2LXw7nXIbXJYE4Q42UtKc=
20,17,rb4wHy9mnHs9eBxLpfVZAWHoy1g=,P0by8ZMcXMQ0W9FcnwnVE82Ucb0=
20,16,rb4wHy9mnHs9eBxLpfVZAWHoy1g=,P0by8ZMcXMQ0W9FcnwnVE82Ucb0=
19,18,rb4wHy9mnHs9eBxLpfVZAWHoy1g=,EGU//R/+FxLQMFzr29u/1WZovxI=
22,18,rb4wHy9mnHs9eBxLpfVZAWHoy1g=,R0zi2WhYUVlCQGYAsSHi3q4vwJI=
23,17,rb4wHy9mnHs9eBxLpfVZAWHoy1g=,rn3s5V8dn3tilt7NFqSaVtmgf+Y=
19,16,rb4wHy9mnHs9eBxLpfVZAWHoy1g=,Z8pkq5uzQGb6qkOCnd6h2aHaebg=
22,17,rb4wHy9mnHs9eBxLpfVZAWHoy1g=,rn3s5V8dn3tilt7NFqSaVtmgf+Y=
21,17,rb4wHy9mnHs9eBxLpfVZAWHoy1g=,P0by8ZMcXMQ0W9FcnwnVE82Ucb0=
21,16,rb4wHy9mnHs9eBxLpfVZAWHoy1g=,P0by8ZMcXMQ0W9FcnwnVE82Ucb0=
24,18,rb4wHy9mnHs9eBxLpfVZAWHoy1g=,vCBAxmtLkXmdBv5+W5OET61yyvc=
22,16,rb4wHy9mnHs9eBxLpfVZAWHoy1g=,rn3s5V8dn3tilt7NFqSaVtmgf+Y=
23,18,rb4wHy9mnHs9eBxLpfVZAWHoy1g=,R0zi2WhYUVlCQGYAsSHi3q4vwJI=
21,18,rb4wHy9mnHs9eBxLpfVZAWHoy1g=,MaFv0BIpiBfxSDdgWIAfnqRonnk=
19,17,rb4wHy9mnHs9eBxLpfVZAWHoy1g=,Z8pkq5uzQGb6qkOCnd6h2aHaebg=
16,22,rb4wHy9mnHs9eBxLpfVZAWHoy1g=,yHVxrfETUhAEK2q6jcX3Eaj0UBM=
16,20,rb4wHy9mnHs9eBxLpfVZAWHoy1g=,Fr3ZUhC/3xEHAEBjVx0PNzvJu/s=
16,26,rb4wHy9mnHs9eBxLpfVZAWHoy1g=,7f9M7dLCK8QU05oT2keS88IEgno=
16,21,rb4wHy9mnHs9eBxLpfVZAWHoy1g=,Fr3ZUhC/3xEHAEBjVx0PNzvJu/s=
16,25,rb4wHy9mnHs9eBxLpfVZAWHoy1g=,xoAEFDKxK31EAFIXG3gUYfRxFns=
17,16,rb4wHy9mnHs9eBxLpfVZAWHoy1g=,23F11rPVtvW4v9Z1aV7SrV/puDc=
17,17,rb4wHy9mnHs9eBxLpfVZAWHoy1g=,23F11rPVtvW4v9Z1aV7SrV/puDc=
31,28,rb4wHy9mnHs9eBxLpfVZAWHoy1g=,iSNhZs/Rdvxwx8qPc92DHATvB+o=
16,23,rb4wHy9mnHs9eBxLpfVZAWHoy1g=,yHVxrfETUhAEK2q6jcX3Eaj0UBM=
31,29,rb4wHy9mnHs9eBxLpfVZAWHoy1g=,iSNhZs/Rdvxwx8qPc92DHATvB+o=
16,17,rb4wHy9mnHs9eBxLpfVZAWHoy1g=,23F11rPVtvW4v9Z1aV7SrV/puDc=
16,19,rb4wHy9mnHs9eBxLpfVZAWHoy1g=,YaAD0bjHe0UPeHdso72wjWND5pQ=
16,28,rb4wHy9mnHs9eBxLpfVZAWHoy1g=,gcwGDKQhBrvJ3yB87+VcmCsI5C8=
31,27,rb4wHy9mnHs9eBxLpfVZAWHoy1g=,CIyxAPfA6IHInnexUJefFTh1apU=
16,18,rb4wHy9mnHs9eBxLpfVZAWHoy1g=,YaAD0bjHe0UPeHdso72wjWND5pQ=
18,17,rb4wHy9mnHs9eBxLpfVZAWHoy1g=,Z8pkq5uzQGb6qkOCnd6h2aHaebg=
18,16,rb4wHy9mnHs9eBxLpfVZAWHoy1g=,Z8pkq5uzQGb6qkOCnd6h2aHaebg=
16,24,rb4wHy9mnHs9eBxLpfVZAWHoy1g=,xoAEFDKxK31EAFIXG3gUYfRxFns=
16,29,rb4wHy9mnHs9eBxLpfVZAWHoy1g=,gcwGDKQhBrvJ3yB87+VcmCsI5C8=
16,16,rb4wHy9mnHs9eBxLpfVZAWHoy1g=,23F11rPVtvW4v9Z1aV7SrV/puDc=
16,27,rb4wHy9mnHs9eBxLpfVZAWHoy1g=,7f9M7dLCK8QU05oT2keS88IEgno=
17,18,rb4wHy9mnHs9eBxLpfVZAWHoy1g=,YaAD0bjHe0UPeHdso72wjWND5pQ=
18,18,rb4wHy9mnHs9eBxLpfVZAWHoy1g=,EGU//R/+FxLQMFzr29u/1WZovxI=
20,24,rb4wHy9mnHs9eBxLpfVZAWHoy1g=,DDgKDzFwZjqyVBYAlHlsra6XZKA=
19,23,rb4wHy9mnHs9eBxLpfVZAWHoy1g=,Lz4mwfVJ1qSqjzOVCdYnodMPYAE=
19,24,rb4wHy9mnHs9eBxLpfVZAWHoy1g=,OY9VrNHLAqRzK93Rg03q06+jSwY=
31,20,rb4wHy9mnHs9eBxLpfVZAWHoy1g=,daOWnPNfHE0UkB/HUcpAFqCiwLo=
31,22,rb4wHy9mnHs9eBxLpfVZAWHoy1g=,TsPm4U9PyWaHAiKNweNV0KlESoc=
31,21,rb4wHy9mnHs9eBxLpfVZAWHoy1g=,daOWnPNfHE0UkB/HUcpAFqCiwLo=
20,23,rb4wHy9mnHs9eBxLpfVZAWHoy1g=,T2y3TWOORdwfRC5qWaGcfXhFzgA=
31,24,rb4wHy9mnHs9eBxLpfVZAWHoy1g=,30ySB3oa8pCcH61HPkPU5k/BaOI=
31,19,rb4wHy9mnHs9eBxLpfVZAWHoy1g=,2WUdh8aW6k2FOht5bggeO8bwsyw=
31,23,rb4wHy9mnHs9eBxLpfVZAWHoy1g=,TsPm4U9PyWaHAiKNweNV0KlESoc=
31,25,rb4wHy9mnHs9eBxLpfVZAWHoy1g=,30ySB3oa8pCcH61HPkPU5k/BaOI=
31,26,rb4wHy9mnHs9eBxLpfVZAWHoy1g=,CIyxAPfA6IHInnexUJefFTh1apU=
19,22,rb4wHy9mnHs9eBxLpfVZAWHoy1g=,Lz4mwfVJ1qSqjzOVCdYnodMPYAE=
19,20,rb4wHy9mnHs9eBxLpfVZAWHoy1g=,piqBBrWTSx8kuBgPEXBaBP+wChg=
19,19,rb4wHy9mnHs9eBxLpfVZAWHoy1g=,EGU//R/+FxLQMFzr29u/1WZovxI=
20,19,rb4wHy9mnHs9eBxLpfVZAWHoy1g=,MaFv0BIpiBfxSDdgWIAfnqRonnk=
19,21,rb4wHy9mnHs9eBxLpfVZAWHoy1g=,piqBBrWTSx8kuBgPEXBaBP+wChg=
23,19,rb4wHy9mnHs9eBxLpfVZAWHoy1g=,R0zi2WhYUVlCQGYAsSHi3q4vwJI=
31,18,rb4wHy9mnHs9eBxLpfVZAWHoy1g=,2WUdh8aW6k2FOht5bggeO8bwsyw=
31,17,rb4wHy9mnHs9eBxLpfVZAWHoy1g=,cDjY+JN/mNgcFZ9zLB29JbZwpFw=
20,22,rb4wHy9mnHs9eBxLpfVZAWHoy1g=,T2y3TWOORdwfRC5qWaGcfXhFzgA=
23,21,rb4wHy9mnHs9eBxLpfVZAWHoy1g=,JrvQEjWk7TcIZDyuNAqJG4KgfUU=
24,21,rb4wHy9mnHs9eBxLpfVZAWHoy1g=,UpjiB2+dgPd1frsY+InvO750QSw=
30,16,rb4wHy9mnHs9eBxLpfVZAWHoy1g=,cDjY+JN/mNgcFZ9zLB29JbZwpFw=
27,16,rb4wHy9mnHs9eBxLpfVZAWHoy1g=,RjGuujB/NUIOC8NWQxhaW9BBmBc=
24,20,rb4wHy9mnHs9eBxLpfVZAWHoy1g=,UpjiB2+dgPd1frsY+InvO750QSw=
22,21,rb4wHy9mnHs9eBxLpfVZAWHoy1g=,JrvQEjWk7TcIZDyuNAqJG4KgfUU=
24,19,rb4wHy9mnHs9eBxLpfVZAWHoy1g=,vCBAxmtLkXmdBv5+W5OET61yyvc=
23,20,rb4wHy9mnHs9eBxLpfVZAWHoy1g=,JrvQEjWk7TcIZDyuNAqJG4KgfUU=
28,16,rb4wHy9mnHs9eBxLpfVZAWHoy1g=,5PQmxISe2maI5uEyKWMp55S+uuY=
20,20,rb4wHy9mnHs9eBxLpfVZAWHoy1g=,ewbZoC7ZB6W26ZVx2NTmg7TWwGs=
24,22,rb4wHy9mnHs9eBxLpfVZAWHoy1g=,Sbf/G3xL5/wq9ulOwIN7REDzSEc=
21,22,rb4wHy9mnHs9eBxLpfVZAWHoy1g=,T2y3TWOORdwfRC5qWaGcfXhFzgA=
22,20,rb4wHy9mnHs9eBxLpfVZAWHoy1g=,JrvQEjWk7TcIZDyuNAqJG4KgfUU=
25,16,rb4wHy9mnHs9eBxLpfVZAWHoy1g=,hwqihN2LXw7nXIbXJYE4Q42UtKc=
23,16,rb4wHy9mnHs9eBxLpfVZAWHoy1g=,rn3s5V8dn3tilt7NFqSaVtmgf+Y=
24,16,rb4wHy9mnHs9eBxLpfVZAWHoy1g=,hwqihN2LXw7nXIbXJYE4Q42UtKc=
21,19,rb4wHy9mnHs9eBxLpfVZAWHoy1g=,MaFv0BIpiBfxSDdgWIAfnqRonnk=
22,19,rb4wHy9mnHs9eBxLpfVZAWHoy1g=,R0zi2WhYUVlCQGYAsSHi3q4vwJI=
29,16,rb4wHy9mnHs9eBxLpfVZAWHoy1g=,5PQmxISe2maI5uEyKWMp55S+uuY=
26,16,rb4wHy9mnHs9eBxLpfVZAWHoy1g=,RjGuujB/NUIOC8NWQxhaW9BBmBc=
31,16,rb4wHy9mnHs9eBxLpfVZAWHoy1g=,cDjY+JN/mNgcFZ9zLB29JbZwpFw=
24,26,rb4wHy9mnHs9eBxLpfVZAWHoy1g=,9/btosZ6r3ShppB3pzu04PY5bDQ=
21,20,rb4wHy9mnHs9eBxLpfVZAWHoy1g=,ewbZoC7ZB6W26ZVx2NTmg7TWwGs=
24,23,rb4wHy9mnHs9eBxLpfVZAWHoy1g=,Sbf/G3xL5/wq9ulOwIN7REDzSEc=
22,22,rb4wHy9mnHs9eBxLpfVZAWHoy1g=,Rz5MqOxyRjmZ/huyKTeFR4NkOOw=
23,23,rb4wHy9mnHs9eBxLpfVZAWHoy1g=,Rz5MqOxyRjmZ/huyKTeFR4NkOOw=
22,23,rb4wHy9mnHs9eBxLpfVZAWHoy1g=,Rz5MqOxyRjmZ/huyKTeFR4NkOOw=
21,23,rb4wHy9mnHs9eBxLpfVZAWHoy1g=,T2y3TWOORdwfRC5qWaGcfXhFzgA=
20,21,rb4wHy9mnHs9eBxLpfVZAWHoy1g=,ewbZoC7ZB6W26ZVx2NTmg7TWwGs=
21,24,rb4wHy9mnHs9eBxLpfVZAWHoy1g=,DDgKDzFwZjqyVBYAlHlsra6XZKA=
24,25,rb4wHy9mnHs9eBxLpfVZAWHoy1g=,ie9dLdAvHzIyIFToK4NxT/aAxvg=
24,24,rb4wHy9mnHs9eBxLpfVZAWHoy1g=,ie9dLdAvHzIyIFToK4NxT/aAxvg=
23,22,rb4wHy9mnHs9eBxLpfVZAWHoy1g=,Rz5MqOxyRjmZ/huyKTeFR4NkOOw=
21,21,rb4wHy9mnHs9eBxLpfVZAWHoy1g=,ewbZoC7ZB6W26ZVx2NTmg7TWwGs=
21,26,rb4wHy9mnHs9eBxLpfVZAWHoy1g=,vfn09aoKh1ymP3Hv/bwWiPGgW24=
21,25,rb4wHy9mnHs9eBxLpfVZAWHoy1g=,DDgKDzFwZjqyVBYAlHlsra6XZKA=
23,26,rb4wHy9mnHs9eBxLpfVZAWHoy1g=,VGFpYJuzt/LPRPNm3gje71BXpdw=
22,26,rb4wHy9mnHs9eBxLpfVZAWHoy1g=,VGFpYJuzt/LPRPNm3gje71BXpdw=
22,25,rb4wHy9mnHs9eBxLpfVZAWHoy1g=,KIkx6wRSUMpYNGdIV0KHeLw7JHI=
23,25,rb4wHy9mnHs9eBxLpfVZAWHoy1g=,KIkx6wRSUMpYNGdIV0KHeLw7JHI=
22,24,rb4wHy9mnHs9eBxLpfVZAWHoy1g=,KIkx6wRSUMpYNGdIV0KHeLw7JHI=
23,24,rb4wHy9mnHs9eBxLpfVZAWHoy1g=,KIkx6wRSUMpYNGdIV0KHeLw7JHI=
30,4,rb4wHy9mnHs9eBxLpfVZAWHoy1g=,Ns/a6la95eYsttTZAWaDMfwLYJ0=
29,3,w7y/xwh1RGXgLI3oV/7PXSQ0Lo8=,sZizyjr09CZVLEDNC7iouLcOdO4=
30,3,w7y/xwh1RGXgLI3oV/7PXSQ0Lo8=,MKtMsenDGXt0YYhcFPG1ZKWIJJk=
29,4,w7y/xwh1RGXgLI3oV/7PXSQ0Lo8=,pXtLA/LYPgJAWuv1sfrDhTNR6nE=
30,5,w7y/xwh1RGXgLI3oV/7PXSQ0Lo8=,Ns/a6la95eYsttTZAWaDMfwLYJ0=
30,6,w7y/xwh1RGXgLI3oV/7PXSQ0Lo8=,5bFC9XMdWy2CcT27jY/B1kbWMh4=
29,5,w7y/xwh1RGXgLI3oV/7PXSQ0Lo8=,pXtLA/LYPgJAWuv1sfrDhTNR6nE=
29,6,w7y/xwh1RGXgLI3oV/7PXSQ0Lo8=,UwFDnrDYwzLm/UCQp27zhbT6Guc=
28,6,w7y/xwh1RGXgLI3oV/7PXSQ0Lo8=,UwFDnrDYwzLm/UCQp27zhbT6Guc=
28,5,w7y/xwh1RGXgLI3oV/7PXSQ0Lo8=,pXtLA/LYPgJAWuv1sfrDhTNR6nE=
27,6,w7y/xwh1RGXgLI3oV/7PXSQ0Lo8=,T0ku6Dac6Jc74JKKiXZvrIfcMak=
27,5,w7y/xwh1RGXgLI3oV/7PXSQ0Lo8=,70u5zt1q/+QOKZ0RqFnX5kKhKwg=
30,8,w7y/xwh1RGXgLI3oV/7PXSQ0Lo8=,4EovKc9Ts9E6xSiz2Z3dEhrBNRg=
27,8,8s4JAfa07ZPvZSmEtXBohx7BGn4=,0oEoRNWuWUzvmAgJOcXn96iMWCU=
29,8,8s4JAfa07ZPvZSmEtXBohx7BGn4=,HYsvO9A4D/cwXajwLR9Lhc8YO2Q=
28,7,8s4JAfa07ZPvZSmEtXBohx7BGn4=,UwFDnrDYwzLm/UCQp27zhbT6Guc=
30,7,8s4JAfa07ZPvZSmEtXBohx7BGn4=,5bFC9XMdWy2CcT27jY/B1kbWMh4=
28,8,8s4JAfa07ZPvZSmEtXBohx7BGn4=,HYsvO9A4D/cwXajwLR9Lhc8YO2Q=
29,7,8s4JAfa07ZPvZSmEtXBohx7BGn4=,UwFDnrDYwzLm/UCQp27zhbT6Guc=
27,7,8s4JAfa07ZPvZSmEtXBohx7BGn4=,T0ku6Dac6Jc74JKKiXZvrIfcMak=
30,10,8s4JAfa07ZPvZSmEtXBohx7BGn4=,8hsz5dNXU84G3320btI87L/mLlo=
29,10,eQFg2Wll3EKvNvnUt9hTqD3rVh4=,9dXEXbGMo6By/PdKYcv/QybgOxY=
30,9,eQFg2Wll3EKvNvnUt9hTqD3rVh4=,4EovKc9Ts9E6xSiz2Z3dEhrBNRg=
29,9,eQFg2Wll3EKvNvnUt9hTqD3rVh4=,HYsvO9A4D/cwXajwLR9Lhc8YO2Q=
30,12,eQFg2Wll3EKvNvnUt9hTqD3rVh4=,HsvLgXdy2MFC0qJ5g6IQR0xJI2o=
29,11,eQFg2Wll3EKvNvnUt9hTqD3rVh4=,9dXEXbGMo6By/PdKYcv/QybgOxY=
30,11,eQFg2Wll3EKvNvnUt9hTqD3rVh4=,8hsz5dNXU84G3320btI87L/mLlo=
30,14,eQFg2Wll3EKvNvnUt9hTqD3rVh4=,+rmOb2wOEKFPXka5lxHj91FNOtY=
29,12,eQFg2Wll3EKvNvnUt9hTqD3rVh4=,0utuTU/zgy0pDYbMI0r7CofG+20=
29,14,ec5u/vkDIv9fer2iajPuj2KHRBA=,e/wkb9pq/Vg2QE/jnFjWDKtyOEg=
29,13,ec5u/vkDIv9fer2iajPuj2KHRBA=,0utuTU/zgy0pDYbMI0r7CofG+20=
30,13,ec5u/vkDIv9fer2iajPuj2KHRBA=,HsvLgXdy2MFC0qJ5g6IQR0xJI2o=
28,14,sT7VOKpurCYgn64lTl0yiwyFJK4=,e/wkb9pq/Vg2QE/jnFjWDKtyOEg=
28,13,sT7VOKpurCYgn64lTl0yiwyFJK4=,0utuTU/zgy0pDYbMI0r7CofG+20=
27,13,sT7VOKpurCYgn64lTl0yiwyFJK4=,BJNE2yHsfsPlWRI/z+oG3qAu8cY=
27,14,sT7VOKpurCYgn64lTl0yiwyFJK4=,eyU/f99kJXwhDk4aJp7n1Cz8KiE=
26,14,sT7VOKpurCYgn64lTl0yiwyFJK4=,eyU/f99kJXwhDk4aJp7n1Cz8KiE=
25,14,sT7VOKpurCYgn64lTl0yiwyFJK4=,sk4EnCRWxUzHRzOBWIa8lcspo1Q=
25,13,sT7VOKpurCYgn64lTl0yiwyFJK4=,4aINDWEYqLlxdSix2F+2LZWxuoY=
26,13,sT7VOKpurCYgn64lTl0yiwyFJK4=,BJNE2yHsfsPlWRI/z+oG3qAu8cY=
24,9,13NEWq4FtwcherhdMpMqr+m4otw=,c3okbCvWNaBgzBY7EWTv0seLXiI=
24,10,13NEWq4FtwcherhdMpMqr+m4otw=,1oIwFD6Y8HaP7vl6zxpG/6POIF0=
24,12,13NEWq4FtwcherhdMpMqr+m4otw=,4aINDWEYqLlxdSix2F+2LZWxuoY=
23,12,13NEWq4FtwcherhdMpMqr+m4otw=,PnwYGw02GfZqtAadU7dr6uOpwQ4=
23,9,13NEWq4FtwcherhdMpMqr+m4otw=,nQA64LsjRcTEJqwJp6jX4GvdZvI=
23,10,giT2nz3HN3mQqo3HIkb7RsJZe20=,0k0MSZ+BPl8kWudVIsmCotpoDw4=
23,11,giT2nz3HN3mQqo3HIkb7RsJZe20=,0k0MSZ+BPl8kWudVIsmCotpoDw4=
24,11,giT2nz3HN3mQqo3HIkb7RsJZe20=,1oIwFD6Y8HaP7vl6zxpG/6POIF0=
24,14,giT2nz3HN3mQqo3HIkb7RsJZe20=,sk4EnCRWxUzHRzOBWIa8lcspo1Q=
23,13,giT2nz3HN3mQqo3HIkb7RsJZe20=,PnwYGw02GfZqtAadU7dr6uOpwQ4=
24,13,giT2nz3HN3mQqo3HIkb7RsJZe20=,4aINDWEYqLlxdSix2F+2LZWxuoY=
21,11,giT2nz3HN3mQqo3HIkb7RsJZe20=,NBw4m/YFbbDvGqs6/2q0b2GMpnE=
23,14,giT2nz3HN3mQqo3HIkb7RsJZe20=,Vg8IxG0f7thvWijYi1Emk9tbv1Q=
21,13,giT2nz3HN3mQqo3HIkb7RsJZe20=,YAuo2kEuBnrFw/fzuTVQBp3fKZc=
21,12,giT2nz3HN3mQqo3HIkb7RsJZe20=,YAuo2kEuBnrFw/fzuTVQBp3fKZc=
22,14,giT2nz3HN3mQqo3HIkb7RsJZe20=,Vg8IxG0f7thvWijYi1Emk9tbv1Q=
22,11,giT2nz3HN3mQqo3HIkb7RsJZe20=,0k0MSZ+BPl8kWudVIsmCotpoDw4=
21,14,lcxXccu45FB+xYbazhICX+QMDfY=,WV+5j3dbjG6jcJVSZaKictxIcEY=
22,12,lcxXccu45FB+xYbazhICX+QMDfY=,PnwYGw02GfZqtAadU7dr6uOpwQ4=
22,13,2HPcWqVCDQ1F5Jre4mqqbvBVLck=,PnwYGw02GfZqtAadU7dr6uOpwQ4=
20,14,2HPcWqVCDQ1F5Jre4mqqbvBVLck=,WV+5j3dbjG6jcJVSZaKictxIcEY=
20,13,2HPcWqVCDQ1F5Jre4mqqbvBVLck=,YAuo2kEuBnrFw/fzuTVQBp3fKZc=
19,13,2HPcWqVCDQ1F5Jre4mqqbvBVLck=,XAuyPfo1ObxtJThnqrSspQ+/lrg=
19,14,2HPcWqVCDQ1F5Jre4mqqbvBVLck=,CaFkK5TMAyzGaK1pdINYx0mtTKg=
20,12,2HPcWqVCDQ1F5Jre4mqqbvBVLck=,YAuo2kEuBnrFw/fzuTVQBp3fKZc=
20,11,2HPcWqVCDQ1F5Jre4mqqbvBVLck=,NBw4m/YFbbDvGqs6/2q0b2GMpnE=
18,13,ejiJWqpuKbpvEtnDaJZfltFR4IY=,XAuyPfo1ObxtJThnqrSspQ+/lrg=
17,13,ejiJWqpuKbpvEtnDaJZfltFR4IY=,/LUTVsNw4siTkPKve5cRh4XZgSc=
19,11,ejiJWqpuKbpvEtnDaJZfltFR4IY=,tpGGDSnwjw/KDUA831Kuk0TRdeY=
18,14,5xRyj9qQ7fbQ2TEhllJUMNtbLuk=,CaFkK5TMAyzGaK1pdINYx0mtTKg=
19,12,5xRyj9qQ7fbQ2TEhllJUMNtbLuk=,XAuyPfo1ObxtJThnqrSspQ+/lrg=
17,14,5xRyj9qQ7fbQ2TEhllJUMNtbLuk=,eZpw1ZBUCnWn6yzUQTsRC/sO894=
17,11,5xRyj9qQ7fbQ2TEhllJUMNtbLuk=,wAKpwE66samXdGEc4LuhZfY+Fls=
17,12,5xRyj9qQ7fbQ2TEhllJUMNtbLuk=,/LUTVsNw4siTkPKve5cRh4XZgSc=
18,12,5xRyj9qQ7fbQ2TEhllJUMNtbLuk=,XAuyPfo1ObxtJThnqrSspQ+/lrg=
18,11,5xRyj9qQ7fbQ2TEhllJUMNtbLuk=,tpGGDSnwjw/KDUA831Kuk0TRdeY=
22,9,5xRyj9qQ7fbQ2TEhllJUMNtbLuk=,nQA64LsjRcTEJqwJp6jX4GvdZvI=
21,9,5xRyj9qQ7fbQ2TEhllJUMNtbLuk=,WzIevUzEc5pEP6F/ZthHcIeBKmE=
18,10,5xRyj9qQ7fbQ2TEhllJUMNtbLuk=,tpGGDSnwjw/KDUA831Kuk0TRdeY=
20,9,5xRyj9qQ7fbQ2TEhllJUMNtbLuk=,WzIevUzEc5pEP6F/ZthHcIeBKmE=
18,9,5xRyj9qQ7fbQ2TEhllJUMNtbLuk=,zaDk4u7XqtHyuKXgh/3W2j+Ktco=
17,10,5xRyj9qQ7fbQ2TEhllJUMNtbLuk=,wAKpwE66samXdGEc4LuhZfY+Fls=
20,10,5xRyj9qQ7fbQ2TEhllJUMNtbLuk=,NBw4m/YFbbDvGqs6/2q0b2GMpnE=
19,10,5xRyj9qQ7fbQ2TEhllJUMNtbLuk=,tpGGDSnwjw/KDUA831Kuk0TRdeY=
19,9,5xRyj9qQ7fbQ2TEhllJUMNtbLuk=,zaDk4u7XqtHyuKXgh/3W2j+Ktco=
21,10,5xRyj9qQ7fbQ2TEhllJUMNtbLuk=,NBw4m/YFbbDvGqs6/2q0b2GMpnE=
22,10,5xRyj9qQ7fbQ2TEhllJUMNtbLuk=,0k0MSZ+BPl8kWudVIsmCotpoDw4=
20,8,5xRyj9qQ7fbQ2TEhllJUMNtbLuk=,WzIevUzEc5pEP6F/ZthHcIeBKmE=
19,8,5xRyj9qQ7fbQ2TEhllJUMNtbLuk=,zaDk4u7XqtHyuKXgh/3W2j+Ktco=
19,7,5xRyj9qQ7fbQ2TEhllJUMNtbLuk=,RFLy3myB36UyMr/DZ2NzBDf9LI8=
20,7,5xRyj9qQ7fbQ2TEhllJUMNtbLuk=,BUn+v+UtA1YuZS1zScNgKbEKf80=
20,6,5xRyj9qQ7fbQ2TEhllJUMNtbLuk=,BUn+v+UtA1YuZS1zScNgKbEKf80=
20,5,5xRyj9qQ7fbQ2TEhllJUMNtbLuk=,qxvUSB+3CrmR2cGsnl/kdhcinpk=
20,3,5xRyj9qQ7fbQ2TEhllJUMNtbLuk=,J71JnE3JG6QaU1ljTR30/LqD+W0=
19,6,5xRyj9qQ7fbQ2TEhllJUMNtbLuk=,RFLy3myB36UyMr/DZ2NzBDf9LI8=
19,5,5xRyj9qQ7fbQ2TEhllJUMNtbLuk=,jIzDQYo8PPO2pfb/zcF6EW3pMgs=
19,3,5xRyj9qQ7fbQ2TEhllJUMNtbLuk=,9TFIez4DO6qyS38Z40C0mHC6AfE=
20,4,5xRyj9qQ7fbQ2TEhllJUMNtbLuk=,qxvUSB+3CrmR2cGsnl/kdhcinpk=
21,3,5xRyj9qQ7fbQ2TEhllJUMNtbLuk=,J71JnE3JG6QaU1ljTR30/LqD+W0=
19,4,5xRyj9qQ7fbQ2TEhllJUMNtbLuk=,jIzDQYo8PPO2pfb/zcF6EW3pMgs=
22,4,5xRyj9qQ7fbQ2TEhllJUMNtbLuk=,DuxYOpk6LZXXn8vfArXiisd9i10=
22,3,5xRyj9qQ7fbQ2TEhllJUMNtbLuk=,Fwtw3i0FE9QB8XXWcD+JLuyjUF8=
24,3,5xRyj9qQ7fbQ2TEhllJUMNtbLuk=,2/oIUpwg26DQw6U3Ee19z13nurM=
17,9,5xRyj9qQ7fbQ2TEhllJUMNtbLuk=,/u/X90bxI6jzCeJQefnV0T1B+/U=
23,3,5xRyj9qQ7fbQ2TEhllJUMNtbLuk=,Fwtw3i0FE9QB8XXWcD+JLuyjUF8=
24,4,5xRyj9qQ7fbQ2TEhllJUMNtbLuk=,ARApAuZwdahgum7G3kiWf9D/Nyo=
23,4,5xRyj9qQ7fbQ2TEhllJUMNtbLuk=,DuxYOpk6LZXXn8vfArXiisd9i10=
21,4,5xRyj9qQ7fbQ2TEhllJUMNtbLuk=,qxvUSB+3CrmR2cGsnl/kdhcinpk=
23,2,5xRyj9qQ7fbQ2TEhllJUMNtbLuk=,Fwtw3i0FE9QB8XXWcD+JLuyjUF8=
24,2,5xRyj9qQ7fbQ2TEhllJUMNtbLuk=,2/oIUpwg26DQw6U3Ee19z13nurM=
21,7,5xRyj9qQ7fbQ2TEhllJUMNtbLuk=,BUn+v+UtA1YuZS1zScNgKbEKf80=
21,5,5xRyj9qQ7fbQ2TEhllJUMNtbLuk=,qxvUSB+3CrmR2cGsnl/kdhcinpk=
21,6,5xRyj9qQ7fbQ2TEhllJUMNtbLuk=,BUn+v+UtA1YuZS1zScNgKbEKf80=
22,6,5xRyj9qQ7fbQ2TEhllJUMNtbLuk=,/b1GLqal4rxnxgyTSGE9QH914Uc=
22,7,5xRyj9qQ7fbQ2TEhllJUMNtbLuk=,/b1GLqal4rxnxgyTSGE9QH914Uc=
22,8,5xRyj9qQ7fbQ2TEhllJUMNtbLuk=,nQA64LsjRcTEJqwJp6jX4GvdZvI=
24,1,5xRyj9qQ7fbQ2TEhllJUMNtbLuk=,8X0WQxC3suchOEZawLwsUSWvQkI=
21,8,5xRyj9qQ7fbQ2TEhllJUMNtbLuk=,WzIevUzEc5pEP6F/ZthHcIeBKmE=
23,1,5xRyj9qQ7fbQ2TEhllJUMNtbLuk=,viC3orAV9dBqhj0Joj0ldMCbVWY=
22,5,5xRyj9qQ7fbQ2TEhllJUMNtbLuk=,DuxYOpk6LZXXn8vfArXiisd9i10=
24,5,5xRyj9qQ7fbQ2TEhllJUMNtbLuk=,ARApAuZwdahgum7G3kiWf9D/Nyo=
23,6,5xRyj9qQ7fbQ2TEhllJUMNtbLuk=,/b1GLqal4rxnxgyTSGE9QH914Uc=
26,8,5xRyj9qQ7fbQ2TEhllJUMNtbLuk=,0oEoRNWuWUzvmAgJOcXn96iMWCU=
26,7,5xRyj9qQ7fbQ2TEhllJUMNtbLuk=,T0ku6Dac6Jc74JKKiXZvrIfcMak=
23,8,5xRyj9qQ7fbQ2TEhllJUMNtbLuk=,nQA64LsjRcTEJqwJp6jX4GvdZvI=
26,6,5xRyj9qQ7fbQ2TEhllJUMNtbLuk=,T0ku6Dac6Jc74JKKiXZvrIfcMak=
26,5,5xRyj9qQ7fbQ2TEhllJUMNtbLuk=,70u5zt1q/+QOKZ0RqFnX5kKhKwg=
25,5,5xRyj9qQ7fbQ2TEhllJUMNtbLuk=,ARApAuZwdahgum7G3kiWf9D/Nyo=
25,7,5xRyj9qQ7fbQ2TEhllJUMNtbLuk=,SvTPCxuZwCq0Ep3VEjUz87biUVU=
23,5,5xRyj9qQ7fbQ2TEhllJUMNtbLuk=,DuxYOpk6LZXXn8vfArXiisd9i10=
25,8,5xRyj9qQ7fbQ2TEhllJUMNtbLuk=,c3okbCvWNaBgzBY7EWTv0seLXiI=
24,8,5xRyj9qQ7fbQ2TEhllJUMNtbLuk=,c3okbCvWNaBgzBY7EWTv0seLXiI=
23,7,5xRyj9qQ7fbQ2TEhllJUMNtbLuk=,/b1GLqal4rxnxgyTSGE9QH914Uc=
25,2,5xRyj9qQ7fbQ2TEhllJUMNtbLuk=,2/oIUpwg26DQw6U3Ee19z13nurM=
28,3,5xRyj9qQ7fbQ2TEhllJUMNtbLuk=,sZizyjr09CZVLEDNC7iouLcOdO4=
27,4,5xRyj9qQ7fbQ2TEhllJUMNtbLuk=,70u5zt1q/+QOKZ0RqFnX5kKhKwg=
26,2,5xRyj9qQ7fbQ2TEhllJUMNtbLuk=,x1YBa1FnPUzaBaDc2vMMzcE/7a0=
26,1,5xRyj9qQ7fbQ2TEhllJUMNtbLuk=,7li+5tZ6VOSj71FnX2WARuwHcVI=
27,2,5xRyj9qQ7fbQ2TEhllJUMNtbLuk=,x1YBa1FnPUzaBaDc2vMMzcE/7a0=
27,1,5xRyj9qQ7fbQ2TEhllJUMNtbLuk=,7li+5tZ6VOSj71FnX2WARuwHcVI=
26,3,5xRyj9qQ7fbQ2TEhllJUMNtbLuk=,x1YBa1FnPUzaBaDc2vMMzcE/7a0=
25,3,5xRyj9qQ7fbQ2TEhllJUMNtbLuk=,2/oIUpwg26DQw6U3Ee19z13nurM=
26,4,5xRyj9qQ7fbQ2TEhllJUMNtbLuk=,70u5zt1q/+QOKZ0RqFnX5kKhKwg=
25,1,5xRyj9qQ7fbQ2TEhllJUMNtbLuk=,8X0WQxC3suchOEZawLwsUSWvQkI=
27,3,5xRyj9qQ7fbQ2TEhllJUMNtbLuk=,x1YBa1FnPUzaBaDc2vMMzcE/7a0=
31,5,5xRyj9qQ7fbQ2TEhllJUMNtbLuk=,Ns/a6la95eYsttTZAWaDMfwLYJ0=
31,8,5xRyj9qQ7fbQ2TEhllJUMNtbLuk=,4EovKc9Ts9E6xSiz2Z3dEhrBNRg=
31,10,5xRyj9qQ7fbQ2TEhllJUMNtbLuk=,8hsz5dNXU84G3320btI87L/mLlo=
31,9,5xRyj9qQ7fbQ2TEhllJUMNtbLuk=,4EovKc9Ts9E6xSiz2Z3dEhrBNRg=
28,1,5xRyj9qQ7fbQ2TEhllJUMNtbLuk=,oWtM6cQeyQtUhRRcR1sSvT4Mejk=
31,12,5xRyj9qQ7fbQ2TEhllJUMNtbLuk=,HsvLgXdy2MFC0qJ5g6IQR0xJI2o=
31,11,5xRyj9qQ7fbQ2TEhllJUMNtbLuk=,8hsz5dNXU84G3320btI87L/mLlo=
28,2,5xRyj9qQ7fbQ2TEhllJUMNtbLuk=,sZizyjr09CZVLEDNC7iouLcOdO4=
31,7,5xRyj9qQ7fbQ2TEhllJUMNtbLuk=,5bFC9XMdWy2CcT27jY/B1kbWMh4=
25,4,5xRyj9qQ7fbQ2TEhllJUMNtbLuk=,ARApAuZwdahgum7G3kiWf9D/Nyo=
28,4,5xRyj9qQ7fbQ2TEhllJUMNtbLuk=,pXtLA/LYPgJAWuv1sfrDhTNR6nE=
31,4,5xRyj9qQ7fbQ2TEhllJUMNtbLuk=,Ns/a6la95eYsttTZAWaDMfwLYJ0=
28,0,5xRyj9qQ7fbQ2TEhllJUMNtbLuk=,oWtM6cQeyQtUhRRcR1sSvT4Mejk=
31,3,5xRyj9qQ7fbQ2TEhllJUMNtbLuk=,MKtMsenDGXt0YYhcFPG1ZKWIJJk=
31,6,5xRyj9qQ7fbQ2TEhllJUMNtbLuk=,5bFC9XMdWy2CcT27jY/B1kbWMh4=
27,0,5xRyj9qQ7fbQ2TEhllJUMNtbLuk=,7li+5tZ6VOSj71FnX2WARuwHcVI=
30,15,5xRyj9qQ7fbQ2TEhllJUMNtbLuk=,+rmOb2wOEKFPXka5lxHj91FNOtY=
27,15,5xRyj9qQ7fbQ2TEhllJUMNtbLuk=,eyU/f99kJXwhDk4aJp7n1Cz8KiE=
28,15,5xRyj9qQ7fbQ2TEhllJUMNtbLuk=,e/wkb9pq/Vg2QE/jnFjWDKtyOEg=
24,6,5xRyj9qQ7fbQ2TEhllJUMNtbLuk=,SvTPCxuZwCq0Ep3VEjUz87biUVU=
29,15,5xRyj9qQ7fbQ2TEhllJUMNtbLuk=,e/wkb9pq/Vg2QE/jnFjWDKtyOEg=
25,15,5xRyj9qQ7fbQ2TEhllJUMNtbLuk=,sk4EnCRWxUzHRzOBWIa8lcspo1Q=
31,13,5xRyj9qQ7fbQ2TEhllJUMNtbLuk=,HsvLgXdy2MFC0qJ5g6IQR0xJI2o=
17,15,5xRyj9qQ7fbQ2TEhllJUMNtbLuk=,eZpw1ZBUCnWn6yzUQTsRC/sO894=
31,15,5xRyj9qQ7fbQ2TEhllJUMNtbLuk=,+rmOb2wOEKFPXka5lxHj91FNOtY=
19,15,5xRyj9qQ7fbQ2TEhllJUMNtbLuk=,CaFkK5TMAyzGaK1pdINYx0mtTKg=
20,15,5xRyj9qQ7fbQ2TEhllJUMNtbLuk=,WV+5j3dbjG6jcJVSZaKictxIcEY=
18,15,5xRyj9qQ7fbQ2TEhllJUMNtbLuk=,CaFkK5TMAyzGaK1pdINYx0mtTKg=
24,7,5xRyj9qQ7fbQ2TEhllJUMNtbLuk=,SvTPCxuZwCq0Ep3VEjUz87biUVU=
26,15,5xRyj9qQ7fbQ2TEhllJUMNtbLuk=,eyU/f99kJXwhDk4aJp7n1Cz8KiE=
31,14,5xRyj9qQ7fbQ2TEhllJUMNtbLuk=,+rmOb2wOEKFPXka5lxHj91FNOtY=
24,15,5xRyj9qQ7fbQ2TEhllJUMNtbLuk=,sk4EnCRWxUzHRzOBWIa8lcspo1Q=
25,6,5xRyj9qQ7fbQ2TEhllJUMNtbLuk=,SvTPCxuZwCq0Ep3VEjUz87biUVU=
23,15,5xRyj9qQ7fbQ2TEhllJUMNtbLuk=,Vg8IxG0f7thvWijYi1Emk9tbv1Q=
21,15,5xRyj9qQ7fbQ2TEhllJUMNtbLuk=,WV+5j3dbjG6jcJVSZaKictxIcEY=
22,15,5xRyj9qQ7fbQ2TEhllJUMNtbLuk=,Vg8IxG0f7thvWijYi1Emk9tbv1Q=
16,10,5xRyj9qQ7fbQ2TEhllJUMNtbLuk=,wAKpwE66samXdGEc4LuhZfY+Fls=
16,11,5xRyj9qQ7fbQ2TEhllJUMNtbLuk=,wAKpwE66samXdGEc4LuhZfY+Fls=
30,2,5xRyj9qQ7fbQ2TEhllJUMNtbLuk=,MKtMsenDGXt0YYhcFPG1ZKWIJJk=
16,9,5xRyj9qQ7fbQ2TEhllJUMNtbLuk=,/u/X90bxI6jzCeJQefnV0T1B+/U=
16,12,5xRyj9qQ7fbQ2TEhllJUMNtbLuk=,/LUTVsNw4siTkPKve5cRh4XZgSc=
16,15,5xRyj9qQ7fbQ2TEhllJUMNtbLuk=,eZpw1ZBUCnWn6yzUQTsRC/sO894=
16,14,5xRyj9qQ7fbQ2TEhllJUMNtbLuk=,eZpw1ZBUCnWn6yzUQTsRC/sO894=
16,13,5xRyj9qQ7fbQ2TEhllJUMNtbLuk=,/LUTVsNw4siTkPKve5cRh4XZgSc=
31,2,5xRyj9qQ7fbQ2TEhllJUMNtbLuk=,MKtMsenDGXt0YYhcFPG1ZKWIJJk=
29,1,5xRyj9qQ7fbQ2TEhllJUMNtbLuk=,oWtM6cQeyQtUhRRcR1sSvT4Mejk=
24,0,5xRyj9qQ7fbQ2TEhllJUMNtbLuk=,8X0WQxC3suchOEZawLwsUSWvQkI=
29,0,5xRyj9qQ7fbQ2TEhllJUMNtbLuk=,oWtM6cQeyQtUhRRcR1sSvT4Mejk=
25,0,5xRyj9qQ7fbQ2TEhllJUMNtbLuk=,8X0WQxC3suchOEZawLwsUSWvQkI=
26,0,5xRyj9qQ7fbQ2TEhllJUMNtbLuk=,7li+5tZ6VOSj71FnX2WARuwHcVI=
29,2,5xRyj9qQ7fbQ2TEhllJUMNtbLuk=,sZizyjr09CZVLEDNC7iouLcOdO4=
23,0,5xRyj9qQ7fbQ2TEhllJUMNtbLuk=,viC3orAV9dBqhj0Joj0ldMCbVWY=
17,8,5xRyj9qQ7fbQ2TEhllJUMNtbLuk=,/u/X90bxI6jzCeJQefnV0T1B+/U=
30,0,5xRyj9qQ7fbQ2TEhllJUMNtbLuk=,l52YTMxIh+8hpWZ5cSddDp4rBB0=
16,8,5xRyj9qQ7fbQ2TEhllJUMNtbLuk=,/u/X90bxI6jzCeJQefnV0T1B+/U=
18,8,5xRyj9qQ7fbQ2TEhllJUMNtbLuk=,zaDk4u7XqtHyuKXgh/3W2j+Ktco=
30,1,5xRyj9qQ7fbQ2TEhllJUMNtbLuk=,l52YTMxIh+8hpWZ5cSddDp4rBB0=
25,9,5xRyj9qQ7fbQ2TEhllJUMNtbLuk=,c3okbCvWNaBgzBY7EWTv0seLXiI=
18,7,5xRyj9qQ7fbQ2TEhllJUMNtbLuk=,RFLy3myB36UyMr/DZ2NzBDf9LI8=
26,12,5xRyj9qQ7fbQ2TEhllJUMNtbLuk=,BJNE2yHsfsPlWRI/z+oG3qAu8cY=
28,9,5xRyj9qQ7fbQ2TEhllJUMNtbLuk=,HYsvO9A4D/cwXajwLR9Lhc8YO2Q=
25,12,5xRyj9qQ7fbQ2TEhllJUMNtbLuk=,4aINDWEYqLlxdSix2F+2LZWxuoY=
25,10,5xRyj9qQ7fbQ2TEhllJUMNtbLuk=,1oIwFD6Y8HaP7vl6zxpG/6POIF0=
16,7,5xRyj9qQ7fbQ2TEhllJUMNtbLuk=,JLQRCIs7TjbPGs59sj/Dti5e0LY=
28,12,5xRyj9qQ7fbQ2TEhllJUMNtbLuk=,0utuTU/zgy0pDYbMI0r7CofG+20=
26,9,5xRyj9qQ7fbQ2TEhllJUMNtbLuk=,0oEoRNWuWUzvmAgJOcXn96iMWCU=
31,1,5xRyj9qQ7fbQ2TEhllJUMNtbLuk=,l52YTMxIh+8hpWZ5cSddDp4rBB0=
18,3,5xRyj9qQ7fbQ2TEhllJUMNtbLuk=,9TFIez4DO6qyS38Z40C0mHC6AfE=
27,9,5xRyj9qQ7fbQ2TEhllJUMNtbLuk=,0oEoRNWuWUzvmAgJOcXn96iMWCU=
25,11,5xRyj9qQ7fbQ2TEhllJUMNtbLuk=,1oIwFD6Y8HaP7vl6zxpG/6POIF0=
27,12,5xRyj9qQ7fbQ2TEhllJUMNtbLuk=,BJNE2yHsfsPlWRI/z+oG3qAu8cY=
26,10,5xRyj9qQ7fbQ2TEhllJUMNtbLuk=,/njT1MIIdNFTd46BHhRNKatSrO8=
27,10,5xRyj9qQ7fbQ2TEhllJUMNtbLuk=,/njT1MIIdNFTd46BHhRNKatSrO8=
28,10,5xRyj9qQ7fbQ2TEhllJUMNtbLuk=,9dXEXbGMo6By/PdKYcv/QybgOxY=
31,0,5xRyj9qQ7fbQ2TEhllJUMNtbLuk=,l52YTMxIh+8hpWZ5cSddDp4rBB0=
17,7,5xRyj9qQ7fbQ2TEhllJUMNtbLuk=,JLQRCIs7TjbPGs59sj/Dti5e0LY=
28,11,5xRyj9qQ7fbQ2TEhllJUMNtbLuk=,9dXEXbGMo6By/PdKYcv/QybgOxY=
27,11,5xRyj9qQ7fbQ2TEhllJUMNtbLuk=,/njT1MIIdNFTd46BHhRNKatSrO8=
26,11,5xRyj9qQ7fbQ2TEhllJUMNtbLuk=,/njT1MIIdNFTd46BHhRNKatSrO8=
18,6,5xRyj9qQ7fbQ2TEhllJUMNtbLuk=,RFLy3myB36UyMr/DZ2NzBDf9LI8=
18,4,5xRyj9qQ7fbQ2TEhllJUMNtbLuk=,jIzDQYo8PPO2pfb/zcF6EW3pMgs=
18,5,5xRyj9qQ7fbQ2TEhllJUMNtbLuk=,jIzDQYo8PPO2pfb/zcF6EW3pMgs=
17,3,5xRyj9qQ7fbQ2TEhllJUMNtbLuk=,wR8ObCco1L6X+oS4nqDgYSfwdqo=
17,6,5xRyj9qQ7fbQ2TEhllJUMNtbLuk=,JLQRCIs7TjbPGs59sj/Dti5e0LY=
17,2,5xRyj9qQ7fbQ2TEhllJUMNtbLuk=,wR8ObCco1L6X+oS4nqDgYSfwdqo=
18,2,5xRyj9qQ7fbQ2TEhllJUMNtbLuk=,9TFIez4DO6qyS38Z40C0mHC6AfE=
16,2,5xRyj9qQ7fbQ2TEhllJUMNtbLuk=,wR8ObCco1L6X+oS4nqDgYSfwdqo=
17,4,5xRyj9qQ7fbQ2TEhllJUMNtbLuk=,HzDg8VvMcBrTtGLMp8KUyqfvq0s=
16,4,5xRyj9qQ7fbQ2TEhllJUMNtbLuk=,HzDg8VvMcBrTtGLMp8KUyqfvq0s=
16,3,5xRyj9qQ7fbQ2TEhllJUMNtbLuk=,wR8ObCco1L6X+oS4nqDgYSfwdqo=
16,6,5xRyj9qQ7fbQ2TEhllJUMNtbLuk=,JLQRCIs7TjbPGs59sj/Dti5e0LY=
17,5,5xRyj9qQ7fbQ2TEhllJUMNtbLuk=,HzDg8VvMcBrTtGLMp8KUyqfvq0s=
16,5,5xRyj9qQ7fbQ2TEhllJUMNtbLuk=,HzDg8VvMcBrTtGLMp8KUyqfvq0s=
22,0,5xRyj9qQ7fbQ2TEhllJUMNtbLuk=,viC3orAV9dBqhj0Joj0ldMCbVWY=
18,0,5xRyj9qQ7fbQ2TEhllJUMNtbLuk=,FwxUjZiwAc/SdPnjF65TgwM7QVE=
18,1,5xRyj9qQ7fbQ2TEhllJUMNtbLuk=,FwxUjZiwAc/SdPnjF65TgwM7QVE=
22,2,5xRyj9qQ7fbQ2TEhllJUMNtbLuk=,Fwtw3i0FE9QB8XXWcD+JLuyjUF8=
22,1,5xRyj9qQ7fbQ2TEhllJUMNtbLuk=,viC3orAV9dBqhj0Joj0ldMCbVWY=
19,2,5xRyj9qQ7fbQ2TEhllJUMNtbLuk=,9TFIez4DO6qyS38Z40C0mHC6AfE=
19,1,5xRyj9qQ7fbQ2TEhllJUMNtbLuk=,FwxUjZiwAc/SdPnjF65TgwM7QVE=
19,0,5xRyj9qQ7fbQ2TEhllJUMNtbLuk=,FwxUjZiwAc/SdPnjF65TgwM7QVE=
20,1,5xRyj9qQ7fbQ2TEhllJUMNtbLuk=,kAg+nKRqdINd683KTfiD8fa6GyU=
17,1,5xRyj9qQ7fbQ2TEhllJUMNtbLuk=,HMsl2giD7/D6RuY+lagDxlKlHw8=
21,2,5xRyj9qQ7fbQ2TEhllJUMNtbLuk=,J71JnE3JG6QaU1ljTR30/LqD+W0=
20,2,5xRyj9qQ7fbQ2TEhllJUMNtbLuk=,J71JnE3JG6QaU1ljTR30/LqD+W0=
21,0,5xRyj9qQ7fbQ2TEhllJUMNtbLuk=,kAg+nKRqdINd683KTfiD8fa6GyU=
16,0,5xRyj9qQ7fbQ2TEhllJUMNtbLuk=,HMsl2giD7/D6RuY+lagDxlKlHw8=
17,0,5xRyj9qQ7fbQ2TEhllJUMNtbLuk=,HMsl2giD7/D6RuY+lagDxlKlHw8=
16,1,5xRyj9qQ7fbQ2TEhllJUMNtbLuk=,HMsl2giD7/D6RuY+lagDxlKlHw8=
21,1,5xRyj9qQ7fbQ2TEhllJUMNtbLuk=,kAg+nKRqdINd683KTfiD8fa6GyU=
20,0,5xRyj9qQ7fbQ2TEhllJUMNtbLuk=,kAg+nKRqdINd683KTfiD8fa6GyU=
