-1,-1,k80156Vkv6vXP7MTmrCxDrxR5lg=,2B+iSSmEqYVHrIyU4mwNaySvF5o=
-1,-2,k80156Vkv6vXP7MTmrCxDrxR5lg=,2B+iSSmEqYVHrIyU4mwNaySvF5o=
-1,-3,k80156Vkv6vXP7MTmrCxDrxR5lg=,2B+iSSmEqYVHrIyU4mwNaySvF5o=
-1,-4,k80156Vkv6vXP7MTmrCxDrxR5lg=,1OaLXpqI09AmYMs8LnfSQpP4JsY=
-1,-5,k80156Vkv6vXP7MTmrCxDrxR5lg=,I18dExtcFpeRPMYpGivcyBjoVCM=
-1,-6,k80156Vkv6vXP7MTmrCxDrxR5lg=,RoFnD78MMgi7Stf+AVhTWmOzeBc=
-1,-7,qgcWKTNmdjYGYedlqBtj5vX25NE=,2B+iSSmEqYVHrIyU4mwNaySvF5o=
-1,-8,qgcWKTNmdjYGYedlqBtj5vX25NE=,2B+iSSmEqYVHrIyU4mwNaySvF5o=
-1,-9,qgcWKTNmdjYGYedlqBtj5vX25NE=,5SToDp30v6SHOJ1wT2GmJxt628I=
-1,-10,qgcWKTNmdjYGYedlqBtj5vX25NE=,5SToDp30v6SHOJ1wT2GmJxt628I=
-1,-11,qgcWKTNmdjYGYedlqBtj5vX25NE=,5SToDp30v6SHOJ1wT2GmJxt628I=
-1,-12,qgcWKTNmdjYGYedlqBtj5vX25NE=,5SToDp30v6SHOJ1wT2GmJxt628I=
-1,-13,qgcWKTNmdjYGYedlqBtj5vX25NE=,5SToDp30v6SHOJ1wT2GmJxt628I=
-1,-14,qgcWKTNmdjYGYedlqBtj5vX25NE=,5SToDp30v6SHOJ1wT2GmJxt628I=
-1,-15,qgcWKTNmdjYGYedlqBtj5vX25NE=,5SToDp30v6SHOJ1wT2GmJxt628I=
-1,-16,qgcWKTNmdjYGYedlqBtj5vX25NE=,5SToDp30v6SHOJ1wT2GmJxt628I=
-1,-17,qgcWKTNmdjYGYedlqBtj5vX25NE=,qOfhWftElLQNlAeiVSAnTFshb9w=
-2,-2,qgcWKTNmdjYGYedlqBtj5vX25NE=,2B+iSSmEqYVHrIyU4mwNaySvF5o=
-2,-1,qgcWKTNmdjYGYedlqBtj5vX25NE=,2B+iSSmEqYVHrIyU4mwNaySvF5o=
-2,-4,qgcWKTNmdjYGYedlqBtj5vX25NE=,T2R16kXnQMSah6E3vri4FVKZq3Q=
-2,-3,I6Ltig2NZbmwapRYaKXYQlrkJn8=,2B+iSSmEqYVHrIyU4mwNaySvF5o=
-2,-6,I6Ltig2NZbmwapRYaKXYQlrkJn8=,nasN9xq0uwj9zyXfqS8MO6oy6Y8=
-2,-5,I6Ltig2NZbmwapRYaKXYQlrkJn8=,vVYz9k8A3WpjzM/wxAHQqbfcdro=
-2,-8,I6Ltig2NZbmwapRYaKXYQlrkJn8=,2B+iSSmEqYVHrIyU4mwNaySvF5o=
-2,-7,I6Ltig2NZbmwapRYaKXYQlrkJn8=,2B+iSSmEqYVHrIyU4mwNaySvF5o=
-2,-10,I6Ltig2NZbmwapRYaKXYQlrkJn8=,5SToDp30v6SHOJ1wT2GmJxt628I=
-2,-9,I6Ltig2NZbmwapRYaKXYQlrkJn8=,5SToDp30v6SHOJ1wT2GmJxt628I=
-2,-12,I6Ltig2NZbmwapRYaKXYQlrkJn8=,5SToDp30v6SHOJ1wT2GmJxt628I=
-2,-11,I6Ltig2NZbmwapRYaKXYQlrkJn8=,5SToDp30v6SHOJ1wT2GmJxt628I=
-2,-14,I6Ltig2NZbmwapRYaKXYQlrkJn8=,5SToDp30v6SHOJ1wT2GmJxt628I=
-2,-13,I6Ltig2NZbmwapRYaKXYQlrkJn8=,5SToDp30v6SHOJ1wT2GmJxt628I=
-2,-16,I6Ltig2NZbmwapRYaKXYQlrkJn8=,5SToDp30v6SHOJ1wT2GmJxt628I=
-2,-15,I6Ltig2NZbmwapRYaKXYQlrkJn8=,5SToDp30v6SHOJ1wT2GmJxt628I=
-2,-17,I6Ltig2NZbmwapRYaKXYQlrkJn8=,qOfhWftElLQNlAeiVSAnTFshb9w=
-3,-3,I6Ltig2NZbmwapRYaKXYQlrkJn8=,2B+iSSmEqYVHrIyU4mwNaySvF5o=
-3,-4,I6Ltig2NZbmwapRYaKXYQlrkJn8=,2B+iSSmEqYVHrIyU4mwNaySvF5o=
-3,-1,I6Ltig2NZbmwapRYaKXYQlrkJn8=,2B+iSSmEqYVHrIyU4mwNaySvF5o=
-3,-2,I6Ltig2NZbmwapRYaKXYQlrkJn8=,2B+iSSmEqYVHrIyU4mwNaySvF5o=
-3,-7,2KV1stOtTR57Ckx44PONnDO8guA=,2B+iSSmEqYVHrIyU4mwNaySvF5o=
-3,-8,2KV1stOtTR57Ckx44PONnDO8guA=,2B+iSSmEqYVHrIyU4mwNaySvF5o=
-3,-5,2KV1stOtTR57Ckx44PONnDO8guA=,GK0YkunjQDVB9Y31GycGYyJF3Dc=
-3,-6,2KV1stOtTR57Ckx44PONnDO8guA=,nasN9xq0uwj9zyXfqS8MO6oy6Y8=
-3,-11,2KV1stOtTR57Ckx44PONnDO8guA=,5SToDp30v6SHOJ1wT2GmJxt628I=
-3,-12,2KV1stOtTR57Ckx44PONnDO8guA=,zVyweLZ0OKTdO98bVWbqT7ykWxw=
-3,-9,2KV1stOtTR57Ckx44PONnDO8guA=,5SToDp30v6SHOJ1wT2GmJxt628I=
-3,-10,2KV1stOtTR57Ckx44PONnDO8guA=,5SToDp30v6SHOJ1wT2GmJxt628I=
-3,-15,2KV1stOtTR57Ckx44PONnDO8guA=,5SToDp30v6SHOJ1wT2GmJxt628I=
-3,-16,2KV1stOtTR57Ckx44PONnDO8guA=,5SToDp30v6SHOJ1wT2GmJxt628I=
-3,-13,2KV1stOtTR57Ckx44PONnDO8guA=,5SToDp30v6SHOJ1wT2GmJxt628I=
-3,-14,2KV1stOtTR57Ckx44PONnDO8guA=,5SToDp30v6SHOJ1wT2GmJxt628I=
-3,-17,2KV1stOtTR57Ckx44PONnDO8guA=,qOfhWftElLQNlAeiVSAnTFshb9w=
-4,-4,2KV1stOtTR57Ckx44PONnDO8guA=,2B+iSSmEqYVHrIyU4mwNaySvF5o=
-4,-3,2KV1stOtTR57Ckx44PONnDO8guA=,2B+iSSmEqYVHrIyU4mwNaySvF5o=
-4,-2,2KV1stOtTR57Ckx44PONnDO8guA=,2B+iSSmEqYVHrIyU4mwNaySvF5o=
-4,-1,xbpRTwXglUXFTkIfxohVB+Yye90=,2B+iSSmEqYVHrIyU4mwNaySvF5o=
-4,-8,xbpRTwXglUXFTkIfxohVB+Yye90=,sBJJVBUjSeUoktbdCtblq9oG1D8=
-4,-7,xbpRTwXglUXFTkIfxohVB+Yye90=,TjSIYhQ/iXuGpc9MCO1/tlpz9Js=
-4,-6,xbpRTwXglUXFTkIfxohVB+Yye90=,vkX7UAvtjYZM6cqVKNbaeX9ghPY=
-4,-5,xbpRTwXglUXFTkIfxohVB+Yye90=,GK0YkunjQDVB9Y31GycGYyJF3Dc=
-4,-12,xbpRTwXglUXFTkIfxohVB+Yye90=,BQIpyUuDRhV8Ii5aV/fSFcGbW5Y=
-4,-11,xbpRTwXglUXFTkIfxohVB+Yye90=,xmPCLZcdgaWGOlG4falpqwQsZlk=
-4,-10,xbpRTwXglUXFTkIfxohVB+Yye90=,5SToDp30v6SHOJ1wT2GmJxt628I=
-4,-9,xbpRTwXglUXFTkIfxohVB+Yye90=,5SToDp30v6SHOJ1wT2GmJxt628I=
-4,-16,xbpRTwXglUXFTkIfxohVB+Yye90=,5SToDp30v6SHOJ1wT2GmJxt628I=
-4,-15,xbpRTwXglUXFTkIfxohVB+Yye90=,5SToDp30v6SHOJ1wT2GmJxt628I=
-4,-14,xbpRTwXglUXFTkIfxohVB+Yye90=,5SToDp30v6SHOJ1wT2GmJxt628I=
-4,-13,xbpRTwXglUXFTkIfxohVB+Yye90=,gzKKKrv82w/jh7RKSpHSNdAnXa4=
-4,-17,xbpRTwXglUXFTkIfxohVB+Yye90=,qOfhWftElLQNlAeiVSAnTFshb9w=
-5,-5,xbpRTwXglUXFTkIfxohVB+Yye90=,bObT1fsZDV7KWE+hEqKEbYsde+M=
-5,-6,xbpRTwXglUXFTkIfxohVB+Yye90=,SzI37SJWrDR52mPPwxB/1UNeF8U=
-5,-7,xbpRTwXglUXFTkIfxohVB+Yye90=,SenB6RVhERWYW+k3RW/14AfNyAo=
-5,-8,LFaRWBbhaq6pKYgHz1OdGYygGKQ=,EulzFjMJdp1Pp61/qpzAJbRutk8=
-5,-1,LFaRWBbhaq6pKYgHz1OdGYygGKQ=,rB7aDjv16VOkhYyJPsYlLWR+JSU=
-5,-2,LFaRWBbhaq6pKYgHz1OdGYygGKQ=,gPLdWeWuKm8ebJhQfq0XSDyp8sY=
-5,-3,LFaRWBbhaq6pKYgHz1OdGYygGKQ=,1Wv1Quf3Q7xhKrGNV0pPzlcPoTU=
-5,-4,LFaRWBbhaq6pKYgHz1OdGYygGKQ=,2B+iSSmEqYVHrIyU4mwNaySvF5o=
-5,-13,LFaRWBbhaq6pKYgHz1OdGYygGKQ=,UQiw8Dvsi8BO8Nmoa/7IP5CwyrU=
-5,-14,LFaRWBbhaq6pKYgHz1OdGYygGKQ=,5SToDp30v6SHOJ1wT2GmJxt628I=
-5,-15,LFaRWBbhaq6pKYgHz1OdGYygGKQ=,5SToDp30v6SHOJ1wT2GmJxt628I=
-5,-16,LFaRWBbhaq6pKYgHz1OdGYygGKQ=,5SToDp30v6SHOJ1wT2GmJxt628I=
-5,-9,LFaRWBbhaq6pKYgHz1OdGYygGKQ=,5SToDp30v6SHOJ1wT2GmJxt628I=
-5,-10,LFaRWBbhaq6pKYgHz1OdGYygGKQ=,5SToDp30v6SHOJ1wT2GmJxt628I=
-5,-11,LFaRWBbhaq6pKYgHz1OdGYygGKQ=,LFTpbNFQ6UBmMLQHzPStoBC5Vd0=
-5,-12,LFaRWBbhaq6pKYgHz1OdGYygGKQ=,Y6lGD5dAAv0Fgz69IQQgdtAnpWE=
-5,-17,LFaRWBbhaq6pKYgHz1OdGYygGKQ=,qOfhWftElLQNlAeiVSAnTFshb9w=
-6,-6,BAbI8/QCNNVsA/rZlNR9Jc8b6cE=,4ReFsz6NDdc5tSPQ2LvICViHqCM=
-6,-5,BAbI8/QCNNVsA/rZlNR9Jc8b6cE=,QYmcvITm0CAg4M/6+XlYRaT92iY=
-6,-8,BAbI8/QCNNVsA/rZlNR9Jc8b6cE=,EulzFjMJdp1Pp61/qpzAJbRutk8=
-6,-7,BAbI8/QCNNVsA/rZlNR9Jc8b6cE=,4ReFsz6NDdc5tSPQ2LvICViHqCM=
-6,-2,BAbI8/QCNNVsA/rZlNR9Jc8b6cE=,DQwK+pcDOO08qH10qzeFwUStPrM=
-6,-1,BAbI8/QCNNVsA/rZlNR9Jc8b6cE=,ZuBxSO4JWv/dtx3yyHI0CFkKlqw=
-6,-4,BAbI8/QCNNVsA/rZlNR9Jc8b6cE=,7e5Xd5ncUgyCu6yir/THomY/MYg=
-6,-3,BAbI8/QCNNVsA/rZlNR9Jc8b6cE=,wZUcjWUfUCG4566jx98gvhtGca4=
-6,-14,BAbI8/QCNNVsA/rZlNR9Jc8b6cE=,4XRqGnFqecqI6W3JbXBoAWrQGEQ=
-6,-13,BAbI8/QCNNVsA/rZlNR9Jc8b6cE=,75FMRnENj8yQZcXqy/Nt7j6K1Do=
-6,-16,BAbI8/QCNNVsA/rZlNR9Jc8b6cE=,WjJN+Y4hzOLC3HJBwvsBYTEGwgQ=
-6,-15,BAbI8/QCNNVsA/rZlNR9Jc8b6cE=,4XRqGnFqecqI6W3JbXBoAWrQGEQ=
-6,-10,BAbI8/QCNNVsA/rZlNR9Jc8b6cE=,5SToDp30v6SHOJ1wT2GmJxt628I=
-6,-9,BAbI8/QCNNVsA/rZlNR9Jc8b6cE=,5SToDp30v6SHOJ1wT2GmJxt628I=
-6,-12,BAbI8/QCNNVsA/rZlNR9Jc8b6cE=,3pcjyXgOl08DO3Wib+B4Y29xwE8=
-6,-11,BAbI8/QCNNVsA/rZlNR9Jc8b6cE=,5SToDp30v6SHOJ1wT2GmJxt628I=
-6,-17,BAbI8/QCNNVsA/rZlNR9Jc8b6cE=,qOfhWftElLQNlAeiVSAnTFshb9w=
-7,-7,8ydXFKTftG37ZIxd4xOU0MJHE8g=,SenB6RVhERWYW+k3RW/14AfNyAo=
-7,-8,8ydXFKTftG37ZIxd4xOU0MJHE8g=,EulzFjMJdp1Pp61/qpzAJbRutk8=
-7,-5,8ydXFKTftG37ZIxd4xOU0MJHE8g=,WBVCmC5xlE9T6fRdqn7iHjMJQFI=
-7,-6,8ydXFKTftG37ZIxd4xOU0MJHE8g=,5KgWlrsKXnR1elxbgAd/313pOrI=
-7,-3,8ydXFKTftG37ZIxd4xOU0MJHE8g=,FaE1VIWoMjb9EqyqaqKLxhE4FYA=
-7,-4,8ydXFKTftG37ZIxd4xOU0MJHE8g=,WBVCmC5xlE9T6fRdqn7iHjMJQFI=
-7,-1,8ydXFKTftG37ZIxd4xOU0MJHE8g=,eebqYgQj6XC4vwa+zWCah3C2tnY=
-7,-2,8ydXFKTftG37ZIxd4xOU0MJHE8g=,Ushoky3VHfalgpN5VVeHtRBCNa4=
-7,-15,8ydXFKTftG37ZIxd4xOU0MJHE8g=,nNmQ7yUHsjXKSKyckq3wWBddj1s=
-7,-16,8ydXFKTftG37ZIxd4xOU0MJHE8g=,YgEmKeEffGiEV6uTq1WJ1V++NhQ=
-7,-13,8ydXFKTftG37ZIxd4xOU0MJHE8g=,D9TSMngHHPFHG6pZgOj6Qe5z2Qo=
-7,-14,8ydXFKTftG37ZIxd4xOU0MJHE8g=,nEPJLdwqDWkJTui1SffaJQKW5ho=
-7,-11,8ydXFKTftG37ZIxd4xOU0MJHE8g=,Xw02ornKxJPighDvGZlvru53Sbk=
-7,-12,8ydXFKTftG37ZIxd4xOU0MJHE8g=,ah6Wlp7Lc7ivdJAQZD3oyJHTNeM=
-7,-9,8ydXFKTftG37ZIxd4xOU0MJHE8g=,i93vmwoFAfv2RA2f3jGvd7gMl04=
-7,-10,NR+7EONVPTDMcp/hW2qXWEbTrJs=,Xw02ornKxJPighDvGZlvru53Sbk=
-7,-17,NR+7EONVPTDMcp/hW2qXWEbTrJs=,qOfhWftElLQNlAeiVSAnTFshb9w=
-8,-8,NR+7EONVPTDMcp/hW2qXWEbTrJs=,nslb/BQ2e12YF7mQEMBlF1cXMfU=
-8,-7,NR+7EONVPTDMcp/hW2qXWEbTrJs=,3BzaxRzZE9kDwlvp7qxhSPpr0yY=
-8,-6,NR+7EONVPTDMcp/hW2qXWEbTrJs=,rp8TDdhd4oI1vw4cnJK4ejJR0dc=
-8,-5,NR+7EONVPTDMcp/hW2qXWEbTrJs=,uKv7IQVIOI0qtRm8Cf4tHjGuRIY=
-8,-4,NR+7EONVPTDMcp/hW2qXWEbTrJs=,uKv7IQVIOI0qtRm8Cf4tHjGuRIY=
-8,-3,NR+7EONVPTDMcp/hW2qXWEbTrJs=,uKv7IQVIOI0qtRm8Cf4tHjGuRIY=
-8,-2,NR+7EONVPTDMcp/hW2qXWEbTrJs=,8/BfXbk2SuVi0gaTqwT5akJ6I2Q=
-8,-1,NR+7EONVPTDMcp/hW2qXWEbTrJs=,2B+iSSmEqYVHrIyU4mwNaySvF5o=
-8,-16,NR+7EONVPTDMcp/hW2qXWEbTrJs=,BBuJGFjyYAqWBLVPUY/5EuDm8js=
-8,-15,NR+7EONVPTDMcp/hW2qXWEbTrJs=,kJYUxKiozfreDDEcFj2xmBRpqfE=
-8,-14,NR+7EONVPTDMcp/hW2qXWEbTrJs=,uILmHMTNihV8F73sFBKLhg8L+9w=
-8,-13,bm5Uoye4DM5pPPs1Jzuz1jZW2FA=,EOuwoVIQLfIzdCNhTaBxWehZg2k=
-8,-12,bm5Uoye4DM5pPPs1Jzuz1jZW2FA=,nZXOcaR8S+PGd+IAtRraHlyQWWI=
-8,-11,bm5Uoye4DM5pPPs1Jzuz1jZW2FA=,nZXOcaR8S+PGd+IAtRraHlyQWWI=
-8,-10,bm5Uoye4DM5pPPs1Jzuz1jZW2FA=,3oUbqV7Z0DBNyWyNxYi/jCPZu60=
-8,-9,bm5Uoye4DM5pPPs1Jzuz1jZW2FA=,2JNkjzu4zJNxUdCZ5CYTz0ZYTuM=
-8,-17,bm5Uoye4DM5pPPs1Jzuz1jZW2FA=,qOfhWftElLQNlAeiVSAnTFshb9w=
-9,-9,bm5Uoye4DM5pPPs1Jzuz1jZW2FA=,tsWMtjGXpTCh8SN5m/i6Onh1qB4=
-9,-10,bm5Uoye4DM5pPPs1Jzuz1jZW2FA=,tsWMtjGXpTCh8SN5m/i6Onh1qB4=
-9,-11,bm5Uoye4DM5pPPs1Jzuz1jZW2FA=,tsWMtjGXpTCh8SN5m/i6Onh1qB4=
-9,-12,bm5Uoye4DM5pPPs1Jzuz1jZW2FA=,tsWMtjGXpTCh8SN5m/i6Onh1qB4=
-9,-13,bm5Uoye4DM5pPPs1Jzuz1jZW2FA=,tsWMtjGXpTCh8SN5m/i6Onh1qB4=
-9,-14,bm5Uoye4DM5pPPs1Jzuz1jZW2FA=,tsWMtjGXpTCh8SN5m/i6Onh1qB4=
-9,-15,bm5Uoye4DM5pPPs1Jzuz1jZW2FA=,tsWMtjGXpTCh8SN5m/i6Onh1qB4=
-9,-16,bm5Uoye4DM5pPPs1Jzuz1jZW2FA=,tsWMtjGXpTCh8SN5m/i6Onh1qB4=
-9,-1,bm5Uoye4DM5pPPs1Jzuz1jZW2FA=,BKyVOaqROrEen3DB05N4s8pNomY=
-9,-2,bm5Uoye4DM5pPPs1Jzuz1jZW2FA=,BKyVOaqROrEen3DB05N4s8pNomY=
-9,-3,bm5Uoye4DM5pPPs1Jzuz1jZW2FA=,BKyVOaqROrEen3DB05N4s8pNomY=
-9,-4,bm5Uoye4DM5pPPs1Jzuz1jZW2FA=,BKyVOaqROrEen3DB05N4s8pNomY=
-9,-5,BRqNGvvwebxoD5HTLhJinb3nmjo=,BKyVOaqROrEen3DB05N4s8pNomY=
-9,-6,BRqNGvvwebxoD5HTLhJinb3nmjo=,BKyVOaqROrEen3DB05N4s8pNomY=
-9,-7,BRqNGvvwebxoD5HTLhJinb3nmjo=,TTcx0DCW5YN3WrXmTCvW6rIyy9M=
-9,-8,BRqNGvvwebxoD5HTLhJinb3nmjo=,URsGsOFPWrkLPpTURMwF9WC5Qxs=
-9,-17,BRqNGvvwebxoD5HTLhJinb3nmjo=,5tZBo0ZMglWfUxqmYfc0mcb0hoQ=
-10,-10,BRqNGvvwebxoD5HTLhJinb3nmjo=,tsWMtjGXpTCh8SN5m/i6Onh1qB4=
-10,-9,BRqNGvvwebxoD5HTLhJinb3nmjo=,tsWMtjGXpTCh8SN5m/i6Onh1qB4=
-10,-12,BRqNGvvwebxoD5HTLhJinb3nmjo=,tsWMtjGXpTCh8SN5m/i6Onh1qB4=
-10,-11,BRqNGvvwebxoD5HTLhJinb3nmjo=,tsWMtjGXpTCh8SN5m/i6Onh1qB4=
-10,-14,BRqNGvvwebxoD5HTLhJinb3nmjo=,tsWMtjGXpTCh8SN5m/i6Onh1qB4=
-10,-13,BRqNGvvwebxoD5HTLhJinb3nmjo=,tsWMtjGXpTCh8SN5m/i6Onh1qB4=
-10,-16,BRqNGvvwebxoD5HTLhJinb3nmjo=,tsWMtjGXpTCh8SN5m/i6Onh1qB4=
-10,-15,BRqNGvvwebxoD5HTLhJinb3nmjo=,tsWMtjGXpTCh8SN5m/i6Onh1qB4=
-10,-2,BRqNGvvwebxoD5HTLhJinb3nmjo=,BKyVOaqROrEen3DB05N4s8pNomY=
-10,-1,BRqNGvvwebxoD5HTLhJinb3nmjo=,BKyVOaqROrEen3DB05N4s8pNomY=
-10,-4,BRqNGvvwebxoD5HTLhJinb3nmjo=,BKyVOaqROrEen3DB05N4s8pNomY=
-10,-3,BRqNGvvwebxoD5HTLhJinb3nmjo=,BKyVOaqROrEen3DB05N4s8pNomY=
-10,-6,b4bPfEhbEAAtPVgbzWvblOIDUXg=,BKyVOaqROrEen3DB05N4s8pNomY=
-10,-5,b4bPfEhbEAAtPVgbzWvblOIDUXg=,BKyVOaqROrEen3DB05N4s8pNomY=
-10,-8,b4bPfEhbEAAtPVgbzWvblOIDUXg=,5VP6jM+M+fy5Xs4k400UOUy4pio=
-10,-7,b4bPfEhbEAAtPVgbzWvblOIDUXg=,PTQZi3vtjnFz72mndFevYATRGZs=
-10,-17,b4bPfEhbEAAtPVgbzWvblOIDUXg=,5tZBo0ZMglWfUxqmYfc0mcb0hoQ=
-11,-11,b4bPfEhbEAAtPVgbzWvblOIDUXg=,tsWMtjGXpTCh8SN5m/i6Onh1qB4=
-11,-12,b4bPfEhbEAAtPVgbzWvblOIDUXg=,kSLzh+MDcJ4rqn9sda7RO3kKCks=
-11,-9,b4bPfEhbEAAtPVgbzWvblOIDUXg=,tsWMtjGXpTCh8SN5m/i6Onh1qB4=
-11,-10,b4bPfEhbEAAtPVgbzWvblOIDUXg=,tsWMtjGXpTCh8SN5m/i6Onh1qB4=
-11,-15,b4bPfEhbEAAtPVgbzWvblOIDUXg=,tsWMtjGXpTCh8SN5m/i6Onh1qB4=
-11,-16,b4bPfEhbEAAtPVgbzWvblOIDUXg=,tsWMtjGXpTCh8SN5m/i6Onh1qB4=
-11,-13,b4bPfEhbEAAtPVgbzWvblOIDUXg=,EhNpEi1IHBwijRF6Vu55LDPoseI=
-11,-14,b4bPfEhbEAAtPVgbzWvblOIDUXg=,V0RuBNL+WeIL7iO7HqCR06OIkcs=
-11,-3,b4bPfEhbEAAtPVgbzWvblOIDUXg=,BKyVOaqROrEen3DB05N4s8pNomY=
-11,-4,b4bPfEhbEAAtPVgbzWvblOIDUXg=,BKyVOaqROrEen3DB05N4s8pNomY=
-11,-1,88OOXUI8+N1ZNEpbTtRyxwrht40=,BKyVOaqROrEen3DB05N4s8pNomY=
-11,-2,88OOXUI8+N1ZNEpbTtRyxwrht40=,BKyVOaqROrEen3DB05N4s8pNomY=
-11,-7,88OOXUI8+N1ZNEpbTtRyxwrht40=,wF+xDIYpYH0Q5hWaiX5HiRhkcI8=
-11,-8,88OOXUI8+N1ZNEpbTtRyxwrht40=,PM0ZBCVixMx8mUJIYzZhQgSNgxk=
-11,-5,88OOXUI8+N1ZNEpbTtRyxwrht40=,BKyVOaqROrEen3DB05N4s8pNomY=
-11,-6,88OOXUI8+N1ZNEpbTtRyxwrht40=,BKyVOaqROrEen3DB05N4s8pNomY=
-11,-17,88OOXUI8+N1ZNEpbTtRyxwrht40=,5tZBo0ZMglWfUxqmYfc0mcb0hoQ=
-12,-12,88OOXUI8+N1ZNEpbTtRyxwrht40=,diUiqaVa94JspR7KlTILw1Vv9KY=
-12,-11,88OOXUI8+N1ZNEpbTtRyxwrht40=,kSLzh+MDcJ4rqn9sda7RO3kKCks=
-12,-10,88OOXUI8+N1ZNEpbTtRyxwrht40=,tsWMtjGXpTCh8SN5m/i6Onh1qB4=
-12,-9,88OOXUI8+N1ZNEpbTtRyxwrht40=,tsWMtjGXpTCh8SN5m/i6Onh1qB4=
-12,-16,88OOXUI8+N1ZNEpbTtRyxwrht40=,tsWMtjGXpTCh8SN5m/i6Onh1qB4=
-12,-15,88OOXUI8+N1ZNEpbTtRyxwrht40=,tsWMtjGXpTCh8SN5m/i6Onh1qB4=
-12,-14,88OOXUI8+N1ZNEpbTtRyxwrht40=,tsWMtjGXpTCh8SN5m/i6Onh1qB4=
-12,-13,88OOXUI8+N1ZNEpbTtRyxwrht40=,SExxH/p/QK8hWkGltmTpXKKU1U8=
-12,-4,88OOXUI8+N1ZNEpbTtRyxwrht40=,BKyVOaqROrEen3DB05N4s8pNomY=
-12,-3,88OOXUI8+N1ZNEpbTtRyxwrht40=,BKyVOaqROrEen3DB05N4s8pNomY=
-12,-2,hNYqjf8GwLbDvbMa474XTel2yJQ=,BKyVOaqROrEen3DB05N4s8pNomY=
-12,-1,hNYqjf8GwLbDvbMa474XTel2yJQ=,BKyVOaqROrEen3DB05N4s8pNomY=
-12,-8,hNYqjf8GwLbDvbMa474XTel2yJQ=,i5nQaU2qae7fGr7wZU/jGck2q5Y=
-12,-7,hNYqjf8GwLbDvbMa474XTel2yJQ=,wF+xDIYpYH0Q5hWaiX5HiRhkcI8=
-12,-6,hNYqjf8GwLbDvbMa474XTel2yJQ=,BKyVOaqROrEen3DB05N4s8pNomY=
-12,-5,hNYqjf8GwLbDvbMa474XTel2yJQ=,BKyVOaqROrEen3DB05N4s8pNomY=
-12,-17,hNYqjf8GwLbDvbMa474XTel2yJQ=,5tZBo0ZMglWfUxqmYfc0mcb0hoQ=
-13,-13,hNYqjf8GwLbDvbMa474XTel2yJQ=,rmLPrmsInzrfOkUDxpxPhw5DrQY=
-13,-14,hNYqjf8GwLbDvbMa474XTel2yJQ=,tsWMtjGXpTCh8SN5m/i6Onh1qB4=
-13,-15,hNYqjf8GwLbDvbMa474XTel2yJQ=,tsWMtjGXpTCh8SN5m/i6Onh1qB4=
-13,-16,hNYqjf8GwLbDvbMa474XTel2yJQ=,tsWMtjGXpTCh8SN5m/i6Onh1qB4=
-13,-9,hNYqjf8GwLbDvbMa474XTel2yJQ=,tsWMtjGXpTCh8SN5m/i6Onh1qB4=
-13,-10,hNYqjf8GwLbDvbMa474XTel2yJQ=,tsWMtjGXpTCh8SN5m/i6Onh1qB4=
-13,-11,PoJdx3lONN60r56itZcIv28/aMw=,zmNZaMmdOyUS3dZy22bxCmI4gFY=
-13,-12,PoJdx3lONN60r56itZcIv28/aMw=,4QJ8IiBaIjplpxFTmynQyKc57wM=
-13,-5,PoJdx3lONN60r56itZcIv28/aMw=,GhycbYnTHuFRQJTflZI6Kt2wb1k=
-13,-6,PoJdx3lONN60r56itZcIv28/aMw=,6PcUS2Io6mywdbgtfHNm1z6CM8E=
-13,-7,PoJdx3lONN60r56itZcIv28/aMw=,WOmdSmnNmqfBgV67z2wYYby8pRY=
-13,-8,PoJdx3lONN60r56itZcIv28/aMw=,9glDrRk5b/THhsa4Q+1ksYSvRRc=
-13,-1,PoJdx3lONN60r56itZcIv28/aMw=,BKyVOaqROrEen3DB05N4s8pNomY=
-13,-2,PoJdx3lONN60r56itZcIv28/aMw=,wRORMWa+3kbv+0cqhWtbtqJpBi4=
-13,-3,PoJdx3lONN60r56itZcIv28/aMw=,mA/kndqvYaDK73ybE36CM2h+ot0=
-13,-4,PoJdx3lONN60r56itZcIv28/aMw=,Ya7AYYh28KHJid82WYxnBaW8bYw=
-13,-17,PoJdx3lONN60r56itZcIv28/aMw=,5tZBo0ZMglWfUxqmYfc0mcb0hoQ=
-14,-14,PoJdx3lONN60r56itZcIv28/aMw=,kTNRCD4I3si/M+pjnwgEyCr8ieI=
-14,-13,PoJdx3lONN60r56itZcIv28/aMw=,llSzQHhez7PbtEp5JXtZlEMADy8=
-14,-16,PoJdx3lONN60r56itZcIv28/aMw=,tsWMtjGXpTCh8SN5m/i6Onh1qB4=
-14,-15,PoJdx3lONN60r56itZcIv28/aMw=,DAnmcED9FYVMABGIlS07l57bp0E=
-14,-10,PoJdx3lONN60r56itZcIv28/aMw=,tsWMtjGXpTCh8SN5m/i6Onh1qB4=
-14,-9,PoJdx3lONN60r56itZcIv28/aMw=,tsWMtjGXpTCh8SN5m/i6Onh1qB4=
-14,-12,PoJdx3lONN60r56itZcIv28/aMw=,Nnioik9t7St4QXpoHhnZNAmO4ec=
-14,-11,kgvmc3ArLBAIUpLCL5gwoSoktpo=,jd3zBHuJmGNbDrsbP9iJMaCu4mg=
-14,-6,kgvmc3ArLBAIUpLCL5gwoSoktpo=,ZyprlY7wse73DgRHTicmU2VAOiE=
-14,-5,kgvmc3ArLBAIUpLCL5gwoSoktpo=,1k1BcHhJGJ2cfsXi9zyN711Pgdw=
-14,-8,kgvmc3ArLBAIUpLCL5gwoSoktpo=,BKyVOaqROrEen3DB05N4s8pNomY=
-14,-7,kgvmc3ArLBAIUpLCL5gwoSoktpo=,apZWgtMUthEhDNp+Q/QLSbUI2PY=
-14,-2,kgvmc3ArLBAIUpLCL5gwoSoktpo=,bXjgxyv3IFi7o2qp9Skw4zn0lJ8=
-14,-1,kgvmc3ArLBAIUpLCL5gwoSoktpo=,BKyVOaqROrEen3DB05N4s8pNomY=
-14,-4,kgvmc3ArLBAIUpLCL5gwoSoktpo=,MvK+YnHX/UiXKO9wkoAZva9nAec=
-14,-3,kgvmc3ArLBAIUpLCL5gwoSoktpo=,khFGSni4NTZBxBZ9yGDgDe/nElY=
-14,-17,kgvmc3ArLBAIUpLCL5gwoSoktpo=,5tZBo0ZMglWfUxqmYfc0mcb0hoQ=
-15,-15,kgvmc3ArLBAIUpLCL5gwoSoktpo=,IMvopjfBNHmsQCeP0mYCwOkhh+s=
-15,-16,kgvmc3ArLBAIUpLCL5gwoSoktpo=,tsWMtjGXpTCh8SN5m/i6Onh1qB4=
-15,-13,kgvmc3ArLBAIUpLCL5gwoSoktpo=,qb2bh7u8B3A4B85T9c+2xE/xfS4=
-15,-14,kgvmc3ArLBAIUpLCL5gwoSoktpo=,717EoMBrF2PAqvVRk1AbyAvWlU0=
-15,-11,kgvmc3ArLBAIUpLCL5gwoSoktpo=,NqdFZInM++t7bO1fUrVK9bP57HI=
-15,-12,kgvmc3ArLBAIUpLCL5gwoSoktpo=,wTLtBviw1p4cD6aBLEr2RlSZ/hE=
-15,-9,kgvmc3ArLBAIUpLCL5gwoSoktpo=,NFtA2u8FhJ51Sdkgzk6ja2TM7b0=
-15,-10,bLWK07NPbH74A+D91/hj6eKZPDk=,I4xjcP9ToHfSSvEnsNyUNVE90ok=
-15,-7,bLWK07NPbH74A+D91/hj6eKZPDk=,BKyVOaqROrEen3DB05N4s8pNomY=
-15,-8,bLWK07NPbH74A+D91/hj6eKZPDk=,BKyVOaqROrEen3DB05N4s8pNomY=
-15,-5,bLWK07NPbH74A+D91/hj6eKZPDk=,PgnzhDzSQ6hqQZ/vtwqIwjUJRrg=
-15,-6,bLWK07NPbH74A+D91/hj6eKZPDk=,9cOVKL3oSs6djk+s+lvJ1fF2+AA=
-15,-3,bLWK07NPbH74A+D91/hj6eKZPDk=,vzXXU9/vTxbPd3SdGtBEZhSB/uY=
-15,-4,bLWK07NPbH74A+D91/hj6eKZPDk=,5vpNTo/ro9SIWNhbzW/fMd6OnWM=
-15,-1,bLWK07NPbH74A+D91/hj6eKZPDk=,BKyVOaqROrEen3DB05N4s8pNomY=
-15,-2,bLWK07NPbH74A+D91/hj6eKZPDk=,st/2A3G6tFXdf1NN43gMna1XyZE=
-15,-17,bLWK07NPbH74A+D91/hj6eKZPDk=,5tZBo0ZMglWfUxqmYfc0mcb0hoQ=
-16,-16,bLWK07NPbH74A+D91/hj6eKZPDk=,tsWMtjGXpTCh8SN5m/i6Onh1qB4=
-16,-15,bLWK07NPbH74A+D91/hj6eKZPDk=,ll9QXDgGNDHZdEfAuOx5zp+52L4=
-16,-14,bLWK07NPbH74A+D91/hj6eKZPDk=,rBO+TQv1jlWvcVVMLPj80rZb38Q=
-16,-13,bLWK07NPbH74A+D91/hj6eKZPDk=,rN/NKqS8/m6VlZC8VbEhYIsPU0I=
-16,-12,bLWK07NPbH74A+D91/hj6eKZPDk=,x7/znK1wNsSrUxAgztijELW3I8A=
-16,-11,bLWK07NPbH74A+D91/hj6eKZPDk=,JLfRVmjaQLpPxBsTr+yZGmGYCgk=
-16,-10,bLWK07NPbH74A+D91/hj6eKZPDk=,JLfRVmjaQLpPxBsTr+yZGmGYCgk=
-16,-9,bLWK07NPbH74A+D91/hj6eKZPDk=,kayQBfIfBhN3qntu0W2kOEm32mE=
-16,-8,bLWK07NPbH74A+D91/hj6eKZPDk=,BKyVOaqROrEen3DB05N4s8pNomY=
-16,-7,bLWK07NPbH74A+D91/hj6eKZPDk=,BKyVOaqROrEen3DB05N4s8pNomY=
-16,-6,1t1QA7naCiyr3WzqRAH39Q8uIbw=,O951Sm/Nu9gdhbjmUFMFhlTW6MQ=
-16,-5,1t1QA7naCiyr3WzqRAH39Q8uIbw=,Af7R3fT0uap1W9R5MCrnMkPM8nI=
-16,-4,1t1QA7naCiyr3WzqRAH39Q8uIbw=,G0iiSN1je68z4BgoIT0OkBByLC0=
-16,-3,1t1QA7naCiyr3WzqRAH39Q8uIbw=,6zNHD3Vxzdxguzog8V8ZyCdK7LM=
-16,-2,1t1QA7naCiyr3WzqRAH39Q8uIbw=,r5SLbXSUb8DGxV3fGTAMkDJbitQ=
-16,-1,1t1QA7naCiyr3WzqRAH39Q8uIbw=,BKyVOaqROrEen3DB05N4s8pNomY=
-16,-17,1t1QA7naCiyr3WzqRAH39Q8uIbw=,5tZBo0ZMglWfUxqmYfc0mcb0hoQ=
-17,-17,1t1QA7naCiyr3WzqRAH39Q8uIbw=,lFDxaHxIg/Cao/cc+ZpX1Hoy5NY=
-17,-1,1t1QA7naCiyr3WzqRAH39Q8uIbw=,KLuPEUYi+i+WkkmAAKDPHpFTF0s=
-17,-2,1t1QA7naCiyr3WzqRAH39Q8uIbw=,KLuPEUYi+i+WkkmAAKDPHpFTF0s=
-17,-3,1t1QA7naCiyr3WzqRAH39Q8uIbw=,8fDancU1J8I50DhqfUXDg+AZhL8=
-17,-4,DvM/7bh/ihIhcYYGQcz+k7xqajA=,6Yoeur+ZXBeksl+wrL2wYcfnwsE=
-17,-5,DvM/7bh/ihIhcYYGQcz+k7xqajA=,6Yoeur+ZXBeksl+wrL2wYcfnwsE=
-17,-6,DvM/7bh/ihIhcYYGQcz+k7xqajA=,4Mbmmp3W5XEgfINWEJ87GCGIdd8=
-17,-7,DvM/7bh/ihIhcYYGQcz+k7xqajA=,KLuPEUYi+i+WkkmAAKDPHpFTF0s=
-17,-8,DvM/7bh/ihIhcYYGQcz+k7xqajA=,KLuPEUYi+i+WkkmAAKDPHpFTF0s=
-17,-9,DvM/7bh/ihIhcYYGQcz+k7xqajA=,X7gzukSwKez7VfMgrY3zA6Yd14c=
-17,-10,DvM/7bh/ihIhcYYGQcz+k7xqajA=,X7gzukSwKez7VfMgrY3zA6Yd14c=
-17,-11,DvM/7bh/ihIhcYYGQcz+k7xqajA=,X7gzukSwKez7VfMgrY3zA6Yd14c=
-17,-12,DvM/7bh/ihIhcYYGQcz+k7xqajA=,X7gzukSwKez7VfMgrY3zA6Yd14c=
-17,-13,DvM/7bh/ihIhcYYGQcz+k7xqajA=,X7gzukSwKez7VfMgrY3zA6Yd14c=
-17,-14,DvM/7bh/ihIhcYYGQcz+k7xqajA=,BkY7xDEVfx71oVjR0MCjhqLHMhY=
-17,-15,DvM/7bh/ihIhcYYGQcz+k7xqajA=,X7gzukSwKez7VfMgrY3zA6Yd14c=
-17,-16,DvM/7bh/ihIhcYYGQcz+k7xqajA=,X7gzukSwKez7VfMgrY3zA6Yd14c=
-18,-17,DvM/7bh/ihIhcYYGQcz+k7xqajA=,lFDxaHxIg/Cao/cc+ZpX1Hoy5NY=
-18,-2,DvM/7bh/ihIhcYYGQcz+k7xqajA=,KLuPEUYi+i+WkkmAAKDPHpFTF0s=
-18,-1,DvM/7bh/ihIhcYYGQcz+k7xqajA=,KLuPEUYi+i+WkkmAAKDPHpFTF0s=
-18,-4,DvM/7bh/ihIhcYYGQcz+k7xqajA=,XMPJ9KXSmvx5bSIoGv0J4Vz0aEI=
-18,-3,DvM/7bh/ihIhcYYGQcz+k7xqajA=,wwzEEM62rsTHtPPaNem6P5aWCKU=
-18,-6,DvM/7bh/ihIhcYYGQcz+k7xqajA=,ElceO6QMP+Ouv1NJsp/pUX4BCKw=
-18,-5,DvM/7bh/ihIhcYYGQcz+k7xqajA=,Dw7+qjqGdaOkDFqhVzuGgrgRYwM=
-18,-8,DvM/7bh/ihIhcYYGQcz+k7xqajA=,KLuPEUYi+i+WkkmAAKDPHpFTF0s=
-18,-7,JBRP8DLb58HBSSrcr0XjKCXhJLU=,4Mbmmp3W5XEgfINWEJ87GCGIdd8=
-18,-10,JBRP8DLb58HBSSrcr0XjKCXhJLU=,X7gzukSwKez7VfMgrY3zA6Yd14c=
-18,-9,JBRP8DLb58HBSSrcr0XjKCXhJLU=,X7gzukSwKez7VfMgrY3zA6Yd14c=
-18,-12,JBRP8DLb58HBSSrcr0XjKCXhJLU=,qbgqekq3P4bx2Bx60cngpfDsvLA=
-18,-11,JBRP8DLb58HBSSrcr0XjKCXhJLU=,X7gzukSwKez7VfMgrY3zA6Yd14c=
-18,-14,JBRP8DLb58HBSSrcr0XjKCXhJLU=,5SrGYY4hzW1R2H8CynsEQp25r6k=
-18,-13,JBRP8DLb58HBSSrcr0XjKCXhJLU=,OEEdUETPBwSPlOmIat1XXjF8pbU=
-18,-16,JBRP8DLb58HBSSrcr0XjKCXhJLU=,B/gZCvDVyVRQfH0Ob8ChRhZV8Vc=
-18,-15,JBRP8DLb58HBSSrcr0XjKCXhJLU=,5SrGYY4hzW1R2H8CynsEQp25r6k=
-19,-17,JBRP8DLb58HBSSrcr0XjKCXhJLU=,lFDxaHxIg/Cao/cc+ZpX1Hoy5NY=
-19,-3,JBRP8DLb58HBSSrcr0XjKCXhJLU=,KLuPEUYi+i+WkkmAAKDPHpFTF0s=
-19,-4,JBRP8DLb58HBSSrcr0XjKCXhJLU=,KLuPEUYi+i+WkkmAAKDPHpFTF0s=
-19,-1,JBRP8DLb58HBSSrcr0XjKCXhJLU=,KLuPEUYi+i+WkkmAAKDPHpFTF0s=
-19,-2,JBRP8DLb58HBSSrcr0XjKCXhJLU=,KLuPEUYi+i+WkkmAAKDPHpFTF0s=
-19,-7,JBRP8DLb58HBSSrcr0XjKCXhJLU=,pKNJ2guVreyQxJtggcP+nhvb7WQ=
-19,-8,JBRP8DLb58HBSSrcr0XjKCXhJLU=,KLuPEUYi+i+WkkmAAKDPHpFTF0s=
-19,-5,JBRP8DLb58HBSSrcr0XjKCXhJLU=,x052rwObEIThi9ruLr+rAcoVEGA=
-19,-6,JBRP8DLb58HBSSrcr0XjKCXhJLU=,srQ7Dz1YI9HNWD4SizVRCnorCcE=
-19,-11,JBRP8DLb58HBSSrcr0XjKCXhJLU=,lud5Fzmv0731WVpIgZMD6xHsXpU=
-19,-12,JBRP8DLb58HBSSrcr0XjKCXhJLU=,q3IY5YjsEIZZlEdwgnlRfQG5G54=
-19,-9,JBRP8DLb58HBSSrcr0XjKCXhJLU=,X7gzukSwKez7VfMgrY3zA6Yd14c=
-19,-10,JBRP8DLb58HBSSrcr0XjKCXhJLU=,1F7jkCe+rxOkH+szsaucusj/8V0=
-19,-15,JBRP8DLb58HBSSrcr0XjKCXhJLU=,A4chbSDDEYF8sqFHjw3rwjp44sk=
-19,-16,JBRP8DLb58HBSSrcr0XjKCXhJLU=,YP4C8zuDseuaUuaTADl86gkatxU=
-19,-13,JBRP8DLb58HBSSrcr0XjKCXhJLU=,2cIOLmGBpLPLBC4uW3tV3SokOtQ=
-19,-14,JBRP8DLb58HBSSrcr0XjKCXhJLU=,PQxr+3qOJCBkpI56HcKK6J5XRIw=
-20,-17,l0ngfivekjjNQ3xSfcdfRz1mZkE=,lFDxaHxIg/Cao/cc+ZpX1Hoy5NY=
-20,-4,l0ngfivekjjNQ3xSfcdfRz1mZkE=,KLuPEUYi+i+WkkmAAKDPHpFTF0s=
-20,-3,l0ngfivekjjNQ3xSfcdfRz1mZkE=,KLuPEUYi+i+WkkmAAKDPHpFTF0s=
-20,-2,l0ngfivekjjNQ3xSfcdfRz1mZkE=,KLuPEUYi+i+WkkmAAKDPHpFTF0s=
-20,-1,l0ngfivekjjNQ3xSfcdfRz1mZkE=,KLuPEUYi+i+WkkmAAKDPHpFTF0s=
-20,-8,l0ngfivekjjNQ3xSfcdfRz1mZkE=,KLuPEUYi+i+WkkmAAKDPHpFTF0s=
-20,-7,l0ngfivekjjNQ3xSfcdfRz1mZkE=,8rgHJbXkIusHMWJgFmWPi5+9ExQ=
-20,-6,l0ngfivekjjNQ3xSfcdfRz1mZkE=,H/WTINYWzLjU59WdM3TAebBjSLM=
-20,-5,l0ngfivekjjNQ3xSfcdfRz1mZkE=,wGREF6Ng81cg0+CRLJXr4RtR+R0=
-20,-12,l0ngfivekjjNQ3xSfcdfRz1mZkE=,0jP/54Wh3T0tSIR0txuueRbDSk0=
-20,-11,l0ngfivekjjNQ3xSfcdfRz1mZkE=,0uQPU7KIlH2S502/jy8r/BJ1R4E=
-20,-10,l0ngfivekjjNQ3xSfcdfRz1mZkE=,jML39yUFkkHib+exYnYMSP5nK4M=
-20,-9,l0ngfivekjjNQ3xSfcdfRz1mZkE=,X7gzukSwKez7VfMgrY3zA6Yd14c=
-20,-16,l0ngfivekjjNQ3xSfcdfRz1mZkE=,mmpnFZWdQhN8jfXH3lpsGLb3Yr0=
-20,-15,l0ngfivekjjNQ3xSfcdfRz1mZkE=,M98nb2PoB2BJyQD/yEZxCGrKy7Q=
-20,-14,l0ngfivekjjNQ3xSfcdfRz1mZkE=,G2rWHrcks/d//BNWh1IymHvHBx0=
-20,-13,l0ngfivekjjNQ3xSfcdfRz1mZkE=,G2rWHrcks/d//BNWh1IymHvHBx0=
-21,-17,l0ngfivekjjNQ3xSfcdfRz1mZkE=,cRfzV2wnZBu3IC3OgCx+/ZjQdEY=
-21,-5,l0ngfivekjjNQ3xSfcdfRz1mZkE=,6E+nL/ryLa15OfolZ1WkWcymZEs=
-21,-6,l0ngfivekjjNQ3xSfcdfRz1mZkE=,gBT00N+4JmY+L+AwKaiSULqr6x8=
-21,-7,l0ngfivekjjNQ3xSfcdfRz1mZkE=,NW5M6Z+XuMXkie4nEiunzRiyL6U=
-21,-8,l0ngfivekjjNQ3xSfcdfRz1mZkE=,6E+nL/ryLa15OfolZ1WkWcymZEs=
-21,-1,l0ngfivekjjNQ3xSfcdfRz1mZkE=,6E+nL/ryLa15OfolZ1WkWcymZEs=
-21,-2,l0ngfivekjjNQ3xSfcdfRz1mZkE=,6E+nL/ryLa15OfolZ1WkWcymZEs=
-21,-3,l0ngfivekjjNQ3xSfcdfRz1mZkE=,6E+nL/ryLa15OfolZ1WkWcymZEs=
-21,-4,l0ngfivekjjNQ3xSfcdfRz1mZkE=,6E+nL/ryLa15OfolZ1WkWcymZEs=
-21,-13,l0ngfivekjjNQ3xSfcdfRz1mZkE=,ZI8xJPDJ31w6hGNLr8NcgSaLMr0=
-21,-14,l0ngfivekjjNQ3xSfcdfRz1mZkE=,ZI8xJPDJ31w6hGNLr8NcgSaLMr0=
-21,-15,l0ngfivekjjNQ3xSfcdfRz1mZkE=,ZI8xJPDJ31w6hGNLr8NcgSaLMr0=
-21,-16,l0ngfivekjjNQ3xSfcdfRz1mZkE=,ZI8xJPDJ31w6hGNLr8NcgSaLMr0=
-21,-9,l0ngfivekjjNQ3xSfcdfRz1mZkE=,ZI8xJPDJ31w6hGNLr8NcgSaLMr0=
-21,-10,l0ngfivekjjNQ3xSfcdfRz1mZkE=,ZI8xJPDJ31w6hGNLr8NcgSaLMr0=
-21,-11,l0ngfivekjjNQ3xSfcdfRz1mZkE=,Os7jpot9lk4Llb+d3wCvHASxVPE=
-21,-12,l0ngfivekjjNQ3xSfcdfRz1mZkE=,A2AB834RfbCZyIbutoi5oPSPq9A=
