0,0,k80156Vkv6vXP7MTmrCxDrxR5lg=,/I+jMgBza9VZrrkQA/CUa8TRLws=
0,1,k80156Vkv6vXP7MTmrCxDrxR5lg=,2060Yxbybbs9ZNc0N2yOU//XP1A=
0,2,k80156Vkv6vXP7MTmrCxDrxR5lg=,2060Yxbybbs9ZNc0N2yOU//XP1A=
0,3,k80156Vkv6vXP7MTmrCxDrxR5lg=,MK2Bre2pn1v3MgOoWG+IQ7RFzgw=
0,4,k80156Vkv6vXP7MTmrCxDrxR5lg=,MK2Bre2pn1v3MgOoWG+IQ7RFzgw=
0,5,k80156Vkv6vXP7MTmrCxDrxR5lg=,tp5Gjeky0Y4YJk5/pBXNN1GPJ/U=
0,6,k80156Vkv6vXP7MTmrCxDrxR5lg=,tp5Gjeky0Y4YJk5/pBXNN1GPJ/U=
0,7,k80156Vkv6vXP7MTmrCxDrxR5lg=,8VwXhcrUuNDrPzueAdOsYMl4J8M=
0,8,k80156Vkv6vXP7MTmrCxDrxR5lg=,DQwK+pcDOO08qH10qzeFwUStPrM=
0,9,k80156Vkv6vXP7MTmrCxDrxR5lg=,QbunwaMf7OTdN9ZHSGPQEp+c3l8=
0,10,k80156Vkv6vXP7MTmrCxDrxR5lg=,TItbNE3NojeorHkt1Wh2+hp74VE=
0,11,k80156Vkv6vXP7MTmrCxDrxR5lg=,CGTXDpu7cd+XTU/EcQi/Z9YVEVM=
0,12,k80156Vkv6vXP7MTmrCxDrxR5lg=,CGTXDpu7cd+XTU/EcQi/Z9YVEVM=
0,13,k80156Vkv6vXP7MTmrCxDrxR5lg=,CGTXDpu7cd+XTU/EcQi/Z9YVEVM=
0,14,k80156Vkv6vXP7MTmrCxDrxR5lg=,CGTXDpu7cd+XTU/EcQi/Z9YVEVM=
1,1,k80156Vkv6vXP7MTmrCxDrxR5lg=,30B4+PyctIdsao6tO9H8CuxEz8I=
1,0,k80156Vkv6vXP7MTmrCxDrxR5lg=,qapV3lvETualznAmPQIml4fhsng=
1,3,k80156Vkv6vXP7MTmrCxDrxR5lg=,gzqgvvCTFd2Ek3UvJuWmkRai8Go=
1,2,k80156Vkv6vXP7MTmrCxDrxR5lg=,30B4+PyctIdsao6tO9H8CuxEz8I=
1,5,k80156Vkv6vXP7MTmrCxDrxR5lg=,9zN2/ry7dog9THsz05XwMH7U420=
1,4,qgcWKTNmdjYGYedlqBtj5vX25NE=,nw8BLYjAG0R9va6nYnJ4G1GJ88o=
1,7,qgcWKTNmdjYGYedlqBtj5vX25NE=,uVo9KQmm9Jx1tw1jwMeOV/IedJY=
1,6,qgcWKTNmdjYGYedlqBtj5vX25NE=,aTEXlUIFRT8CZLkc/+IrDER1S30=
1,9,qgcWKTNmdjYGYedlqBtj5vX25NE=,ZP4BATtis+kjWhVBHtkwDUMQAOE=
1,8,qgcWKTNmdjYGYedlqBtj5vX25NE=,QbunwaMf7OTdN9ZHSGPQEp+c3l8=
1,11,qgcWKTNmdjYGYedlqBtj5vX25NE=,WSei5FfSRcOeRDovqgqQ3UBse4g=
1,10,qgcWKTNmdjYGYedlqBtj5vX25NE=,mgNTe9I1IevE/+EmNglVH4uQZNg=
1,13,qgcWKTNmdjYGYedlqBtj5vX25NE=,CTOa6J+yU/tRZ9UhJQ+qe3u04Jw=
1,12,qgcWKTNmdjYGYedlqBtj5vX25NE=,CTOa6J+yU/tRZ9UhJQ+qe3u04Jw=
1,14,qgcWKTNmdjYGYedlqBtj5vX25NE=,CTOa6J+yU/tRZ9UhJQ+qe3u04Jw=
2,2,qgcWKTNmdjYGYedlqBtj5vX25NE=,hPhqHGlIPcFlwbrhbhaKk3B4DjI=
2,3,qgcWKTNmdjYGYedlqBtj5vX25NE=,36jcOvckSlchriztPzPX+KtwiWc=
2,0,I6Ltig2NZbmwapRYaKXYQlrkJn8=,k6ekQHLy+jWoA7LjpklUVR7015k=
2,1,I6Ltig2NZbmwapRYaKXYQlrkJn8=,hPhqHGlIPcFlwbrhbhaKk3B4DjI=
2,6,I6Ltig2NZbmwapRYaKXYQlrkJn8=,MardtDzCVjYm1v73NhsmrRa6muk=
2,7,I6Ltig2NZbmwapRYaKXYQlrkJn8=,JdyOk+c+fL9SIvJDAGx9Ce9NnNA=
2,4,I6Ltig2NZbmwapRYaKXYQlrkJn8=,FIpfLMuiFPGkirARxfUctegsowY=
2,5,I6Ltig2NZbmwapRYaKXYQlrkJn8=,mwT7kBMgNvxbENuOnsAR2xiTN38=
2,10,I6Ltig2NZbmwapRYaKXYQlrkJn8=,DKMcrVCjldEshDM0SS5fagqv9hI=
2,11,I6Ltig2NZbmwapRYaKXYQlrkJn8=,hh2EuJub4ftuQIpPbpqE9K7qnyE=
2,8,I6Ltig2NZbmwapRYaKXYQlrkJn8=,439GdEyAQoAzEf0QyGZu332SS/g=
2,9,I6Ltig2NZbmwapRYaKXYQlrkJn8=,DKMcrVCjldEshDM0SS5fagqv9hI=
2,14,I6Ltig2NZbmwapRYaKXYQlrkJn8=,CTOa6J+yU/tRZ9UhJQ+qe3u04Jw=
2,12,I6Ltig2NZbmwapRYaKXYQlrkJn8=,hxinRgp1aaHxq60Lp6sKvx2O3Z8=
2,13,I6Ltig2NZbmwapRYaKXYQlrkJn8=,cAulMwRST8X/ZVRx1JvQcJsk+gw=
3,3,I6Ltig2NZbmwapRYaKXYQlrkJn8=,wOk+sOwEo6/sfM8aubjLQABjqGE=
3,2,I6Ltig2NZbmwapRYaKXYQlrkJn8=,ibGQXc82I0ssDqDlW9FM2JKUONU=
3,1,I6Ltig2NZbmwapRYaKXYQlrkJn8=,ibGQXc82I0ssDqDlW9FM2JKUONU=
3,0,2KV1stOtTR57Ckx44PONnDO8guA=,0f8z/bk+K+zmwPwmTzzEO7oko1c=
3,7,2KV1stOtTR57Ckx44PONnDO8guA=,PJNepULzSJmvohU0qSqbsfDa/ok=
3,6,2KV1stOtTR57Ckx44PONnDO8guA=,u6GBXG3NmqXloUBC9IkHJS4jqjE=
3,5,2KV1stOtTR57Ckx44PONnDO8guA=,wOk+sOwEo6/sfM8aubjLQABjqGE=
3,4,2KV1stOtTR57Ckx44PONnDO8guA=,wOk+sOwEo6/sfM8aubjLQABjqGE=
3,11,2KV1stOtTR57Ckx44PONnDO8guA=,DQwK+pcDOO08qH10qzeFwUStPrM=
3,10,2KV1stOtTR57Ckx44PONnDO8guA=,DQwK+pcDOO08qH10qzeFwUStPrM=
3,9,2KV1stOtTR57Ckx44PONnDO8guA=,DQwK+pcDOO08qH10qzeFwUStPrM=
3,8,2KV1stOtTR57Ckx44PONnDO8guA=,DQwK+pcDOO08qH10qzeFwUStPrM=
3,14,2KV1stOtTR57Ckx44PONnDO8guA=,1a44OkPI7XwQvE598sPz5ggOY8g=
3,13,2KV1stOtTR57Ckx44PONnDO8guA=,N8AeaXqyA/XbTxG4VlkxTmWKRqs=
3,12,2KV1stOtTR57Ckx44PONnDO8guA=,DQwK+pcDOO08qH10qzeFwUStPrM=
4,4,2KV1stOtTR57Ckx44PONnDO8guA=,PJNepULzSJmvohU0qSqbsfDa/ok=
4,5,2KV1stOtTR57Ckx44PONnDO8guA=,PJNepULzSJmvohU0qSqbsfDa/ok=
4,6,xbpRTwXglUXFTkIfxohVB+Yye90=,PJNepULzSJmvohU0qSqbsfDa/ok=
4,7,xbpRTwXglUXFTkIfxohVB+Yye90=,PJNepULzSJmvohU0qSqbsfDa/ok=
4,0,xbpRTwXglUXFTkIfxohVB+Yye90=,PJNepULzSJmvohU0qSqbsfDa/ok=
4,1,xbpRTwXglUXFTkIfxohVB+Yye90=,PJNepULzSJmvohU0qSqbsfDa/ok=
4,2,xbpRTwXglUXFTkIfxohVB+Yye90=,PJNepULzSJmvohU0qSqbsfDa/ok=
4,3,xbpRTwXglUXFTkIfxohVB+Yye90=,PJNepULzSJmvohU0qSqbsfDa/ok=
4,12,xbpRTwXglUXFTkIfxohVB+Yye90=,DQwK+pcDOO08qH10qzeFwUStPrM=
4,13,xbpRTwXglUXFTkIfxohVB+Yye90=,v9zcArg4vKv08/UFsd879MrRvsw=
4,14,xbpRTwXglUXFTkIfxohVB+Yye90=,BMy5GpH/NnULbQeFd+4is4L26XA=
4,8,xbpRTwXglUXFTkIfxohVB+Yye90=,DQwK+pcDOO08qH10qzeFwUStPrM=
4,9,xbpRTwXglUXFTkIfxohVB+Yye90=,DQwK+pcDOO08qH10qzeFwUStPrM=
4,10,xbpRTwXglUXFTkIfxohVB+Yye90=,DQwK+pcDOO08qH10qzeFwUStPrM=
4,11,xbpRTwXglUXFTkIfxohVB+Yye90=,DQwK+pcDOO08qH10qzeFwUStPrM=
5,5,xbpRTwXglUXFTkIfxohVB+Yye90=,PJNepULzSJmvohU0qSqbsfDa/ok=
5,4,xbpRTwXglUXFTkIfxohVB+Yye90=,PJNepULzSJmvohU0qSqbsfDa/ok=
5,7,xbpRTwXglUXFTkIfxohVB+Yye90=,PJNepULzSJmvohU0qSqbsfDa/ok=
5,6,LFaRWBbhaq6pKYgHz1OdGYygGKQ=,PJNepULzSJmvohU0qSqbsfDa/ok=
5,1,LFaRWBbhaq6pKYgHz1OdGYygGKQ=,PJNepULzSJmvohU0qSqbsfDa/ok=
5,0,LFaRWBbhaq6pKYgHz1OdGYygGKQ=,PJNepULzSJmvohU0qSqbsfDa/ok=
5,3,LFaRWBbhaq6pKYgHz1OdGYygGKQ=,PJNepULzSJmvohU0qSqbsfDa/ok=
5,2,LFaRWBbhaq6pKYgHz1OdGYygGKQ=,PJNepULzSJmvohU0qSqbsfDa/ok=
5,13,LFaRWBbhaq6pKYgHz1OdGYygGKQ=,v9zcArg4vKv08/UFsd879MrRvsw=
5,12,LFaRWBbhaq6pKYgHz1OdGYygGKQ=,DQwK+pcDOO08qH10qzeFwUStPrM=
5,14,LFaRWBbhaq6pKYgHz1OdGYygGKQ=,BMy5GpH/NnULbQeFd+4is4L26XA=
5,9,LFaRWBbhaq6pKYgHz1OdGYygGKQ=,DQwK+pcDOO08qH10qzeFwUStPrM=
5,8,LFaRWBbhaq6pKYgHz1OdGYygGKQ=,DQwK+pcDOO08qH10qzeFwUStPrM=
5,11,LFaRWBbhaq6pKYgHz1OdGYygGKQ=,DQwK+pcDOO08qH10qzeFwUStPrM=
5,10,LFaRWBbhaq6pKYgHz1OdGYygGKQ=,DQwK+pcDOO08qH10qzeFwUStPrM=
6,6,BAbI8/QCNNVsA/rZlNR9Jc8b6cE=,PJNepULzSJmvohU0qSqbsfDa/ok=
6,7,BAbI8/QCNNVsA/rZlNR9Jc8b6cE=,PJNepULzSJmvohU0qSqbsfDa/ok=
6,4,BAbI8/QCNNVsA/rZlNR9Jc8b6cE=,PJNepULzSJmvohU0qSqbsfDa/ok=
6,5,BAbI8/QCNNVsA/rZlNR9Jc8b6cE=,PJNepULzSJmvohU0qSqbsfDa/ok=
6,2,BAbI8/QCNNVsA/rZlNR9Jc8b6cE=,PJNepULzSJmvohU0qSqbsfDa/ok=
6,3,BAbI8/QCNNVsA/rZlNR9Jc8b6cE=,PJNepULzSJmvohU0qSqbsfDa/ok=
6,0,BAbI8/QCNNVsA/rZlNR9Jc8b6cE=,PJNepULzSJmvohU0qSqbsfDa/ok=
6,1,BAbI8/QCNNVsA/rZlNR9Jc8b6cE=,PJNepULzSJmvohU0qSqbsfDa/ok=
6,14,BAbI8/QCNNVsA/rZlNR9Jc8b6cE=,BMy5GpH/NnULbQeFd+4is4L26XA=
6,12,BAbI8/QCNNVsA/rZlNR9Jc8b6cE=,dWx4XLB/NIDVUWZjANCVlyWt5f4=
6,13,BAbI8/QCNNVsA/rZlNR9Jc8b6cE=,VIdArZg62dp8Mznl4grtPRzj6a8=
6,10,BAbI8/QCNNVsA/rZlNR9Jc8b6cE=,Gfi+LaaBM2yV36kwZiJIfcNfPOM=
6,11,BAbI8/QCNNVsA/rZlNR9Jc8b6cE=,dWx4XLB/NIDVUWZjANCVlyWt5f4=
6,8,BAbI8/QCNNVsA/rZlNR9Jc8b6cE=,DQwK+pcDOO08qH10qzeFwUStPrM=
6,9,BAbI8/QCNNVsA/rZlNR9Jc8b6cE=,Gfi+LaaBM2yV36kwZiJIfcNfPOM=
7,7,8ydXFKTftG37ZIxd4xOU0MJHE8g=,PJNepULzSJmvohU0qSqbsfDa/ok=
7,6,8ydXFKTftG37ZIxd4xOU0MJHE8g=,PJNepULzSJmvohU0qSqbsfDa/ok=
7,5,8ydXFKTftG37ZIxd4xOU0MJHE8g=,PJNepULzSJmvohU0qSqbsfDa/ok=
7,4,8ydXFKTftG37ZIxd4xOU0MJHE8g=,PJNepULzSJmvohU0qSqbsfDa/ok=
7,3,8ydXFKTftG37ZIxd4xOU0MJHE8g=,PJNepULzSJmvohU0qSqbsfDa/ok=
7,2,8ydXFKTftG37ZIxd4xOU0MJHE8g=,PJNepULzSJmvohU0qSqbsfDa/ok=
7,1,8ydXFKTftG37ZIxd4xOU0MJHE8g=,PJNepULzSJmvohU0qSqbsfDa/ok=
7,0,8ydXFKTftG37ZIxd4xOU0MJHE8g=,PJNepULzSJmvohU0qSqbsfDa/ok=
7,14,8ydXFKTftG37ZIxd4xOU0MJHE8g=,PywexlxUbnzrSsdzQsKu7Hk+YW0=
7,13,8ydXFKTftG37ZIxd4xOU0MJHE8g=,PywexlxUbnzrSsdzQsKu7Hk+YW0=
7,12,8ydXFKTftG37ZIxd4xOU0MJHE8g=,PywexlxUbnzrSsdzQsKu7Hk+YW0=
7,11,8ydXFKTftG37ZIxd4xOU0MJHE8g=,ceaBmnybceB7BuSJ1SOtebtTI0k=
7,10,8ydXFKTftG37ZIxd4xOU0MJHE8g=,wk89ETBatGZ/94g1rM3MlYzKRPw=
7,9,NR+7EONVPTDMcp/hW2qXWEbTrJs=,wk89ETBatGZ/94g1rM3MlYzKRPw=
7,8,NR+7EONVPTDMcp/hW2qXWEbTrJs=,tqCNix6sNmAF6lgwfXj8P72fZqE=
8,8,NR+7EONVPTDMcp/hW2qXWEbTrJs=,v4eo+Nx4rRWbn/MReMy9J+opH4Y=
8,9,NR+7EONVPTDMcp/hW2qXWEbTrJs=,v4eo+Nx4rRWbn/MReMy9J+opH4Y=
8,10,NR+7EONVPTDMcp/hW2qXWEbTrJs=,v4eo+Nx4rRWbn/MReMy9J+opH4Y=
8,11,NR+7EONVPTDMcp/hW2qXWEbTrJs=,36SmmSLKJTMjm2ggqbhPkX5FDGo=
8,12,NR+7EONVPTDMcp/hW2qXWEbTrJs=,zUJt99r6i7jrVTQH5tuy3MueBUk=
8,13,NR+7EONVPTDMcp/hW2qXWEbTrJs=,v4eo+Nx4rRWbn/MReMy9J+opH4Y=
8,14,NR+7EONVPTDMcp/hW2qXWEbTrJs=,v4eo+Nx4rRWbn/MReMy9J+opH4Y=
8,0,NR+7EONVPTDMcp/hW2qXWEbTrJs=,j2vziA7XkaQRfhVhKx6XujxZih0=
8,1,NR+7EONVPTDMcp/hW2qXWEbTrJs=,j2vziA7XkaQRfhVhKx6XujxZih0=
8,2,NR+7EONVPTDMcp/hW2qXWEbTrJs=,j2vziA7XkaQRfhVhKx6XujxZih0=
8,3,NR+7EONVPTDMcp/hW2qXWEbTrJs=,j2vziA7XkaQRfhVhKx6XujxZih0=
8,4,bm5Uoye4DM5pPPs1Jzuz1jZW2FA=,j2vziA7XkaQRfhVhKx6XujxZih0=
8,5,bm5Uoye4DM5pPPs1Jzuz1jZW2FA=,j2vziA7XkaQRfhVhKx6XujxZih0=
8,6,bm5Uoye4DM5pPPs1Jzuz1jZW2FA=,xfthWZKeBdGSW8zk8EoF7Z+Neho=
8,7,bm5Uoye4DM5pPPs1Jzuz1jZW2FA=,j2vziA7XkaQRfhVhKx6XujxZih0=
9,9,bm5Uoye4DM5pPPs1Jzuz1jZW2FA=,v4eo+Nx4rRWbn/MReMy9J+opH4Y=
9,8,bm5Uoye4DM5pPPs1Jzuz1jZW2FA=,v4eo+Nx4rRWbn/MReMy9J+opH4Y=
9,11,bm5Uoye4DM5pPPs1Jzuz1jZW2FA=,b7NF8+lhcPbWnoe6lJmY+AjfVJM=
9,10,bm5Uoye4DM5pPPs1Jzuz1jZW2FA=,v4eo+Nx4rRWbn/MReMy9J+opH4Y=
9,13,bm5Uoye4DM5pPPs1Jzuz1jZW2FA=,rw9SYsr4KnTgsiQKuRvGVechabA=
9,12,bm5Uoye4DM5pPPs1Jzuz1jZW2FA=,eJwK6zWODVha8vLsso3XTrm76wc=
9,14,bm5Uoye4DM5pPPs1Jzuz1jZW2FA=,LiUYmHJSGuxkK7LPiqUFVNqbQ7o=
9,1,bm5Uoye4DM5pPPs1Jzuz1jZW2FA=,j2vziA7XkaQRfhVhKx6XujxZih0=
9,0,bm5Uoye4DM5pPPs1Jzuz1jZW2FA=,j2vziA7XkaQRfhVhKx6XujxZih0=
9,3,bm5Uoye4DM5pPPs1Jzuz1jZW2FA=,j2vziA7XkaQRfhVhKx6XujxZih0=
9,2,bm5Uoye4DM5pPPs1Jzuz1jZW2FA=,j2vziA7XkaQRfhVhKx6XujxZih0=
9,5,BRqNGvvwebxoD5HTLhJinb3nmjo=,xfthWZKeBdGSW8zk8EoF7Z+Neho=
9,4,BRqNGvvwebxoD5HTLhJinb3nmjo=,j2vziA7XkaQRfhVhKx6XujxZih0=
9,7,BRqNGvvwebxoD5HTLhJinb3nmjo=,V+KkKGYlbdT2hK7O/6jBxYMfRE4=
9,6,BRqNGvvwebxoD5HTLhJinb3nmjo=,RcW6RNT56sLJ3yTqCp/7dYI1U7k=
10,10,BRqNGvvwebxoD5HTLhJinb3nmjo=,v4eo+Nx4rRWbn/MReMy9J+opH4Y=
10,11,BRqNGvvwebxoD5HTLhJinb3nmjo=,v4eo+Nx4rRWbn/MReMy9J+opH4Y=
10,8,BRqNGvvwebxoD5HTLhJinb3nmjo=,v4eo+Nx4rRWbn/MReMy9J+opH4Y=
10,9,BRqNGvvwebxoD5HTLhJinb3nmjo=,v4eo+Nx4rRWbn/MReMy9J+opH4Y=
10,14,BRqNGvvwebxoD5HTLhJinb3nmjo=,d23HHngvRucFdJgFGvKmHDN1uWo=
10,12,BRqNGvvwebxoD5HTLhJinb3nmjo=,X26sf522PVJaaU7vcedJ8X9P6v8=
10,13,BRqNGvvwebxoD5HTLhJinb3nmjo=,BQBhryfJzgNEgaY2zrUdR1nKByY=
10,2,BRqNGvvwebxoD5HTLhJinb3nmjo=,j2vziA7XkaQRfhVhKx6XujxZih0=
10,3,BRqNGvvwebxoD5HTLhJinb3nmjo=,j2vziA7XkaQRfhVhKx6XujxZih0=
10,0,BRqNGvvwebxoD5HTLhJinb3nmjo=,j2vziA7XkaQRfhVhKx6XujxZih0=
10,1,BRqNGvvwebxoD5HTLhJinb3nmjo=,j2vziA7XkaQRfhVhKx6XujxZih0=
10,6,b4bPfEhbEAAtPVgbzWvblOIDUXg=,HOGKCzWn34d9AAxbYl1sCinDTYA=
10,7,b4bPfEhbEAAtPVgbzWvblOIDUXg=,zsgJyJ1jaNe0ePVsHbTFqVZw/dU=
10,4,b4bPfEhbEAAtPVgbzWvblOIDUXg=,j2vziA7XkaQRfhVhKx6XujxZih0=
10,5,b4bPfEhbEAAtPVgbzWvblOIDUXg=,72PJ4h49vz46nUK6ENbEiKVuFYM=
11,11,b4bPfEhbEAAtPVgbzWvblOIDUXg=,v4eo+Nx4rRWbn/MReMy9J+opH4Y=
11,10,b4bPfEhbEAAtPVgbzWvblOIDUXg=,v4eo+Nx4rRWbn/MReMy9J+opH4Y=
11,9,b4bPfEhbEAAtPVgbzWvblOIDUXg=,v4eo+Nx4rRWbn/MReMy9J+opH4Y=
11,8,b4bPfEhbEAAtPVgbzWvblOIDUXg=,v4eo+Nx4rRWbn/MReMy9J+opH4Y=
11,14,b4bPfEhbEAAtPVgbzWvblOIDUXg=,vkptYu+wxOZnM9kvNiNc9NC+FK4=
11,13,b4bPfEhbEAAtPVgbzWvblOIDUXg=,YHsrdTr8llaKr/delY5qWY62IpQ=
11,12,b4bPfEhbEAAtPVgbzWvblOIDUXg=,v4eo+Nx4rRWbn/MReMy9J+opH4Y=
11,3,b4bPfEhbEAAtPVgbzWvblOIDUXg=,j2vziA7XkaQRfhVhKx6XujxZih0=
11,2,b4bPfEhbEAAtPVgbzWvblOIDUXg=,j2vziA7XkaQRfhVhKx6XujxZih0=
11,1,88OOXUI8+N1ZNEpbTtRyxwrht40=,j2vziA7XkaQRfhVhKx6XujxZih0=
11,0,88OOXUI8+N1ZNEpbTtRyxwrht40=,j2vziA7XkaQRfhVhKx6XujxZih0=
11,7,88OOXUI8+N1ZNEpbTtRyxwrht40=,JJiCjBg3QI02nRbSbkpOrmbh5A4=
11,6,88OOXUI8+N1ZNEpbTtRyxwrht40=,L7vB26wOvlSLjr7o8bt1sMAdNOY=
11,5,88OOXUI8+N1ZNEpbTtRyxwrht40=,drwtbnv4hwq7Oj3orAHF/LvGsPs=
11,4,88OOXUI8+N1ZNEpbTtRyxwrht40=,dCz8QdiWJoU8ISAGc+nfCaC9Vg8=
12,12,88OOXUI8+N1ZNEpbTtRyxwrht40=,HwcjJZfgo+vnGhCy4u9NXJyD9sA=
12,13,88OOXUI8+N1ZNEpbTtRyxwrht40=,XTQ9WbhDWKxp0v0LUUO/4q6P7pk=
12,14,88OOXUI8+N1ZNEpbTtRyxwrht40=,4vUvCh69mtb8JCRoVaR9DMzwLq8=
12,8,88OOXUI8+N1ZNEpbTtRyxwrht40=,v4eo+Nx4rRWbn/MReMy9J+opH4Y=
12,9,88OOXUI8+N1ZNEpbTtRyxwrht40=,v4eo+Nx4rRWbn/MReMy9J+opH4Y=
12,10,88OOXUI8+N1ZNEpbTtRyxwrht40=,qyN5BKzd7jgtOUh+szXDCgLt/qw=
12,11,88OOXUI8+N1ZNEpbTtRyxwrht40=,BvJm4NPgH8o4KeYGc4AjWziBUZI=
12,4,88OOXUI8+N1ZNEpbTtRyxwrht40=,MJzGogmiRaymcSpYcT+p1hL8YgE=
12,5,hNYqjf8GwLbDvbMa474XTel2yJQ=,dfDSZfEQxToPQEU8EtCli0IjgX8=
12,6,hNYqjf8GwLbDvbMa474XTel2yJQ=,NWUTDfnOCxQ1QnYwvTQS6os0tI0=
12,7,hNYqjf8GwLbDvbMa474XTel2yJQ=,v7EgxANgLxYI7dDTmKStjzF+xyo=
12,0,hNYqjf8GwLbDvbMa474XTel2yJQ=,j2vziA7XkaQRfhVhKx6XujxZih0=
12,1,hNYqjf8GwLbDvbMa474XTel2yJQ=,j2vziA7XkaQRfhVhKx6XujxZih0=
12,2,hNYqjf8GwLbDvbMa474XTel2yJQ=,j2vziA7XkaQRfhVhKx6XujxZih0=
12,3,hNYqjf8GwLbDvbMa474XTel2yJQ=,j2vziA7XkaQRfhVhKx6XujxZih0=
13,13,hNYqjf8GwLbDvbMa474XTel2yJQ=,PJRLtP/EQbh3XzdlQtBRAi7IatQ=
13,12,hNYqjf8GwLbDvbMa474XTel2yJQ=,Hhcf8cJq+GZQXrZnH0sWy+x8ZhE=
13,14,hNYqjf8GwLbDvbMa474XTel2yJQ=,HTPK6N7r8sNMaWoCAar1ZbI7aOA=
13,9,hNYqjf8GwLbDvbMa474XTel2yJQ=,v4eo+Nx4rRWbn/MReMy9J+opH4Y=
13,8,PoJdx3lONN60r56itZcIv28/aMw=,v4eo+Nx4rRWbn/MReMy9J+opH4Y=
13,11,PoJdx3lONN60r56itZcIv28/aMw=,jkfk3TfLqsQ1X6xJZiiiUcD1dI4=
13,10,PoJdx3lONN60r56itZcIv28/aMw=,tBC66ALOwOFZ/9nN4OhBwZSDSrE=
13,5,PoJdx3lONN60r56itZcIv28/aMw=,j2vziA7XkaQRfhVhKx6XujxZih0=
13,4,PoJdx3lONN60r56itZcIv28/aMw=,637B3bO9fNyu50xvzx9TuWIq8sk=
13,7,PoJdx3lONN60r56itZcIv28/aMw=,bV77885mDGnmWgbPz+A+XNXbID4=
13,6,PoJdx3lONN60r56itZcIv28/aMw=,R7+ciBEeBbEENwUzYHJSvsKFJy0=
13,1,PoJdx3lONN60r56itZcIv28/aMw=,j2vziA7XkaQRfhVhKx6XujxZih0=
13,0,PoJdx3lONN60r56itZcIv28/aMw=,j2vziA7XkaQRfhVhKx6XujxZih0=
13,3,PoJdx3lONN60r56itZcIv28/aMw=,l4r4Hpc2RvKGVa3bOxdZS9XNmtg=
13,2,PoJdx3lONN60r56itZcIv28/aMw=,rOze0atFQp5HuREyvENaCEQSK2A=
14,14,PoJdx3lONN60r56itZcIv28/aMw=,9pOp79j+JoaadBS5mliFcuBzQCM=
14,12,PoJdx3lONN60r56itZcIv28/aMw=,jkfk3TfLqsQ1X6xJZiiiUcD1dI4=
14,13,PoJdx3lONN60r56itZcIv28/aMw=,yQ4qq8WCwSnPPcbYqMXd0IgAesA=
14,10,PoJdx3lONN60r56itZcIv28/aMw=,vXDf8qqYsi+r38dDkKUMPz1DqY8=
14,11,PoJdx3lONN60r56itZcIv28/aMw=,itYtkYEEdTZW9mYTquIOeH1hrRM=
14,8,PoJdx3lONN60r56itZcIv28/aMw=,v4eo+Nx4rRWbn/MReMy9J+opH4Y=
14,9,kgvmc3ArLBAIUpLCL5gwoSoktpo=,qyN5BKzd7jgtOUh+szXDCgLt/qw=
14,6,kgvmc3ArLBAIUpLCL5gwoSoktpo=,C01g8U5mHlYuszX+b+FMo2d0qPM=
14,7,kgvmc3ArLBAIUpLCL5gwoSoktpo=,03Xo7LlZ0f/LN2jCjGiJdNMzI+0=
14,4,kgvmc3ArLBAIUpLCL5gwoSoktpo=,eHFkckY5f1M0YNsW8su/wN6qWxU=
14,5,kgvmc3ArLBAIUpLCL5gwoSoktpo=,PEQsglHRwlk4EvR8AZgY2wR4TZo=
14,2,kgvmc3ArLBAIUpLCL5gwoSoktpo=,Jm/1X14u3NXxxuZCmPnou80PGSY=
14,3,kgvmc3ArLBAIUpLCL5gwoSoktpo=,byk9WYK1TavimJUlr2HcZQ6McrQ=
14,0,kgvmc3ArLBAIUpLCL5gwoSoktpo=,j2vziA7XkaQRfhVhKx6XujxZih0=
14,1,kgvmc3ArLBAIUpLCL5gwoSoktpo=,rOze0atFQp5HuREyvENaCEQSK2A=
15,14,kgvmc3ArLBAIUpLCL5gwoSoktpo=,b4nVeKRb2rZzjP3MqopPh5GfBP0=
15,13,kgvmc3ArLBAIUpLCL5gwoSoktpo=,mOcCIlL+DjFZoNikBgp/UdIdc+c=
15,12,kgvmc3ArLBAIUpLCL5gwoSoktpo=,J7sRjT/hEUksVb23zVlz4+zUOC0=
15,11,kgvmc3ArLBAIUpLCL5gwoSoktpo=,p5bOvTLaMxlRwbwdBpqNE+o28WI=
15,10,kgvmc3ArLBAIUpLCL5gwoSoktpo=,p5bOvTLaMxlRwbwdBpqNE+o28WI=
15,9,bLWK07NPbH74A+D91/hj6eKZPDk=,Q832McMeuwBTJHt3Mtax+TE0LGw=
15,8,bLWK07NPbH74A+D91/hj6eKZPDk=,v4eo+Nx4rRWbn/MReMy9J+opH4Y=
15,7,bLWK07NPbH74A+D91/hj6eKZPDk=,chAdPH5feWhIeIUFMpJ6mG2tzIo=
15,6,bLWK07NPbH74A+D91/hj6eKZPDk=,FBmXaHjn3CUUM4tAfix4QoBi39g=
15,5,bLWK07NPbH74A+D91/hj6eKZPDk=,QnBrzOnboD98brX3sjmGElk6lAA=
15,4,bLWK07NPbH74A+D91/hj6eKZPDk=,DiN+AH/ekYoikhmA4sHDGlQGQD0=
15,3,bLWK07NPbH74A+D91/hj6eKZPDk=,fRr2Fly9Jv1Oaq7V5NloYRZ7XQk=
15,2,bLWK07NPbH74A+D91/hj6eKZPDk=,xiNZuDBVqsZr/PYdTTNIuDTKI1Y=
15,1,bLWK07NPbH74A+D91/hj6eKZPDk=,+BAryYoq7FJNsBLRGdHBZBxBJZc=
15,0,bLWK07NPbH74A+D91/hj6eKZPDk=,j2vziA7XkaQRfhVhKx6XujxZih0=
16,0,1t1QA7naCiyr3WzqRAH39Q8uIbw=,BKyVOaqROrEen3DB05N4s8pNomY=
16,1,1t1QA7naCiyr3WzqRAH39Q8uIbw=,BKyVOaqROrEen3DB05N4s8pNomY=
16,2,1t1QA7naCiyr3WzqRAH39Q8uIbw=,BKyVOaqROrEen3DB05N4s8pNomY=
16,3,1t1QA7naCiyr3WzqRAH39Q8uIbw=,BKyVOaqROrEen3DB05N4s8pNomY=
16,4,1t1QA7naCiyr3WzqRAH39Q8uIbw=,BKyVOaqROrEen3DB05N4s8pNomY=
16,5,1t1QA7naCiyr3WzqRAH39Q8uIbw=,BKyVOaqROrEen3DB05N4s8pNomY=
16,6,1t1QA7naCiyr3WzqRAH39Q8uIbw=,BKyVOaqROrEen3DB05N4s8pNomY=
16,7,1t1QA7naCiyr3WzqRAH39Q8uIbw=,BKyVOaqROrEen3DB05N4s8pNomY=
16,8,1t1QA7naCiyr3WzqRAH39Q8uIbw=,XDvB6FBK0mTaw7O3u+sOK1OD6LI=
16,9,1t1QA7naCiyr3WzqRAH39Q8uIbw=,XDvB6FBK0mTaw7O3u+sOK1OD6LI=
16,10,1t1QA7naCiyr3WzqRAH39Q8uIbw=,XDvB6FBK0mTaw7O3u+sOK1OD6LI=
16,11,1t1QA7naCiyr3WzqRAH39Q8uIbw=,XDvB6FBK0mTaw7O3u+sOK1OD6LI=
16,12,1t1QA7naCiyr3WzqRAH39Q8uIbw=,XDvB6FBK0mTaw7O3u+sOK1OD6LI=
16,13,1t1QA7naCiyr3WzqRAH39Q8uIbw=,XDvB6FBK0mTaw7O3u+sOK1OD6LI=
16,14,1t1QA7naCiyr3WzqRAH39Q8uIbw=,XDvB6FBK0mTaw7O3u+sOK1OD6LI=
